State,LGA,Ward,PU Name,PU Delimeter
Benue,Ado,Akpoge/Ogbilolo,"OSUDU, OSUDU PLAY GRD",07-01-01-001
Benue,Ado,Akpoge/Ogbilolo,"OGBILOLO I, OGBILOLO PLAY GRD",07-01-01-002
Benue,Ado,Akpoge/Ogbilolo,"AKPOGE, AKPOGE PLAY GRD",07-01-01-003
Benue,Ado,Akpoge/Ogbilolo,"OTOKILO, OTOKILO PLAY GRD",07-01-01-004
Benue,Ado,Akpoge/Ogbilolo,"OKPATOBOM, OKPATOBOM PLAY GRD",07-01-01-005
Benue,Ado,Akpoge/Ogbilolo,"ONWA, ONWA PLAY GRD",07-01-01-006
Benue,Ado,Akpoge/Ogbilolo,"OKPAKO, OKPAKO PLAY GRD",07-01-01-007
Benue,Ado,Akpoge/Ogbilolo,"OJALLA, MKT SQ.",07-01-01-008
Benue,Ado,Akpoge/Ogbilolo,"AJENOWA, PLAY GRD.",07-01-01-009
Benue,Ado,Akpoge/Ogbilolo,"ONOGWU, PLAY GRD",07-01-01-010
Benue,Ado,Akpoge/Ogbilolo,"ANMETA, PLAY GRD",07-01-01-011
Benue,Ado,Akpoge/Ogbilolo,"UMUEZE KOHA, PLAY GRD",07-01-01-012
Benue,Ado,Akpoge/Ogbilolo,EFOHA PLAY GRD.,07-01-01-013
Benue,Ado,Akpoge/Ogbilolo,"OGBILOLO II, PLAY GRD",07-01-01-014
Benue,Ado,Apa,"METHODIST PRI SCHO I, SCH. COMP. APA",07-01-02-001
Benue,Ado,Apa,"R.C.M. SCH. APA, SCH. COMP",07-01-02-002
Benue,Ado,Apa,APA I MARKET SQ. MARKET SQ.,07-01-02-003
Benue,Ado,Apa,"APA II, OPPOSITE AUSTIN CHEM.",07-01-02-004
Benue,Ado,Apa,"APA III, BY A1-UNZAI PLAY GRD",07-01-02-005
Benue,Ado,Apa,APA IV BY A1-KPACHO BORE HOLE,07-01-02-006
Benue,Ado,Apa,APA OGBOZU MARKET SQ.,07-01-02-007
Benue,Ado,Apa,"OKPODO, PLAY GRD",07-01-02-008
Benue,Ado,Apa,"AZIGBILEDE, PLAY GRD",07-01-02-009
Benue,Ado,Apa,"OKPOBILA, MKT. SQ.",07-01-02-010
Benue,Ado,Apa,"OGEBE, PRI SCH.",07-01-02-011
Benue,Ado,Apa,"UMUEZEOKA, PLAY GRD",07-01-02-012
Benue,Ado,Apa,"IVEISE, PRI. SCH.",07-01-02-013
Benue,Ado,Apa,"NETH. PRIM. SCH. II SCH. COMP, APA",07-01-02-014
Benue,Ado,Apa,"APA, OKLOBA PLAY GROUND",07-01-02-015
Benue,Ado,Apa,ALOKWO PLAY GROUND,07-01-02-016
Benue,Ado,Apa,ONYODUMA PLAY GROUND,07-01-02-017
Benue,Ado,Apa,VICTORY NUR./PRI. SCH. AL-KPACHO,07-01-02-018
Benue,Ado,Apa,"UNITY SQUARE, NEW JERUSALEM",07-01-02-019
Benue,Ado,Apa,"APA, COMM SEC, SCH APA",07-01-02-020
Benue,Ado,Ekile,"OFUNAGA, METH. PRI. SCHOOL",07-01-03-001
Benue,Ado,Ekile,"BY PRIMARY SCHOOL, ATALOA/NDUKABI",07-01-03-002
Benue,Ado,Ekile, AKPOGE PLAY GROUND,07-01-03-003
Benue,Ado,Ekile,"IYOMA I, PLAY GROUND",07-01-03-004
Benue,Ado,Ekile,"BY METH. PRIM. SCH., ONYENE",07-01-03-005
Benue,Ado,Ekile,"NDIGWE, PLAY GROUND",07-01-03-006
Benue,Ado,Ekile,BY PRIM. SCH. NSIDA-NDIGWE,07-01-03-007
Benue,Ado,Ekile,"ODOKEM, PLAY GROUND",07-01-03-008
Benue,Ado,Ekile,METH. PRIM. SCH. ANMEKA EKPUFU,07-01-03-009
Benue,Ado,Ekile,"ANMEKA NSIDA, NDOUOGBASI MKT. SQ",07-01-03-010
Benue,Ado,Ekile,"EGEDE, PLAY GROUND",07-01-03-011
Benue,Ado,Ekile,"ALOMO, PLAY GROUND",07-01-03-012
Benue,Ado,Ekile,"ONOGWU, PLAY GROUND",07-01-03-013
Benue,Ado,Ekile,"IYOMA II, PLAY GROUND",07-01-03-014
Benue,Ado,Igumale I,"L. G. CLINIC I, BY CLINIC PRE. IGUMALE I",07-01-04-001
Benue,Ado,Igumale I,"OTURUKPO, PLAY GROUND",07-01-04-002
Benue,Ado,Igumale I,"OGONGO, PLAY GGROUND",07-01-04-003
Benue,Ado,Igumale I,IGAH PLAY GROUND,07-01-04-004
Benue,Ado,Igumale I,"A1-AMEH, PLAY GROUND",07-01-04-005
Benue,Ado,Igumale I,"OSUKPO, PLAY GROUND",07-01-04-006
Benue,Ado,Igumale I,"OLOKWU, PLAY GROUND",07-01-04-007
Benue,Ado,Igumale I,"OSABO, PLAY GROUND",07-01-04-008
Benue,Ado,Igumale I,"OGBEE, PLAY GROUND",07-01-04-009
Benue,Ado,Igumale I,"L. G. CLINIC II, BY CLINIC PRE. IGUMALE I",07-01-04-010
Benue,Ado,Igumale II,"CAMP. I, MKT. SQ.",07-01-05-001
Benue,Ado,Igumale II,"CAMP II, L. G. DISPENSARY",07-01-05-002
Benue,Ado,Igumale II,"UMU-IGBOKE, PLAY GROUND",07-01-05-003
Benue,Ado,Igumale II,"UJE-UMUEZOKOHA, PLAY GROUND",07-01-05-004
Benue,Ado,Igumale II,"UMENYI, PLAY GROUND",07-01-05-005
Benue,Ado,Igumale II,"ETENYI, MKT SQ.",07-01-05-006
Benue,Ado,Igumale II,"IKPENGBE, PLAY GROUND",07-01-05-007
Benue,Ado,Igumale II,"AKPA VILLAGE, PLAY GROUND",07-01-05-008
Benue,Ado,Igumale II,"MISSION GROUND, PLAY GROUND",07-01-05-009
Benue,Ado,Igumale II,"CAMP III, MKT. SQ.",07-01-05-010
Benue,Ado,Igumale II,WESLEY PRI. SCH. CAMP I,07-01-05-011
Benue,Ado,Igumale II,IT-ITE UMUEZEOKA PLAY GROUND,07-01-05-012
Benue,Ado,Ijigban,"EHAJE, PLAY GROUND",07-01-06-001
Benue,Ado,Ijigban,"IPOLE I, PLAY GROUND",07-01-06-002
Benue,Ado,Ijigban,"OGONGO, PLAY GGROUND",07-01-06-003
Benue,Ado,Ijigban,OBAKOTO METH. PRIM. SCH.,07-01-06-004
Benue,Ado,Ijigban,"EZZA ODUMOKE, L.G.E.A. SCH.",07-01-06-005
Benue,Ado,Ijigban,"ONOGWU, PLAY GROUND",07-01-06-006
Benue,Ado,Ijigban,UDU-UDENYI/NSURA MKT SQ.,07-01-06-007
Benue,Ado,Ijigban,"NDUBAN, PLAY GROUND",07-01-06-008
Benue,Ado,Ijigban,OFFIANKA BY TAX MASTER'S HOUSE,07-01-06-009
Benue,Ado,Ijigban,"ONUEBOR, PLAY GROUND",07-01-06-010
Benue,Ado,Ijigban,ODIREWU/OJOBA PRI. SCH.,07-01-06-011
Benue,Ado,Ijigban,UGBENYUM MKT SQ,07-01-06-012
Benue,Ado,Ijigban,"ANMEKA, PLAY GROUND",07-01-06-013
Benue,Ado,Ijigban,"IPOLE II, PLAY GROUND",07-01-06-014
Benue,Ado,Ijigban,OGWAFIYA LGEA PRI. SCH,07-01-06-015
Benue,Ado,Ijigban,OGENE PLAY GROUND,07-01-06-016
Benue,Ado,Ijigban,NSURA TOWN HALL,07-01-06-017
Benue,Ado,Ijigban,OLECHO PLAY GROUND,07-01-06-018
Benue,Ado,Ijigban,AL-AGBO PLAY GROUND,07-01-06-019
Benue,Ado,Ijigban,OJABA IJE PLAY GROUND,07-01-06-020
Benue,Ado,Ogege,"ST JOSEPH PRIM SCH, UDEBO ORIJO",07-01-07-001
Benue,Ado,Ogege,"UNWEJE/ALOMO RIJO, L.G.E.A. SCH. RIJO",07-01-07-002
Benue,Ado,Ogege,OKWASI PRIM SCHOOL,07-01-07-003
Benue,Ado,Ogege,"UDEBO OGI, PLAY GROUND",07-01-07-004
Benue,Ado,Ogege,ST. MARY'S PRI. SCH.IKPOMOLOKPO,07-01-07-005
Benue,Ado,Ogege,L.G.E.A. PRI. SCH. AYAGA,07-01-07-006
Benue,Ado,Ogege,"OGEDEGI UDEGI, PLAY GROUND",07-01-07-007
Benue,Ado,Ogege,"LGEA PRIM SCH, UDEBO WATUOLO",07-01-07-008
Benue,Ado,Ogege,"AKWACHA, PLAY GROUND",07-01-07-009
Benue,Ado,Ogege,"IKPEYI, PLAY GROUND",07-01-07-010
Benue,Ado,Ogege,"BY DISPENSARY, CAMP WATUOLO",07-01-07-011
Benue,Ado,Ogege,"OLUKPO, PLAY GROUND",07-01-07-012
Benue,Ado,Ogege,"OKPIRIGBE, PLAY GROUND",07-01-07-013
Benue,Ado,Ogege,"ST JOSEPH PRIM SCH II, UDEBO ORIJO",07-01-07-014
Benue,Ado,Ogege,OGI PUBLIC SQUARE,07-01-07-015
Benue,Ado,Ogege,OGI KIGBASUKWU,07-01-07-016
Benue,Ado,Ogege,UDEBO ORIJO TOWN HALL,07-01-07-017
Benue,Ado,Royongo,"UDEBO IGBA, L.G.E.A. PRI. SCH.",07-01-08-001
Benue,Ado,Royongo,"IGBORO, PLAY GROUND",07-01-08-002
Benue,Ado,Royongo,"UNENYIM, PLAY GROUND",07-01-08-003
Benue,Ado,Royongo,"OKETE IGBA, PLAY GROUND",07-01-08-004
Benue,Ado,Royongo,"ST. MARY PRI. SCH. , AMAGALEME",07-01-08-005
Benue,Ado,Royongo,"WUREGGO, PLAY GROUND",07-01-08-006
Benue,Ado,Royongo,"ADOCHI, PLAY GROUND",07-01-08-007
Benue,Ado,Royongo,"UJOL MARKET, MKT SQ.",07-01-08-008
Benue,Ado,Royongo,"UDEBO OJENYO, PLAY GROUND",07-01-08-009
Benue,Ado,Royongo,"IJOKORO, L.G.E.A. PRI. SCH.",07-01-08-010
Benue,Ado,Royongo,"OSILOKO I, MKT. SQ.",07-01-08-011
Benue,Ado,Royongo,"OJIJE, PRI. SCH.",07-01-08-012
Benue,Ado,Royongo,"WURUKPO, PLAY GROUND",07-01-08-013
Benue,Ado,Royongo,"IGEIFE, PLAY GROUND",07-01-08-014
Benue,Ado,Royongo,"IKORO PRI. SCH., PRI. SCH.",07-01-08-015
Benue,Ado,Royongo,"ISILOKO II, MKT. SQ.",07-01-08-016
Benue,Ado,Ukwonyo,UKWONYO WESLEY PRI. SCH. PRI. SCH.,07-01-09-001
Benue,Ado,Ukwonyo,"COUNCIL HALL I, BY COUNCIL HALL",07-01-09-002
Benue,Ado,Ukwonyo,"ONWEGWE, PLAY GROUND",07-01-09-003
Benue,Ado,Ukwonyo,"EFELO, PLAY GROUND",07-01-09-004
Benue,Ado,Ukwonyo,"JAGWUE CLINIC, BY CLINIC",07-01-09-005
Benue,Ado,Ukwonyo,"RETOREKOR, PLAY GROUND",07-01-09-006
Benue,Ado,Ukwonyo,"OJIJE UKWONYO, PLAY GROUND",07-01-09-007
Benue,Ado,Ukwonyo,"ST. PAUL SCH., UTONKON TOWN",07-01-09-008
Benue,Ado,Ukwonyo,OKONOJI/AJODE PLAY GROUND,07-01-09-009
Benue,Ado,Ukwonyo,"ST. PAUL SCH., HAUSA/IDOMA I",07-01-09-010
Benue,Ado,Ukwonyo,"ST. PAUL SCH., HAUSA/IDOMA II",07-01-09-011
Benue,Ado,Ukwonyo,"UDEBO, UKWONYO PRI. SCH.",07-01-09-012
Benue,Ado,Ukwonyo,"EVE, MKT. SQ.",07-01-09-013
Benue,Ado,Ukwonyo,"UKWONYO RICE MILL, BY RICE MILL SQ.",07-01-09-014
Benue,Ado,Ukwonyo,"EVENING MKT., MKT. SQ.",07-01-09-015
Benue,Ado,Ukwonyo,"GOVT. COLLEGE UTONKON, GOVT COLL.",07-01-09-016
Benue,Ado,Ukwonyo,"AGADAGBA, PLAY GROUND",07-01-09-017
Benue,Ado,Ukwonyo,"IKPEYI, PLAY GROUND",07-01-09-018
Benue,Ado,Ukwonyo,"COUNCIL HALL II, BY COUNCIL HALL",07-01-09-019
Benue,Ado,Ukwonyo,NDEMKA PLAY GROUND,07-01-09-020
Benue,Ado,Ulayi,"A1-OGA, PRI. SCHOOL (RCM)",07-01-10-001
Benue,Ado,Ulayi,"EKEBE EIBA, PLAY GROUND",07-01-10-002
Benue,Ado,Ulayi,AMEKA ULAYI PLAY GROUND,07-01-10-003
Benue,Ado,Ulayi,"EKA, PLAY GROUND",07-01-10-004
Benue,Ado,Ulayi,EBERA IPOLE I MKT SQR,07-01-10-005
Benue,Ado,Ulayi,"INIKIRU, MKT. SQ.",07-01-10-006
Benue,Ado,Ulayi,"UMU-ALUMA, PLAY GROUND",07-01-10-007
Benue,Ado,Ulayi,"UMUAWO, OPEN SPACE",07-01-10-008
Benue,Ado,Ulayi,"OGBOLOKUTA, MKT. SQ.",07-01-10-009
Benue,Ado,Ulayi,"ODUM EFFIUM, MKT. SQ.",07-01-10-010
Benue,Ado,Ulayi,"OJEGBE CENTRE, PLAY GROUND",07-01-10-011
Benue,Ado,Ulayi,"EBIA, PRI. SCH.",07-01-10-012
Benue,Ado,Ulayi,ULAYI HEALTH CLINIC (L.G. CLINIC),07-01-10-013
Benue,Ado,Ulayi,"OKPERE, L.G.E.A. SCH.",07-01-10-014
Benue,Agatu,Egba,AILA PRI. SCH. AILA,07-02-01-001
Benue,Agatu,Egba,"AILA MKT SQ. I, AILA CENTRE",07-02-01-002
Benue,Agatu,Egba,"AILA MKT SQ. II, AILA CENTRE",07-02-01-003
Benue,Agatu,Egba,"EGBA PLAY GROUND, EGBA CENTRE",07-02-01-004
Benue,Agatu,Egba,"EGBA PRI. SCH., EGBA EAST",07-02-01-005
Benue,Agatu,Egba,EDEJE PRI. SCH. EDEJE VILLAGE,07-02-01-006
Benue,Agatu,Egba,OMIKWIDI PRI. SCH. OMIKWIDI,07-02-01-007
Benue,Agatu,Egba,ADAGBO MKT. SQ. ADAGBO,07-02-01-008
Benue,Agatu,Egba,ADUGBE PRIM SCH - ADUGBE SOUTH,07-02-01-009
Benue,Agatu,Egba,ADUGBE PLAY GROUND - ADUGBE CENTRE,07-02-01-010
Benue,Agatu,Egba,"INMINYI, PRI. SCH.",07-02-01-011
Benue,Agatu,Egba,"ADANA, PRI. SCH., ADANA TOWN",07-02-01-012
Benue,Agatu,Egba,"OLEGEJE, PLAY GROUND",07-02-01-013
Benue,Agatu,Egba,AILA PRIMARY SCHOOL II,07-02-01-014
Benue,Agatu,Egba,AILA MARKET SQUARE I - ETUGEHA CENTRE,07-02-01-015
Benue,Agatu,Egba,ADAGBO PRIMARY SCHOOL,07-02-01-016
Benue,Agatu,Enungba,ENUNGBA PRI. SCHOOL,07-02-02-001
Benue,Agatu,Enungba,"ENUNGBA, PLAY GROUND ",07-02-02-002
Benue,Agatu,Enungba,"OGBANGEDE, PLAY GROUND",07-02-02-003
Benue,Agatu,Enungba,ENICHA PLAY GROUND,07-02-02-004
Benue,Agatu,Enungba,"ENGILA, PLAY GROUND",07-02-02-005
Benue,Agatu,Enungba,"ELLO, PLAY GROUND",07-02-02-006
Benue,Agatu,Enungba,"ICHOGOLOWU, PLAY GROUND",07-02-02-007
Benue,Agatu,Enungba,ENUNGBA PLAY GROUND II,07-02-02-008
Benue,Agatu,Enungba,OGBANGEDE PRIMARY SCHOOL,07-02-02-009
Benue,Agatu,Enungba,"ICHOGOLUWU, PRIMARY SCHOOL",07-02-02-010
Benue,Agatu,Obagaji,OBAGAJI OLD MKT I - HAUSA QTRS.,07-02-03-001
Benue,Agatu,Obagaji,"OBAGAJI OLD MKT II, - OLD MKT.",07-02-03-002
Benue,Agatu,Obagaji,"OBAGAJI, PRI. SCHOOL I",07-02-03-003
Benue,Agatu,Obagaji,"OBAGAJI, PLAY GROUND",07-02-03-004
Benue,Agatu,Obagaji,"OBAGAJI, NEW MKT. I",07-02-03-005
Benue,Agatu,Obagaji,OLECHOLOGBA PRI SCHOOL I,07-02-03-006
Benue,Agatu,Obagaji,OLAGBA PRI. SCH. GISHU,07-02-03-007
Benue,Agatu,Obagaji,"OBISHU, PRI. SCH.",07-02-03-008
Benue,Agatu,Obagaji,"INOLI-OLEGBECHONO, PLAY GROUND",07-02-03-009
Benue,Agatu,Obagaji,OLEGOCHEPO PLAY GROUND,07-02-03-010
Benue,Agatu,Obagaji,OLOCHOLOGBA PRI SCHOOL II,07-02-03-011
Benue,Agatu,Obagaji,OBAGAJI NEW MKT II,07-02-03-012
Benue,Agatu,Obagaji,OBAGAJI OLD MKT II,07-02-03-013
Benue,Agatu,Obagaji,OBAGAJI OLD MKT SQUARE III,07-02-03-014
Benue,Agatu,Obagaji,ABATA OPEN SPACE,07-02-03-015
Benue,Agatu,Obagaji,OPEN SPACE ONGBABO UJI,07-02-03-016
Benue,Agatu,Obagaji,OTUKPO ROAD OPEN SPACE PRIMARY SCHOOL - OGBAJI,07-02-03-017
Benue,Agatu,Obagaji,OBAGAJI NEW MARKET SQUARE I - ONCHALLE OCHEBUTELE,07-02-03-018
Benue,Agatu,Obagaji,OLE-GOGA OPEN SPACE,07-02-03-019
Benue,Agatu,Obagaji,NEW MARKET SQUARE II - OBAGAJI OBALI CENTRE,07-02-03-020
Benue,Agatu,Odugbeho,ODUGBEHO PRI. SCH.,07-02-04-001
Benue,Agatu,Odugbeho,ODUGBEHO MKT. SQ.,07-02-04-002
Benue,Agatu,Odugbeho,UGBOJU PRI. SCH.,07-02-04-003
Benue,Agatu,Odugbeho,ODEJO PLAY GROUND,07-02-04-004
Benue,Agatu,Odugbeho,ODUGBEHO PRIMARY SCHOOL - OLEGOBIDU,07-02-04-005
Benue,Agatu,Odugbeho,ODUGBEHO MARKET SQUARE - SABBON GARI,07-02-04-006
Benue,Agatu,Ogbaulu,OGBAULU PLAY GROUND,07-02-05-001
Benue,Agatu,Ogbaulu,OGBAULU PRIMARY SCHOOL,07-02-05-002
Benue,Agatu,Ogbaulu,OGBAULU MARKET SQUARE,07-02-05-003
Benue,Agatu,Ogbaulu,OLEGA BULU PLAY GROUND,07-02-05-004
Benue,Agatu,Ogbaulu,OKPEGWA PLAY GROUND,07-02-05-005
Benue,Agatu,Ogwule-Kaduna,OGWULE-KADUNA PRI. SCH.,07-02-06-001
Benue,Agatu,Ogwule-Kaduna,OGWULE-KADUNA PLAY GROUND,07-02-06-002
Benue,Agatu,Ogwule-Kaduna,OGWULE-UGBOKPO PRI. SCH.,07-02-06-003
Benue,Agatu,Ogwule-Kaduna,OKPANCHENYI PRI. SCH.,07-02-06-004
Benue,Agatu,Ogwule-Kaduna,AKELE PLAY GROUND,07-02-06-005
Benue,Agatu,Ogwule-Kaduna,EKWO/OKADU (EKWO PLAY GROUND),07-02-06-006
Benue,Agatu,Ogwule-Kaduna,"OGWULE KADUNA, PRIMARY HEALTH CARE CENTRE",07-02-06-007
Benue,Agatu,Ogwule-Kaduna,OLEGENTONU PLAY GROUND,07-02-06-008
Benue,Agatu,Ogwule-Kaduna,OKPANCHENYI PLAYGROUND,07-02-06-009
Benue,Agatu,Ogwule-Kaduna,OKADU MARKET SQUARE,07-02-06-010
Benue,Agatu,Ogwule Ogbaulu,OGWULE-OGBAULU PRI. SCH. I,07-02-07-001
Benue,Agatu,Ogwule Ogbaulu,OGWULE-OGBAULU PLAY GROUND,07-02-07-002
Benue,Agatu,Ogwule Ogbaulu,OGWULE-ANKPA PRI. SCH.,07-02-07-003
Benue,Agatu,Ogwule Ogbaulu,OKPAGABI PRI. SCH.,07-02-07-004
Benue,Agatu,Ogwule Ogbaulu,IBADO PRI. SCH.,07-02-07-005
Benue,Agatu,Ogwule Ogbaulu,EGWUMA PRI. SCH.,07-02-07-006
Benue,Agatu,Ogwule Ogbaulu,AJOMACHI PLAY GROUND,07-02-07-007
Benue,Agatu,Ogwule Ogbaulu,OLEGBANE PRI. SCH.,07-02-07-008
Benue,Agatu,Ogwule Ogbaulu,OKWU TANOBE MKT. SQ.,07-02-07-009
Benue,Agatu,Ogwule Ogbaulu,OGBEIGOBA/JERUSALEM (AT OGBEIGOBA P/G),07-02-07-010
Benue,Agatu,Ogwule Ogbaulu,OGWULE-OGBAULU PRI. SCH. II,07-02-07-011
Benue,Agatu,Ogwule Ogbaulu,EGWUMA PLAYGROUND OPEN SPACE,07-02-07-012
Benue,Agatu,Ogwule Ogbaulu,OGWULE OGBAULU PRIMARY SCHOOL II OPEN SPACE,07-02-07-013
Benue,Agatu,Okokolo,OKOKOLO PRI. SCH. I,07-02-08-001
Benue,Agatu,Okokolo,OKOKOLO PRI. SCH. II,07-02-08-002
Benue,Agatu,Okokolo,OKOKOLO MARKET SQUARE,07-02-08-003
Benue,Agatu,Okokolo,AKWU PRIAMRY SCHOOL (AKWU WEST),07-02-08-004
Benue,Agatu,Okokolo,AKWU PLAY GROUND,07-02-08-005
Benue,Agatu,Okokolo,AKPEKE PRIMARY SCHOOL,07-02-08-006
Benue,Agatu,Okokolo,OCHOLONYA PRIMARY SCHOOL,07-02-08-007
Benue,Agatu,Okokolo,BANZU OPEN SPACE,07-02-08-008
Benue,Agatu,Oshigbudu,OSHIGBUDU PRIM. SCH. I,07-02-09-001
Benue,Agatu,Oshigbudu,OSHIGBUDU PRIM. SCH. II,07-02-09-002
Benue,Agatu,Oshigbudu,AYELE PRIM. SCH.,07-02-09-003
Benue,Agatu,Oshigbudu,ENOGAJE PRIM. SCH.,07-02-09-004
Benue,Agatu,Oshigbudu,ATAKPA PRIM. SCH.,07-02-09-005
Benue,Agatu,Oshigbudu,IGOJE PRIMARY SCHOOL CENTER,07-02-09-006
Benue,Agatu,Oshigbudu,ATAKPA PRIMARY SCHOOL II ATAKPA,07-02-09-007
Benue,Agatu,Usha,USHA PLAY GROUND,07-02-10-001
Benue,Agatu,Usha,USHA PRIM. SCH.,07-02-10-002
Benue,Agatu,Usha,USHA MKT. SQ.,07-02-10-003
Benue,Agatu,Usha,OGWUMOGBO PRIM. SCH.,07-02-10-004
Benue,Agatu,Usha,IKPELE PRIM. SCH.,07-02-10-005
Benue,Agatu,Usha,OGWUFA PLAY GROUND,07-02-10-006
Benue,Agatu,Usha,OWETO PLAY GROUND,07-02-10-007
Benue,Agatu,Usha,UTUGOLUGWU PRI. SCHOOL,07-02-10-008
Benue,Agatu,Usha,EBETE PRIM. SCH.,07-02-10-009
Benue,Agatu,Usha,IGA-GISHU PLAY GROUND,07-02-10-010
Benue,Agatu,Usha,OGAM PLAY GROUND,07-02-10-011
Benue,Agatu,Usha,WARRI PLAY GROUND,07-02-10-012
Benue,Agatu,Usha,OLEGI-NAIGWU PLAYGROUND - USHA,07-02-10-013
Benue,Agatu,Usha,EJUMA PRIMARY SCHOOL EJUMA - GECHE,07-02-10-014
Benue,Agatu,Usha,IKPELE GOCHI PRIMARY SCHOOL,07-02-10-015
Benue,Agatu,Usha,OCHELEFU PLAYGROUND OWETO,07-02-10-016
Benue,Agatu,Usha,WARRI PRIMARY SCHOOL,07-02-10-017
Benue,Apa,Akpete/Ojantelle,"OJANTELLE, MARKET SQUARE I",07-03-01-001
Benue,Apa,Akpete/Ojantelle,"OJANTELLE, MARKET SQUARE II",07-03-01-002
Benue,Apa,Akpete/Ojantelle,"OJANTELLE, METHO. PRIMARY SCHOOL",07-03-01-003
Benue,Apa,Akpete/Ojantelle,AKPETE MARKET SQUARE,07-03-01-004
Benue,Apa,Akpete/Ojantelle,JOS/AKPETE OPEN SPACE,07-03-01-005
Benue,Apa,Akpete/Ojantelle,ASABA PLAY GROUND,07-03-01-006
Benue,Apa,Akpete/Ojantelle,OMELEMU PLAY GROUND,07-03-01-007
Benue,Apa,Akpete/Ojantelle,ATAGANYI PRIMARY SCHOOL,07-03-01-008
Benue,Apa,Akpete/Ojantelle,ATAGANYI OPEN SPACE,07-03-01-009
Benue,Apa,Akpete/Ojantelle,OJANTALLE NEW MARKET SQUARE,07-03-01-010
Benue,Apa,Auke,AUKE-IGERI PLAY GROUND,07-03-02-001
Benue,Apa,Auke,AUKE-IBADO PLAY GROUND,07-03-02-002
Benue,Apa,Auke,OGEDE - OPEN SPACCE,07-03-02-003
Benue,Apa,Auke,AKPOLOKO/OLOCHEKWU OPEN SPACE,07-03-02-004
Benue,Apa,Auke,OLOCHEKWU PLAY GROUND,07-03-02-005
Benue,Apa,Auke,"LGEA PRI. SCHOOL, AIJA",07-03-02-006
Benue,Apa,Auke,AUKE - IBADO OPEN SPACE,07-03-02-007
Benue,Apa,Edikwu I,UKPOGO PRIM. SCHOOL,07-03-03-001
Benue,Apa,Edikwu I,UKPOGO OPEN SPACE,07-03-03-002
Benue,Apa,Edikwu I,IKPAMPU II OLOCHWUNU PLAY GROUND,07-03-03-003
Benue,Apa,Edikwu I,OJECHO PLAY GROUND,07-03-03-004
Benue,Apa,Edikwu I,EDIKWU ICHO PRIM. SCH.,07-03-03-005
Benue,Apa,Edikwu I,OKWIJI OPEN SPACE,07-03-03-006
Benue,Apa,Edikwu I,OLADOGA OPEN SPACE,07-03-03-007
Benue,Apa,Edikwu I,EDIKWU-ICHO OPEN SPAE,07-03-03-008
Benue,Apa,Edikwu I,IJAHA OPEN SPACE,07-03-03-009
Benue,Apa,Edikwu I,LGEA PRI. SCH. EDIKWU-OLIJAMU,07-03-03-010
Benue,Apa,Edikwu I,LGEA PRI. SCHOOL ANGWA,07-03-03-011
Benue,Apa,Edikwu II,ODUGBO PRIM. SCHOOL,07-03-04-001
Benue,Apa,Edikwu II,ODUGBO PLAY GROUND,07-03-04-002
Benue,Apa,Edikwu II,OBINDA PRIM. SCHOOL,07-03-04-003
Benue,Apa,Edikwu II,OPAHA PRIM. SCHOOL,07-03-04-004
Benue,Apa,Edikwu II,ANKPALI PRIMARY SCHOOL,07-03-04-005
Benue,Apa,Edikwu II,ANKPALI OPEN SPACE,07-03-04-006
Benue,Apa,Edikwu II,OLEKELE PRIM. SCHOOL,07-03-04-007
Benue,Apa,Edikwu II,EBUGODO OPEN SPACE,07-03-04-008
Benue,Apa,Edikwu II,ODUGBO OPEN SPACE,07-03-04-009
Benue,Apa,Edikwu II,"OPPOSITE PRY HEALTH CENTRE, OPAHA",07-03-04-010
Benue,Apa,Igah-Okpaya,IGAH-OKPAYA MKT. SQR. I,07-03-05-001
Benue,Apa,Igah-Okpaya,IGAH-OKPAYA MKT. SQR. II,07-03-05-002
Benue,Apa,Igah-Okpaya,IGAH-OKPAYA MOTOR PARK,07-03-05-003
Benue,Apa,Igah-Okpaya,IGAH METH. PRIM. SCHOOL,07-03-05-004
Benue,Apa,Igah-Okpaya,IGAH-ACHEMA OPEN SPACE,07-03-05-005
Benue,Apa,Igah-Okpaya,OCHEKELE PLAY GROUND,07-03-05-006
Benue,Apa,Igah-Okpaya,L.G.E.A. PRIM. SCHOOL IGA-OKPAYA,07-03-05-007
Benue,Apa,Igah-Okpaya,OKPOKWU PLAY GROUND,07-03-05-008
Benue,Apa,Igah-Okpaya,IGAH-OLOGBECHE PLAY GROUND,07-03-05-009
Benue,Apa,Igah-Okpaya,IGAH-OKPAYA PLAY GROUND,07-03-05-010
Benue,Apa,Igah-Okpaya,TOWH HALL IGAH-OKPAYA,07-03-05-011
Benue,Apa,Igah-Okpaya,IGAH-OKPAYA COMP. HEALTH CENTRE.,07-03-05-012
Benue,Apa,Igoro ,OCHICHI MARKET SQUARE,07-03-06-001
Benue,Apa,Igoro ,OCHICHI AJI OPEN SPACE,07-03-06-002
Benue,Apa,Igoro ,IMANA OPEN SPACE,07-03-06-003
Benue,Apa,Igoro ,IJEGE PLAY GROUND,07-03-06-004
Benue,Apa,Igoro ,IKADUNA PLAY GROUND,07-03-06-005
Benue,Apa,Igoro ,IGORO PRIM. SCHOOL,07-03-06-006
Benue,Apa,Igoro ,OLOJO-OTUGUGWU PLAY GROUND,07-03-06-007
Benue,Apa,Igoro ,ALAJA/OPANDA MARKET SQUARE,07-03-06-008
Benue,Apa,Igoro ,OKPAKACHI PRIMARY SCHOOL,07-03-06-009
Benue,Apa,Igoro ,LGEA PRIMARY SCHOOL OGNONOKO,07-03-06-010
Benue,Apa,Ikobi,IKOBI CATH. PRIM. SCH.,07-03-07-001
Benue,Apa,Ikobi,IKOBI PRIM. SCHOOL,07-03-07-002
Benue,Apa,Ikobi,OLUGWU PLAY GROUND,07-03-07-003
Benue,Apa,Ikobi,OLOKE PRIM. SCHOOL,07-03-07-004
Benue,Apa,Ikobi,IJAHA PRIM. SCHOOL,07-03-07-005
Benue,Apa,Ikobi,UGBOBI PRIM. SCHOOL,07-03-07-006
Benue,Apa,Ikobi,IMANA PRIM. SCHOOL,07-03-07-007
Benue,Apa,Ikobi,OLOGBO PRIM. SCHOOL,07-03-07-008
Benue,Apa,Ikobi,OPE MARKET SQUARE,07-03-07-009
Benue,Apa,Ikobi,ENEMUNU PLAY GROUND,07-03-07-010
Benue,Apa,Ikobi,OLEGONCHA OLEGEE OPEN SPACE,07-03-07-011
Benue,Apa,Ikobi,"LGEA PRI. SCH., AKPANTA",07-03-07-012
Benue,Apa,Oba,ATAKPA PRIM. SCHOOL,07-03-08-001
Benue,Apa,Oba,OKPENE PRIM. SCHOOL,07-03-08-002
Benue,Apa,Oba,AKPANIHO PRIM. SCHOOL,07-03-08-003
Benue,Apa,Oba,AJIBE-AHAJE PLAY GROUND,07-03-08-004
Benue,Apa,Oba,OLADU PRIM. SCHOOL,07-03-08-005
Benue,Apa,Oba,EKLA PRIM. SCHOOL,07-03-08-006
Benue,Apa,Oba,OBA PRIM. SCHOOL,07-03-08-007
Benue,Apa,Oba,ALIFETI PRIM. SCHOOL,07-03-08-008
Benue,Apa,Oba,ALIFETI OPEN SPACE,07-03-08-009
Benue,Apa,Oba,OBA OPEN SPACE,07-03-08-010
Benue,Apa,Ofoke,OFOKE PRIM. SCHOOL,07-03-09-001
Benue,Apa,Ofoke,OFOKE MARKET SQUARE,07-03-09-002
Benue,Apa,Ofoke,OLE-AKOMONYE OPEN SPACE,07-03-09-003
Benue,Apa,Ofoke,OLITODO OPEN SPACE,07-03-09-004
Benue,Apa,Ofoke,OGODO OPEN SPACE,07-03-09-005
Benue,Apa,Ofoke,OFOKE PLAY GROUND,07-03-09-006
Benue,Apa,Ofoke,AMOKE PRIM SCHOOL,07-03-09-007
Benue,Apa,Ofoke,OLUFINE OPEN SPACE,07-03-09-008
Benue,Apa,Ofoke,IKOR PLAY GROUND,07-03-09-009
Benue,Apa,Ofoke,"ST. JOHN SEC. SCHOOL, AMOKE",07-03-09-010
Benue,Apa,Ofoke,IKOR OPEN SPACE,07-03-09-011
Benue,Apa,Ofoke,LGEA PRIMARY SCH. OLOJO-OKWOJIA,07-03-09-012
Benue,Apa,Oiji,OIJI PRIM. SCHOOL,07-03-10-001
Benue,Apa,Oiji,OIJI PLAY GROUND,07-03-10-002
Benue,Apa,Oiji,OIJI OPEN SPACE,07-03-10-003
Benue,Apa,Oiji,IDADA PRIM. SCHOOL,07-03-10-004
Benue,Apa,Oiji,IDADA PLAY GROUND,07-03-10-005
Benue,Apa,Oiji,IJOSI PRIM. SCHOOL,07-03-10-006
Benue,Apa,Oiji,IJOSI OPEN SPACE,07-03-10-007
Benue,Apa,Oiji,"ANGLICAN PRI. SCH., OIJI",07-03-10-008
Benue,Apa,Oiji,"GRADE I AREA COURT, OIJI",07-03-10-009
Benue,Apa,Ugbokpo,ROAD BLOCK,07-03-11-001
Benue,Apa,Ugbokpo,UGBOKPO MKT. SQR. I,07-03-11-002
Benue,Apa,Ugbokpo,UGBOKPO MKT. SQR. II,07-03-11-003
Benue,Apa,Ugbokpo,UGBOKPO MOTOR PARK,07-03-11-004
Benue,Apa,Ugbokpo,UGBOKPO PRIM. SCHOOL,07-03-11-005
Benue,Apa,Ugbokpo,GSS UGBOKPO OPEN SPACE,07-03-11-006
Benue,Apa,Ugbokpo,ADIJA OPEN SPACE,07-03-11-007
Benue,Apa,Ugbokpo,R.C.M. OCHUMEKWU,07-03-11-008
Benue,Apa,Ugbokpo,IJAHA PLAY GROUND,07-03-11-009
Benue,Apa,Ugbokpo,BENIN/KANO PLAY GROUND,07-03-11-010
Benue,Apa,Ugbokpo,KANO PLAY GROUND,07-03-11-011
Benue,Apa,Ugbokpo,METHODIST HIGH SCH. UGBOKPO,07-03-11-012
Benue,Apa,Ugbokpo,AGBOGO OPEN SPACE,07-03-11-013
Benue,Apa,Ugbokpo,OGBEIGBOBA OPEN SPACE,07-03-11-014
Benue,Apa,Ugbokpo,AKPULUKA OPEN SPACE,07-03-11-015
Benue,Apa,Ugbokpo,OLOKWU OPEN SPACE,07-03-11-016
Benue,Apa,Ugbokpo,GRACE OF GOD OPEN SPACE,07-03-11-017
Benue,Apa,Ugbokpo,LOCAL GOVERNMENT SECRETARIAL OPEN SPACE,07-03-11-018
Benue,Apa,Ugbokpo,LGEA QUARTERS OPEN SPACE,07-03-11-019
Benue,Apa,Ugbokpo,"LGEA PRIMARY SCHOOL, ADIJA",07-03-11-020
Benue,Apa,Ugbokpo,OCHUMEKWU PLAY GROUND,07-03-11-021
Benue,Buruku,Binev,"LGEA SCHOOL, AGUDU",07-04-01-001
Benue,Buruku,Binev,"LGEA SCHOOL, SUE",07-04-01-002
Benue,Buruku,Binev,"LGEA SCHOOL, IGYU",07-04-01-003
Benue,Buruku,Binev,"LGEA SCHOOL, IORZA",07-04-01-004
Benue,Buruku,Binev,"LGEA SCHOOL, HAA",07-04-01-005
Benue,Buruku,Binev,"LGEA SCHOOL, WUNA",07-04-01-006
Benue,Buruku,Binev,"ANGLICAN PRI. SCHOOL, TYOAMBIR",07-04-01-007
Benue,Buruku,Binev,TSE BUKENG VILLAGE,07-04-01-008
Benue,Buruku,Binev,"AGUVE VILLAGE, MBAYEGH OPEN SPACE",07-04-01-009
Benue,Buruku,Binev,TAFI MARKET SQUARE,07-04-01-010
Benue,Buruku,Binev,LGEA SCHOOL BUTER,07-04-01-011
Benue,Buruku,Binev,GBOR MARKET SQUARE,07-04-01-012
Benue,Buruku,Binev,"LGEA SCHOOL, YARKWAN",07-04-01-013
Benue,Buruku,Binev,TYOGBENDA WOMBO MARKET SQUARE,07-04-01-014
Benue,Buruku,Binev,"LGEA SCHOOL, GBANYAM ",07-04-01-015
Benue,Buruku,Binev,"LGEA SCHOOL, SEV-AV",07-04-01-016
Benue,Buruku,Binev,"LGEA SCHOOL, UGERE",07-04-01-017
Benue,Buruku,Binev,AKYANGBA MARKET SQUARE,07-04-01-018
Benue,Buruku,Binev,GBAAM NURS & PRIMARY SCHOOL,07-04-01-019
Benue,Buruku,Binev,LGEA SCH UDWER,07-04-01-020
Benue,Buruku,Binev,LGEA SCH NYOR,07-04-01-021
Benue,Buruku,Binev,"OPEN SPACE NR RCM CHURCH, ANGENA ",07-04-01-022
Benue,Buruku,Binev,"MBAKYUNDU NUR PRI SCH, ORTESE MBASHIIAN",07-04-01-023
Benue,Buruku,Binev,DOGO MKT SQR,07-04-01-024
Benue,Buruku,Etulo,REHOBOTH GREATER GLORY SCHOOL ANGWAUJE,07-04-02-001
Benue,Buruku,Etulo,RICE MILL MARKET SQUARE OGILAZI,07-04-02-002
Benue,Buruku,Etulo,AGBOU NURSERY PRIMARY SCHOOL UNDA,07-04-02-003
Benue,Buruku,Etulo,"ATTA SEC. SCHOOL, ADI I",07-04-02-004
Benue,Buruku,Etulo,"ATTA SEC. SCHOOL, ADI II",07-04-02-005
Benue,Buruku,Etulo,"LGEA SCHOOL, ABAKWA",07-04-02-006
Benue,Buruku,Etulo,"COMMUNITY PRI. SCHOOL, ABAKWA",07-04-02-007
Benue,Buruku,Etulo,ADI MARKET SQAURE I,07-04-02-008
Benue,Buruku,Etulo,ADI MARKET SQAURE II,07-04-02-009
Benue,Buruku,Etulo,"LGEA SCHOOL, DAMKOR",07-04-02-010
Benue,Buruku,Etulo,"LGEA SCHOOL, AKAWA",07-04-02-011
Benue,Buruku,Etulo,AREA 1 MARKET SQUARE OGILAZI,07-04-02-012
Benue,Buruku,Etulo,"COMMUNITY SEC. SCHOOL, OGURUBE",07-04-02-013
Benue,Buruku,Etulo,NEAR SIKI COMPOUND - ETULO,07-04-02-014
Benue,Buruku,Etulo,ILIM MKT SQR,07-04-02-015
Benue,Buruku,Etulo,"UBE JSS, OGURUBE",07-04-02-016
Benue,Buruku,Etulo,MANDELA MKT SQR,07-04-02-017
Benue,Buruku,Mbaade,NEAR TSE TSUE COMP. I - MBAGBUM,07-04-03-001
Benue,Buruku,Mbaade,"LGEA SCHOOL, TOFI I",07-04-03-002
Benue,Buruku,Mbaade,"LGEA SCHOOL, TOFI II",07-04-03-003
Benue,Buruku,Mbaade,"LGEA SCHOOL, ANGOUGH",07-04-03-004
Benue,Buruku,Mbaade,MBAKUMSHI SETTLEMENT,07-04-03-005
Benue,Buruku,Mbaade,AKUME MARKET SQUARE,07-04-03-006
Benue,Buruku,Mbaade,"LGEA SCHOOL, TYOUGH I",07-04-03-007
Benue,Buruku,Mbaade,"LGEA SCHOOL, TYOUGH II",07-04-03-008
Benue,Buruku,Mbaade,NEAR TSE TSUE COMP. II - MBAGBUM,07-04-03-009
Benue,Buruku,Mbaade,"LGEA SCH, GUDU",07-04-03-010
Benue,Buruku,Mbaade,ANIMA MKT SQR,07-04-03-011
Benue,Buruku,Mbaade,JOV GBENDA MKT SQR,07-04-03-012
Benue,Buruku,Mbaade,ASAWA MKT SQR,07-04-03-013
Benue,Buruku,Mbaakura,NEAR JIAGWEI ADAMGBE COMP. - MBALEVA,07-04-04-001
Benue,Buruku,Mbaakura,NEAR TSE NDYORHWER COMP. - MBALEVA,07-04-04-002
Benue,Buruku,Mbaakura,"LGEA SCHOOL , ABWA I",07-04-04-003
Benue,Buruku,Mbaakura,ONKASEV MARKET SQUARE,07-04-04-004
Benue,Buruku,Mbaakura,"LGEA SCHOOL, SOKPO",07-04-04-005
Benue,Buruku,Mbaakura,ANGBAGBONGUM MARKET SQUARE,07-04-04-006
Benue,Buruku,Mbaakura,UGBEMA MKT.SQUARE I,07-04-04-007
Benue,Buruku,Mbaakura,UGBEMA MKT. SQUARE II,07-04-04-008
Benue,Buruku,Mbaakura,ADUGH TYUMBE MARKET SQUARE,07-04-04-009
Benue,Buruku,Mbaakura,GBELEVE MARKET SQUARE,07-04-04-010
Benue,Buruku,Mbaakura,NEAR TSE HOM AVAAN I,07-04-04-011
Benue,Buruku,Mbaakura,NEAR TSE HOM AVAAN II,07-04-04-012
Benue,Buruku,Mbaakura,ACHIHA MARKET SQUARE,07-04-04-013
Benue,Buruku,Mbaakura,"LGEA SCHOOL, TSE -ALU",07-04-04-014
Benue,Buruku,Mbaakura,NEAR TSE IVAMBE COMP. - MBALEVA,07-04-04-015
Benue,Buruku,Mbaakura,ALAGHA VILLAGE-OPEN SPACE,07-04-04-016
Benue,Buruku,Mbaakura,TYOGBENDA BOOGER MKT  SQR,07-04-04-017
Benue,Buruku,Mbaakura,"OPEN SPACE NR TSE BAI, MBAMSOLOM",07-04-04-018
Benue,Buruku,Mbaakura,NR TSE AGBERAGBA COMP-MBALEVA,07-04-04-019
Benue,Buruku,Mbaakura,OPEN SPACE NR TSE AKPONGO,07-04-04-020
Benue,Buruku,Mbaakura,"DANIELLA DIVINE GRACE NUR PRI SCH, ABWA",07-04-04-021
Benue,Buruku,Mbaakura,"TOM GERALD NUR PRI SCH, UGBEMA",07-04-04-022
Benue,Buruku,Mbaapen,TOMAHAR MARKET SQUARE I,07-04-05-001
Benue,Buruku,Mbaapen,TOMAHAR MARKET SQUARE II,07-04-05-002
Benue,Buruku,Mbaapen,OR-EL MARKET SQUARE,07-04-05-003
Benue,Buruku,Mbaapen,TSEGHE MARKET SQUARE,07-04-05-004
Benue,Buruku,Mbaapen,ORTESE MARKET SQUARE I,07-04-05-005
Benue,Buruku,Mbaapen,ORTESE MARKET SQUARE II,07-04-05-006
Benue,Buruku,Mbaapen,"LGEA SCHOOL, MBAVIHIN",07-04-05-007
Benue,Buruku,Mbaapen,ANYIASE MARKET SQUARE,07-04-05-008
Benue,Buruku,Mbaapen,KUR MARKET SQUARE I,07-04-05-009
Benue,Buruku,Mbaapen,KUR MARKET SQUARE II,07-04-05-010
Benue,Buruku,Mbaapen,"LGEA SCHOOL, TAHAV I",07-04-05-011
Benue,Buruku,Mbaapen,"LGEA SCHOOL, IMENGER",07-04-05-012
Benue,Buruku,Mbaapen,"LGEA SCHOOL, ISHAN",07-04-05-013
Benue,Buruku,Mbaapen,"LGEA SCHOOL, AKURA",07-04-05-014
Benue,Buruku,Mbaapen,NEGE MARKET SQUARE I,07-04-05-015
Benue,Buruku,Mbaapen,NEGE MARKET SQUARE II,07-04-05-016
Benue,Buruku,Mbaapen,"LGEA SCHOOL, AYUGHTSE",07-04-05-017
Benue,Buruku,Mbaapen,BURUKU MARKET SQUARE,07-04-05-018
Benue,Buruku,Mbaapen,OPP.BURUKU POLICE STATION ,07-04-05-019
Benue,Buruku,Mbaapen,"LGEA SCHOOL , FEFA",07-04-05-020
Benue,Buruku,Mbaapen,TYOGBENDA MBAJOR MARKET SQUARE I,07-04-05-021
Benue,Buruku,Mbaapen,TYOGBENDA MBAJOR MARKET SQUARE II,07-04-05-022
Benue,Buruku,Mbaapen,"AGRIC TRAINING CENTRE, MBATIE",07-04-05-023
Benue,Buruku,Mbaapen,YASAR  MARKET  SQUARE,07-04-05-024
Benue,Buruku,Mbaapen,"LGEA  SCHOOL, ISHOM",07-04-05-025
Benue,Buruku,Mbaapen,"LGEA SCHOOL, TORGEMA",07-04-05-026
Benue,Buruku,Mbaapen,UBANGAJI MK SQR,07-04-05-027
Benue,Buruku,Mbaapen,"LGEA SCH, IANNA",07-04-05-028
Benue,Buruku,Mbaapen,"TOMBO COMM SEC SCH, BURUKU",07-04-05-029
Benue,Buruku,Mbaapen,"PLAY GROUND NR NKST CHURCH, ACHAKU",07-04-05-030
Benue,Buruku,Mbaapen,HON MKT SQR,07-04-05-031
Benue,Buruku,Mbaapen,GBAJAH  MKT SQR,07-04-05-032
Benue,Buruku,Mbaatirkyaa,"ANG.PRI.SCHOOL, UGANGESE",07-04-06-001
Benue,Buruku,Mbaatirkyaa,"LGEA SCHOOL, AKURAGA",07-04-06-002
Benue,Buruku,Mbaatirkyaa,JINGIR MARKET SQUARE,07-04-06-003
Benue,Buruku,Mbaatirkyaa,"LGEA SCHOOL, AMINDE",07-04-06-004
Benue,Buruku,Mbaatirkyaa,IMENDE MARKET SQUARE,07-04-06-005
Benue,Buruku,Mbaatirkyaa,"LGEA SCHOOL, AKAANYA",07-04-06-006
Benue,Buruku,Mbaatirkyaa,"LGEA SCHOOL, INYOM",07-04-06-007
Benue,Buruku,Mbaatirkyaa,JABI NUSERY AND PRIMARY SCHOOL,07-04-06-008
Benue,Buruku,Mbaatirkyaa,JINGIR MARKET SQUARE,07-04-06-009
Benue,Buruku,Mbaatirkyaa,"LGEA SCHOOL, CHIA",07-04-06-010
Benue,Buruku,Mbaatirkyaa,"LGEA PRIMARY SCHOOL, ASHANYA",07-04-06-011
Benue,Buruku,Mbaatirkyaa,TINENUNE MARKET SQUARE,07-04-06-012
Benue,Buruku,Mbaatirkyaa,"LGEA SCHOOL, VONGU",07-04-06-013
Benue,Buruku,Mbaatirkyaa,"LGEA PRIMARY SCHOOL, MAAR",07-04-06-014
Benue,Buruku,Mbaatirkyaa,TSE ATIM JUNCTION,07-04-06-015
Benue,Buruku,Mbaatirkyaa,"LGEA PRI SCH, MBGEGHA",07-04-06-016
Benue,Buruku,Mbaatirkyaa,KAAMEN MKT SQR,07-04-06-017
Benue,Buruku,Mbaatirkyaa,"LGEA PRI SCH, ISHONDOIKYE",07-04-06-018
Benue,Buruku,Mbaatirkyaa,"LGEA PRI SCH, ANYIASE",07-04-06-019
Benue,Buruku,Mbaatirkyaa,"LGEA PRI SCH, AWUAPILA",07-04-06-020
Benue,Buruku,Mbaatirkyaa,LGEA PRIMARY SCHOOL KOR ATILE,07-04-06-021
Benue,Buruku,Mbaazagee,"LGEA SCHOOL, KER",07-04-07-001
Benue,Buruku,Mbaazagee,"LGEA SCHOOL, GAI I",07-04-07-002
Benue,Buruku,Mbaazagee,"LGEA SCHOOL, LEGHEM I",07-04-07-003
Benue,Buruku,Mbaazagee,NYAMATSOR MARKET SQUARE I,07-04-07-004
Benue,Buruku,Mbaazagee,NYAMATSOR MARKET SQUARE II,07-04-07-005
Benue,Buruku,Mbaazagee,"LGEA SCHOOL, HAA I",07-04-07-006
Benue,Buruku,Mbaazagee,"LGEA SCHOOL, HAA II",07-04-07-007
Benue,Buruku,Mbaazagee,"LGEA  SCHOOL, AJOHOL",07-04-07-008
Benue,Buruku,Mbaazagee,ANYIASE MARKET SQUARE,07-04-07-009
Benue,Buruku,Mbaazagee,AJOHOL MARKETSQUARE,07-04-07-010
Benue,Buruku,Mbaazagee,"LGEA SCHOOL, GAI  II",07-04-07-011
Benue,Buruku,Mbaazagee,"AKPU GARRAGE, NYAMASTOR",07-04-07-012
Benue,Buruku,Mbaazagee,"LGEA PRI SCH, KOZER",07-04-07-013
Benue,Buruku,Mbaazagee,HAA MKT SQR,07-04-07-014
Benue,Buruku,Mbaikyongo/Nyifon,"LGEA SCHOOL, ANKUNYA",07-04-08-001
Benue,Buruku,Mbaikyongo/Nyifon,NEAR TSE ABYA COMP. - MBAYEGH,07-04-08-002
Benue,Buruku,Mbaikyongo/Nyifon,NEAR TSE ISHENGE COMP.,07-04-08-003
Benue,Buruku,Mbaikyongo/Nyifon,UGA NEW MARKET SQUARE,07-04-08-004
Benue,Buruku,Mbaikyongo/Nyifon,NEAR TSE KON MBAAKAA,07-04-08-005
Benue,Buruku,Mbaikyongo/Nyifon,NEAR TSE IORZAR COMP. - MBAYEGH,07-04-08-006
Benue,Buruku,Mbaikyongo/Nyifon,"LGEA SCHOOL, AJIFE",07-04-08-007
Benue,Buruku,Mbaikyongo/Nyifon,OLD UGA MARKET SQUARE,07-04-08-008
Benue,Buruku,Mbaikyongo/Nyifon,TOGULA NUR PRI SCHOOL,07-04-08-009
Benue,Buruku,Mbaikyongo/Nyifon,"OPEN SPACA NR CHURCH, ATEOTE",07-04-08-010
Benue,Buruku,Mbaityough,MBAKPENA JUNCTION OPEN SPACE,07-04-09-001
Benue,Buruku,Mbaityough,"LGEA SCHOOL, IGBUR I",07-04-09-002
Benue,Buruku,Mbaityough,"LGEA SCHOOL, IGBUR II",07-04-09-003
Benue,Buruku,Mbaityough,ASHIBI MARKET SQUARE,07-04-09-004
Benue,Buruku,Mbaityough,"NKST PRI SCHOOL, TOUGH ",07-04-09-005
Benue,Buruku,Mbaityough,TSAR  MARKET SQUARE,07-04-09-006
Benue,Buruku,Mbaityough,"LGEA  SCHOOL, TOUGH",07-04-09-007
Benue,Buruku,Mbaityough,ZUA MARKET SQUARE,07-04-09-008
Benue,Buruku,Mbaityough,"LGEA  SCHOOL, BUA",07-04-09-009
Benue,Buruku,Mbaityough,"LGEA SCHOOL, AKUME",07-04-09-010
Benue,Buruku,Mbaityough,VAMBE MARKET SQUARE,07-04-09-011
Benue,Buruku,Mbaityough,DIWA MARKET SQUARE,07-04-09-012
Benue,Buruku,Mbaityough,"LEPROSY  CLINIC, APAA",07-04-09-013
Benue,Buruku,Mbaityough,OPEN SPACE AT ABANYI KOR JUNCTION,07-04-09-014
Benue,Buruku,Mbaityough,ABIN  MKT SQR,07-04-09-015
Benue,Buruku,Mbaityough,"GBOUGH MKT SQR, MBATEVA",07-04-09-016
Benue,Buruku,Mbaityough,YEGHER MKT SQR,07-04-09-017
Benue,Buruku,Mbaityough,"MT CARAMEL NUR PRI SCH, IORTYER",07-04-09-018
Benue,Buruku,Mbaityough,IORNONGO MKT SQR,07-04-09-019
Benue,Buruku,Mbaityough,"FADA MKT SQR, MBATSER",07-04-09-020
Benue,Buruku,Mbaityough,"TYOGBENDA ZEREMO, MBAMANGE",07-04-09-021
Benue,Buruku,Mbaityough,"IYOL  CHRISTU NUR PRI SCH, IORGBA ",07-04-09-022
Benue,Buruku,Mbaityough,"ADAAKU MKT SQR, ASANGE",07-04-09-023
Benue,Buruku,Mbakyaan,SATI MARKET SQUARE,07-04-10-001
Benue,Buruku,Mbakyaan,TAVERSHIMA MARKET SQUARE I,07-04-10-002
Benue,Buruku,Mbakyaan,TAVERSHIMA MARKET SQUARE II,07-04-10-003
Benue,Buruku,Mbakyaan,"LGEA SCHOOL, ORAHII I",07-04-10-004
Benue,Buruku,Mbakyaan,"LGEA SCHOOL, ORAHII II",07-04-10-005
Benue,Buruku,Mbakyaan,"LGEA SCHOOL, AKURA",07-04-10-006
Benue,Buruku,Mbakyaan,"LGEA SCHOOL, YEGH",07-04-10-007
Benue,Buruku,Mbakyaan,"LGEA SCHOOL, AKO I",07-04-10-008
Benue,Buruku,Mbakyaan,"LGEA SCHOOL, AKO II",07-04-10-009
Benue,Buruku,Mbakyaan,UTSOMBI MKT SQR,07-04-10-010
Benue,Buruku,Mbakyaan,AKU MKT SQR,07-04-10-011
Benue,Buruku,Mbakyaan,IGYUNGU MKT SQR,07-04-10-012
Benue,Buruku,Mbakyaan,TOMATAAN MKT  SQR,07-04-10-013
Benue,Buruku,Mbaya,INGOLOKO MARKET SQUARE,07-04-11-001
Benue,Buruku,Mbaya,NEAR TSE EMBERGA COMP. - MBAGBAGH,07-04-11-002
Benue,Buruku,Mbaya,"NKST.SCHOOL, TYONZUGHUL",07-04-11-003
Benue,Buruku,Mbaya,TOMAHAR MARKET SQUARE,07-04-11-004
Benue,Buruku,Mbaya,"LGEA SCHOOL , NYIHEMBA",07-04-11-005
Benue,Buruku,Mbaya,MZER MARKET SQUARE,07-04-11-006
Benue,Buruku,Mbaya,"LGEA SCHOOL, ADOGO",07-04-11-007
Benue,Buruku,Mbaya,NEAR TSE-AKPOUGHUL COMP. - MBAGBAGH,07-04-11-008
Benue,Buruku,Mbaya,"LGEA SCHOOL , IKYAAR I",07-04-11-009
Benue,Buruku,Mbaya,"LGEA SCHOOL, IKYAAR II",07-04-11-010
Benue,Buruku,Mbaya,"LGEA SCHOOL, GAJIR I",07-04-11-011
Benue,Buruku,Mbaya,"LGEA SCHOOL , GAJIR II",07-04-11-012
Benue,Buruku,Mbaya,USEN MARKET SQUARE,07-04-11-013
Benue,Buruku,Mbaya,LGEA SCHOOL BILIJI,07-04-11-014
Benue,Buruku,Mbaya,NEAR CHAHUL GYEGWE COMP. - GBAILIV,07-04-11-015
Benue,Buruku,Mbaya,"NR NKST NUR PRI SCH, MBAKUNDU",07-04-11-016
Benue,Buruku,Mbaya,"NR NKST NUR PRI SCH, MBANOR",07-04-11-017
Benue,Buruku,Mbaya,LGEA  SCH MBANYADE,07-04-11-018
Benue,Buruku,Mbaya,"OPEN SPACE NR LIVING FAITH CHURCH, ZWA YUGH",07-04-11-019
Benue,Buruku,Mbaya,TSE ADO MKT SQR,07-04-11-020
Benue,Buruku,Mbaya,"NR NKST  CHURCH CHOMBU TAR, MBAJIJA",07-04-11-021
Benue,Buruku,Mbayaka,"LGEA SCHOOL, ASHAMENA",07-04-12-001
Benue,Buruku,Mbayaka,AGIR MARKET SQUARE,07-04-12-002
Benue,Buruku,Mbayaka,KAMALU MARKET SQUARE,07-04-12-003
Benue,Buruku,Mbayaka,TOMANYIIN MARKET SQUARE I,07-04-12-004
Benue,Buruku,Mbayaka,TOMANYIIN MARKET SQUARE II,07-04-12-005
Benue,Buruku,Mbayaka,ANSHAV MARKET SQUARE,07-04-12-006
Benue,Buruku,Mbayaka,"LGEA SCHOOL, ATEEBE",07-04-12-007
Benue,Buruku,Mbayaka,AWAMBE MARKET - SQUARE ,07-04-12-008
Benue,Buruku,Mbayaka,NEAR  IORKUMBUR  MKOVUR COMP. - UGONDO,07-04-12-009
Benue,Buruku,Mbayaka,MCHINGA MKT SQR,07-04-12-010
Benue,Buruku,Mbayaka,OPEN SPACE NR BOREHOLE MBASAKA,07-04-12-011
Benue,Buruku,Mbayaka,"ANGLICAN NUR PRI. SCHOOL, MBAYEM ",07-04-12-012
Benue,Buruku,Mbayaka,GANDEIFIAN  MKT SQR,07-04-12-013
Benue,Buruku,Mbayaka,ATANYI  MKT SQR,07-04-12-014
Benue,Buruku,Shorov,TYOWANYE MARKET SQUARE I,07-04-13-001
Benue,Buruku,Shorov,TYOWANYE MARKET SQUARE II,07-04-13-002
Benue,Buruku,Shorov,"LGEA SCHOOL, AMONGO",07-04-13-003
Benue,Buruku,Shorov,NEAR AKPEHE AGBANDE COMP.,07-04-13-004
Benue,Buruku,Shorov,NEAR TEMA DANYI COMP. - MBAAV,07-04-13-005
Benue,Buruku,Shorov,"LGEA SCHOOL, ANEE",07-04-13-006
Benue,Buruku,Shorov,ATSEMBER MKE COMP.-MBAKYA,07-04-13-007
Benue,Buruku,Shorov,"NKST. SCHOOL, GARAGBOUGHUL  I, MBAJU",07-04-13-008
Benue,Buruku,Shorov,"NKST. SCHOOL GARAGBOUGHUL II, MBAJU",07-04-13-009
Benue,Buruku,Shorov,NEAR KYAAN GBAAONDU COMP. - MBAAV,07-04-13-010
Benue,Buruku,Shorov,"OPEN  SPACE NR NKST CHURCH, NONGUN",07-04-13-011
Benue,Buruku,Shorov,"OPEN SPACE NR NKST CHURCH, SWASE",07-04-13-012
Benue,Buruku,Shorov,"OPEN SPACE INFRONT OF DOOSHIMA HIGH SCH, TYOWANYE",07-04-13-013
Benue,Buruku,Shorov,"AGRO SERVICE CENTRE, TYOWANYE",07-04-13-014
Benue,Buruku,Shorov,"LGEA SCH, TYOWANYE",07-04-13-015
Benue,Buruku,Shorov,UBE JSS GARAGBOUGHUL,07-04-13-016
Benue,Gboko,GBK/Central Market,"GBOKO MARKET, NR AGBA AGBO COMP.",07-05-01-001
Benue,Gboko,GBK/Central Market,"GBOKO MARKET, MKAR TAXI PARK I",07-05-01-002
Benue,Gboko,GBK/Central Market,"GBOKO MARKET, MKAR TAZI PART II",07-05-01-003
Benue,Gboko,GBK/Central Market,NEAR DOSSIES COMPOUND,07-05-01-004
Benue,Gboko,GBK/Central Market,NEAR SHEHU BABAYO COMPOUND,07-05-01-005
Benue,Gboko,GBK/Central Market,"GBOKO CENTRAL, OPP IORTYOM LUGA COMP",07-05-01-006
Benue,Gboko,GBK/Central Market,"LGEA PRIMARY SCHOOL, GBK CENTRAL",07-05-01-007
Benue,Gboko,GBK/Central Market,POST OFFICE OLD,07-05-01-008
Benue,Gboko,GBK/Central Market,"MARKET SQUARE, YAM",07-05-01-009
Benue,Gboko,GBK/Central Market," PRIMARY SCHOOL, ST. JOHN'S I",07-05-01-010
Benue,Gboko,GBK/Central Market,"PRIMARY SCHOOL, ST. JOHN'S II",07-05-01-011
Benue,Gboko,GBK/Central Market,JUNCTION ADINNGI & SUB. TR.,07-05-01-012
Benue,Gboko,GBK/Central Market,"TAZACO, TAZACO SYSTEMS",07-05-01-013
Benue,Gboko,GBK/Central Market,NR W/SHOP KPAMBER ADURA,07-05-01-014
Benue,Gboko,GBK/Central Market,"GBOKO MARKET, (MKAR TAXI PARK III)",07-05-01-015
Benue,Gboko,GBK/Central Market,"NEAR ISHAN HOTEL, ISHAN HOTEL",07-05-01-016
Benue,Gboko,GBK/Central Market,NR ISAAC KPUM COMP GBOKO CENTRAL,07-05-01-017
Benue,Gboko,GBK/Central Market,NEAR ULA LISA COMPOUND,07-05-01-018
Benue,Gboko,GBK/Central Market,SUPER MARKET UNION NO. 22 J. S. TARKA WAY,07-05-01-019
Benue,Gboko,GBK/Central Market,MKAR PARK,07-05-01-020
Benue,Gboko,GBK/Central Market,NEAR BAB SHARIFF COMP.,07-05-01-021
Benue,Gboko,GBK/Central Market,SARKI JAGABA COMPOUND,07-05-01-022
Benue,Gboko,GBK/Central Market,JOKASE CLINIC,07-05-01-023
Benue,Gboko,GBK/Central Market,NUT HOUSE,07-05-01-024
Benue,Gboko,GBK/Central Market,JS TARKA STADIUM,07-05-01-025
Benue,Gboko,GBK/Central Market,UBE SECOND GATE,07-05-01-026
Benue,Gboko,GBK/Central Market,NEAR JS TARKA COMPOUND,07-05-01-027
Benue,Gboko,GBK/Central Market,GATE 2 YAM MARKET,07-05-01-028
Benue,Gboko,GBK/Central Market,TERDOOFAN INVEST. HOUSE,07-05-01-029
Benue,Gboko,GBK/Central Market,NEAR CORNERSTONE,07-05-01-030
Benue,Gboko,GBK/Central Market,NEAR AKIGA HOUSE,07-05-01-031
Benue,Gboko,Gboko East,"GBOKO EAST, NR DOMINIC I HUGH COMP",07-05-02-001
Benue,Gboko,Gboko East,"MARKET SQUARE, ADEKAA MAIN",07-05-02-002
Benue,Gboko,Gboko East,HOTEL QUEENS GARDEN I,07-05-02-003
Benue,Gboko,Gboko East,HOTEL QUEENS GARDEN II,07-05-02-004
Benue,Gboko,Gboko East,NR AYUA COMP M.O.W.,07-05-02-005
Benue,Gboko,Gboko East,"GBOKO EAST, (NEAR ATSUE ATUNGWA COMPOUND)",07-05-02-006
Benue,Gboko,Gboko East,GBOKO EAST - NO. 105 TSE MURKPA,07-05-02-007
Benue,Gboko,Gboko East,"GBOKO EAST, NR APER SHINYI COMP",07-05-02-008
Benue,Gboko,Gboko East,"GBOKO EAST, NR GBAFAN COMP",07-05-02-009
Benue,Gboko,Gboko East,"GBOKO EAST, INF. OF MADAM SOCIAL",07-05-02-010
Benue,Gboko,Gboko East,"PRIMARY SCHOOL, ST. PETERS",07-05-02-011
Benue,Gboko,Gboko East,"PRIMARY SCHOOL, NR ANYAMNYIAN COMP",07-05-02-012
Benue,Gboko,Gboko East,"GBOKO EAST , NR. ORAFAGA DEM COMP",07-05-02-013
Benue,Gboko,Gboko East,"GBOKO EAST, NR IYOUGHTA COMP",07-05-02-014
Benue,Gboko,Gboko East,"GBOKO EAST, NR JOHN AWEN COMP",07-05-02-015
Benue,Gboko,Gboko East,JOS STREET PRIMIER HOTEL,07-05-02-016
Benue,Gboko,Gboko East,NUR/PRIMARY SCH. GBAA MAKAR,07-05-02-017
Benue,Gboko,Gboko East,"GBOKO EAST, NR IPEVER COMP",07-05-02-018
Benue,Gboko,Gboko East,"GBOKO EAST, NR ATAKPA COMP",07-05-02-019
Benue,Gboko,Gboko East,"GBOKO EAST, NR AYAKPAM COMP",07-05-02-020
Benue,Gboko,Gboko East,"GBOKO EAST, (NEAR YANDEV DZEVER COMPOUND)",07-05-02-021
Benue,Gboko,Gboko East,"GBOKO EAST, NR ANDOOR COMP",07-05-02-022
Benue,Gboko,Gboko East,"GBOKO EAST, (NEAR UKPULU KPISHI COMPOUND)",07-05-02-023
Benue,Gboko,Gboko East,"GBOKO EAST, NEAR REV. FR. MAAER COMP",07-05-02-024
Benue,Gboko,Gboko East,"OPP. S. MARKET, OPP. UNION SUP MARKET",07-05-02-025
Benue,Gboko,Gboko East,BAR DOOSHIMA (ALMB),07-05-02-026
Benue,Gboko,Gboko East,J.S. TARKA WAY - NR ABU FAMILY CLUB,07-05-02-027
Benue,Gboko,Gboko East,GBOKO EAST - NR IORSHAMBER COMP,07-05-02-028
Benue,Gboko,Gboko East,GBOKO EAST - NR MAJO AKANDE COMP,07-05-02-029
Benue,Gboko,Gboko East,"GBOKO EAST, NR ABUUL JIJA COMP",07-05-02-030
Benue,Gboko,Gboko East,GBOKO EAST - BEHIND ACB OPEN SPACE,07-05-02-031
Benue,Gboko,Gboko East,"MKAR ROAD, GSS GBOKO GATE",07-05-02-032
Benue,Gboko,Gboko East,GBOKO EAST - (NEAR TARZA IKYUMBUR COMPOUND),07-05-02-033
Benue,Gboko,Gboko East,GBOKO EAST - MADAM KUTA COMP,07-05-02-034
Benue,Gboko,Gboko East,GUEST HOUSE - NR NATO GUEST INN,07-05-02-035
Benue,Gboko,Gboko East,GBOKO EAST - NR INNOCENT MOJI COMP I,07-05-02-036
Benue,Gboko,Gboko East,GBOKO EAST - NR INNOCENT MOJI COMP II,07-05-02-037
Benue,Gboko,Gboko East,"GBOKO EAST, G.S.S. GBOKO - NUR/PRIMARY SCHOOL PREMISES",07-05-02-038
Benue,Gboko,Gboko East,GBOKO EAST - NR IORTYOM BEBE COMP,07-05-02-039
Benue,Gboko,Gboko East,ADEKAA MARKET SQUARE I,07-05-02-040
Benue,Gboko,Gboko East,KYERSE BAR,07-05-02-041
Benue,Gboko,Gboko East,ADEKAA MARKET SQUARE II,07-05-02-042
Benue,Gboko,Gboko East,NEAR DOCTOR KUNDE,07-05-02-043
Benue,Gboko,Gboko East,IN FRONT OF JS TARKA GRAVE,07-05-02-044
Benue,Gboko,Gboko East,NEAR GBERINDYER KULE KULE,07-05-02-045
Benue,Gboko,Gboko East,NEAR APER SHINYI COMPOUND,07-05-02-046
Benue,Gboko,Gboko East,NEAR SHAWA UGYE COMPOUND,07-05-02-047
Benue,Gboko,Gboko East,TSE USENDE,07-05-02-048
Benue,Gboko,Gboko East,WUNDU CHIA COMMUNITY (OPEN SPACE),07-05-02-049
Benue,Gboko,Gboko East,GBOKO EAST COUNCIL HALL,07-05-02-050
Benue,Gboko,Gboko East,BOSSLADY COLLEGE GBK EAST,07-05-02-051
Benue,Gboko,Gboko East,NEAR IER-IVER AGBA COMPOUND,07-05-02-052
Benue,Gboko,Gboko East,ST FRANCIAS CHURCH GATE,07-05-02-053
Benue,Gboko,Gboko East,GBENDYER KULE KULE COMP,07-05-02-054
Benue,Gboko,Gboko East,BAR DOOSHIMA (ALMB) II,07-05-02-055
Benue,Gboko,Gboko East,MGNANGUN AOSUGH,07-05-02-056
Benue,Gboko,Gboko East,SAHARA,07-05-02-057
Benue,Gboko,Gboko East,GBOKO EAST MADAM KUTA COMP II,07-05-02-058
Benue,Gboko,Gboko North West,NKST PRIM. SCHOOL - ANZWAR,07-05-03-001
Benue,Gboko,Gboko North West,MARKET SQUARE I - TSE GOON,07-05-03-002
Benue,Gboko,Gboko North West,MARKET SQUARE II - TSE GOON,07-05-03-003
Benue,Gboko,Gboko North West,HIGH LEVEL 1 - TSE AKEKAA,07-05-03-004
Benue,Gboko,Gboko North West,MARKET SQUARE - ANSHANGE APA,07-05-03-005
Benue,Gboko,Gboko North West,NEAR AGA NYHAMIKYUME COMPOUND,07-05-03-006
Benue,Gboko,Gboko North West,LGEA PRIMARY SCHOOL - GHUUSHI,07-05-03-007
Benue,Gboko,Gboko North West,MARKET SQUARE - TOMATO,07-05-03-008
Benue,Gboko,Gboko North West,HOTEL (CCD) - NR VIEW POINT,07-05-03-009
Benue,Gboko,Gboko North West,HOSTPITAL - NR SS. (NITR),07-05-03-010
Benue,Gboko,Gboko North West,GBOKO NORTH - NR GYADO VILLAGE,07-05-03-011
Benue,Gboko,Gboko North West,STATION - OPP. TRAFFIC POLICE,07-05-03-012
Benue,Gboko,Gboko North West,GBOKO NORTH - OPP. POLICE FIELD,07-05-03-013
Benue,Gboko,Gboko North West,GBOKO N/WEST (NEAR TSE HOMGBEV COMPOUND I,07-05-03-014
Benue,Gboko,Gboko North West,GBOKO WEST - (NEAR TSE HOMGBEV COMPOUND II,07-05-03-015
Benue,Gboko,Gboko North West,GBOKO WEST - WUAM GAMBE - COMP. I,07-05-03-016
Benue,Gboko,Gboko North West,GBOKO N/WEST - AGUM COMP.,07-05-03-017
Benue,Gboko,Gboko North West,GBOKO WEST - WUAM GAMBE - COMP. II,07-05-03-018
Benue,Gboko,Gboko North West,RICE MILL - IGBA GAAV,07-05-03-019
Benue,Gboko,Gboko North West,MARKET SQUARE I - ANKYENGE GARAGE,07-05-03-020
Benue,Gboko,Gboko North West,MARKET SQUARE II - ANYENGE GARAGE,07-05-03-021
Benue,Gboko,Gboko North West,OPP. ADEKAA MKT - NR ULA LISA COMP.,07-05-03-022
Benue,Gboko,Gboko North West,GYADO HOSPITAL ROAD - OPP. GYADO HOSP. GATE,07-05-03-023
Benue,Gboko,Gboko North West,LGEA PRIM. SCHOOL - BUTTER,07-05-03-024
Benue,Gboko,Gboko North West,LGEA PRIM. SCHOOL - ANYIMAN,07-05-03-025
Benue,Gboko,Gboko North West,NEAR KUMA LODGE GBOKO,07-05-03-026
Benue,Gboko,Gboko North West,TIMBER SHADE,07-05-03-027
Benue,Gboko,Gboko North West,OPEN SPACE I NEAR ST. PETERS,07-05-03-028
Benue,Gboko,Gboko North West,NEAR NKST CHURCH AJON,07-05-03-029
Benue,Gboko,Gboko North West,NEAR NKST CHURCH ADI,07-05-03-030
Benue,Gboko,Gboko North West,OPEN SPACE NEAR NKST CHURCH WO GBOKO,07-05-03-031
Benue,Gboko,Gboko North West,NEAR CEASER'S PALACE GBOKO,07-05-03-032
Benue,Gboko,Gboko North West,BEHIND PEACE HOUSE TENT GBOKO NORTH,07-05-03-033
Benue,Gboko,Gboko North West,OPPOSITE PRIVATE SQUARE EVENT CENTRE GBOKO,07-05-03-034
Benue,Gboko,Gboko North West,COUNCIL HALL GBK NORTH,07-05-03-035
Benue,Gboko,Gboko North West,ST. RAPHAEL CATHOLIC CHURCH GATE,07-05-03-036
Benue,Gboko,Gboko North West,OPP. JUCAD SUPER MARKET GYADO JUNCT.,07-05-03-037
Benue,Gboko,Gboko North West,OPP. ST. GEORGES TYOBO,07-05-03-038
Benue,Gboko,Gboko North West,NEAR NKST CHURCH BUNATO,07-05-03-039
Benue,Gboko,Gboko North West,CLOSE TO MOUNT ZION CITY NRU/PRI. SCH GBOKO,07-05-03-040
Benue,Gboko,Gboko North West,BEHIND BRISTOW SEC. SCH. GBOKO,07-05-03-041
Benue,Gboko,Gboko North West,NEAR LIAMBEE STREET,07-05-03-042
Benue,Gboko,Gboko North West,NOA OFFICE PREMISES GBOKO,07-05-03-043
Benue,Gboko,Gboko North West,NEAR MFATERDOO SCHOOL GBK,07-05-03-044
Benue,Gboko,Gboko North West,OPP. BENUE HOTELS GBOKO,07-05-03-045
Benue,Gboko,Gboko North West,LGEA PRIMARY SCH. YUA,07-05-03-046
Benue,Gboko,Gboko North West,ST. THERESA CATHOLIC CURCH GATE RICE MILL,07-05-03-047
Benue,Gboko,Gboko North West,NEAR ISHWA VILLAGE GBOKO,07-05-03-048
Benue,Gboko,Gboko North West,OPEN SPACE NEAR TSE GBEA NOR COMP.,07-05-03-049
Benue,Gboko,Gboko North West,NEAR KANKWE NYAMADI COMPOUND GBOKO,07-05-03-050
Benue,Gboko,Gboko North West,KAAMEM MARKET SQUARE BEHIND GENERAL HOSP.,07-05-03-051
Benue,Gboko,Gboko North West,OPEN SPACE NEAR MBAYION INTERNATINAL COLLEGE,07-05-03-052
Benue,Gboko,Gboko North West,TSE MELA DAKA BEHIND NATIOAL,07-05-03-053
Benue,Gboko,Gboko North West,OPEN SPACE NEAR TSE KYAYON VILLAGE,07-05-03-054
Benue,Gboko,Gboko South,GBOKO SOUTH (NEAR HANMEZA AGBA COMPOUND),07-05-04-001
Benue,Gboko,Gboko South,GBOKO SOUTH - NR ATSUME KUGHIN COMP.,07-05-04-002
Benue,Gboko,Gboko South,GBOKO SOUTH - NR ORAQASEM COMP.,07-05-04-003
Benue,Gboko,Gboko South,GBOKO SOUTH INF. OF GASKYIYA - CLINIC,07-05-04-004
Benue,Gboko,Gboko South,GBOKO SOUTH - NR ANUSA COMP. I,07-05-04-005
Benue,Gboko,Gboko South,GBOKO SOUTH - NR ANUSA COMP. II,07-05-04-006
Benue,Gboko,Gboko South,GENERAL HOSP. ROAD - OPPOSITE OSPITAL GATE GBOKO SOUTH,07-05-04-007
Benue,Gboko,Gboko South,MARKET SQUARE - ABAGU,07-05-04-008
Benue,Gboko,Gboko South,LGEA PRIM. SCHOOL - GBK SOUTH,07-05-04-009
Benue,Gboko,Gboko South,GBOKO SOUTH - NR ORAKONBO COMP.,07-05-04-010
Benue,Gboko,Gboko South,GBOKO SOUTH - OPP. BLUE SISTERS BAR,07-05-04-011
Benue,Gboko,Gboko South,MARKET SQUARE - TOMAHAR,07-05-04-012
Benue,Gboko,Gboko South,GBOKO SOUTH - OPP. CENT. POLICE STATION,07-05-04-013
Benue,Gboko,Gboko South,GBOKO SOUTH - NR MAGSU CINEMA HALL,07-05-04-014
Benue,Gboko,Gboko South,GBOKO SOUTH (NEAR GNANGER ZONE,07-05-04-015
Benue,Gboko,Gboko South,GBOKO SOUTH - NR IORKYASE ATULE COMP.,07-05-04-016
Benue,Gboko,Gboko South,NEAR ANSHA KPAASE COMPOUND,07-05-04-017
Benue,Gboko,Gboko South,GBOKO SOUTH - NR EDGAR IORSHAGHER,07-05-04-018
Benue,Gboko,Gboko South,GBOKO SOUTH - NR AHIMBIR CHILE COMP.,07-05-04-019
Benue,Gboko,Gboko South,"GBOKO SOUTH-MBANU, INJAA BUS STOP",07-05-04-020
Benue,Gboko,Gboko South,GBOKO SOUTH - INF. OF AJANDA HOTEL,07-05-04-021
Benue,Gboko,Gboko South,GBOKO SOUTH - NR ISHEGH COMP. (07/05/03/055),07-05-04-022
Benue,Gboko,Gboko South,NO. 22 MKAR ROAD - MKAR ROAD,07-05-04-023
Benue,Gboko,Gboko South,GBOKO SOUTH - NEAR DANLADI MAIGARI COMPOUND),07-05-04-024
Benue,Gboko,Gboko South,GBOKO SOUTH-NEAR ALH ABUBAKAR BD COMPOUND,07-05-04-025
Benue,Gboko,Gboko South,GBOKO SOUTH (NEAR ALH. SHAGARI COMPOUND),07-05-04-026
Benue,Gboko,Gboko South,GBOKO SOUTH - NR SHEHU BAKO COMP.,07-05-04-027
Benue,Gboko,Gboko South,GBOKO SOUTH - NOAH VEREGH COMP.,07-05-04-028
Benue,Gboko,Gboko South,RICE MILL ROAD - VET OFFICE PREMISES(07/05/03/0056),07-05-04-029
Benue,Gboko,Gboko South,GBOKO SOUTH - NR ISAAC SHAAHU COMP.,07-05-04-030
Benue,Gboko,Gboko South,GEN HOSP. ROAD - NR TOR TIVE GARDEN(07/05/03/057),07-05-04-031
Benue,Gboko,Gboko South,GBOKO SOUTH - MYON HOSPITAL(07/05/03/058),07-05-04-032
Benue,Gboko,Gboko South,GBOKO SOUTH - -ALA LALOHA COMP.,07-05-04-033
Benue,Gboko,Gboko South,GBOKO SOUTH - NR AONDOAKAA ORGA COMP.,07-05-04-034
Benue,Gboko,Gboko South,GBOKO SOUTH - NR TSE ABEKE COMP.,07-05-04-035
Benue,Gboko,Gboko South,GBOKO SOUTH - MODERN MARKET GBOKO,07-05-04-036
Benue,Gboko,Gboko South,GBOKO SOUTH COUNCIL CHAMBER,07-05-04-037
Benue,Gboko,Gboko South,TSE NYAM STREET OPEN SPACE,07-05-04-038
Benue,Gboko,Gboko South,LGEA PRI. HEALTH CARE GBOKO SOUTH,07-05-04-039
Benue,Gboko,Gboko South,OPP. HEISTER SUITE GATE,07-05-04-040
Benue,Gboko,Gboko South,OPP. GBK HIGH SCHO. GATE,07-05-04-041
Benue,Gboko,Gboko South,OPP. NKST CHURCH GBK SOUTH,07-05-04-042
Benue,Gboko,Gboko South,BAPTIST NUR/PRI. SCH,07-05-04-043
Benue,Gboko,Gboko South,BEHIND LGA SECRETERIATE GBK,07-05-04-044
Benue,Gboko,Gboko South,"INFRONT OF NANKA TOWN HALL, NANKA STR.",07-05-04-045
Benue,Gboko,Gboko South,INFRONT OF GARDERN OF GLORY,07-05-04-046
Benue,Gboko,Gboko South,NEAR SMILES HOSPITAL,07-05-04-047
Benue,Gboko,Gboko South,MIN. OF EDU. OFFICE GBOKO AREA OFFICE GATE,07-05-04-048
Benue,Gboko,Gboko South,OPP. CHRIST THE ARK OF SAVATION CHURCH,07-05-04-049
Benue,Gboko,Gboko South,BESIDE ROYAL HOSPITAL ISEAC SHAAHU RD.,07-05-04-050
Benue,Gboko,Gboko South,NEAR TOFI COMPOUND HOSP. ROAD,07-05-04-051
Benue,Gboko,Gboko South,FAASEMA SREET. JUNCT. OPP. TOR TIV GARDEN,07-05-04-052
Benue,Gboko,Gboko South,"NEAR SURGO LAB, HOSP, ROAD",07-05-04-053
Benue,Gboko,Gboko South,"OPP. APOSTOLIC NUR./PRI. SCHOOL, KASHIM IBRAHIM",07-05-04-054
Benue,Gboko,Gboko South,NEAR VICTORY NUR/PRI. SCHO. APEFATER STR.,07-05-04-055
Benue,Gboko,Gboko South,AGBER DIOGO MKT JUNCTION,07-05-04-056
Benue,Gboko,Igyorov,RCM PRIM. SCH. I - NAGA,07-05-05-001
Benue,Gboko,Igyorov,MSONGUN MARKET SQUARE,07-05-05-002
Benue,Gboko,Igyorov,MARKET SQUARE - NGUTSAV,07-05-05-003
Benue,Gboko,Igyorov,MARKET SQUARE - GATE,07-05-05-004
Benue,Gboko,Igyorov,NEAR TSE NONGO COMPOUND,07-05-05-005
Benue,Gboko,Igyorov,RCM PRIM. SCHOOL - USU,07-05-05-006
Benue,Gboko,Igyorov,MARKET SQUARE - IKYASE,07-05-05-007
Benue,Gboko,Igyorov,NR NKST CHURCH - MKOVOUR,07-05-05-008
Benue,Gboko,Igyorov,RCM PRIM. SCHOOL - USUE,07-05-05-009
Benue,Gboko,Igyorov,MARKET SQUARE - MKOVOUR,07-05-05-010
Benue,Gboko,Igyorov,NEAR TSE MADUGU VILLAGE,07-05-05-011
Benue,Gboko,Igyorov,MARKET SQUARE - IORSHASE,07-05-05-012
Benue,Gboko,Igyorov,NKST . PRIM. SCHOOL - AMBIGHIR,07-05-05-013
Benue,Gboko,Igyorov,MARKET SQUARE - LIANKU,07-05-05-014
Benue,Gboko,Igyorov,RCM PRIM. SCHOOL - BAI,07-05-05-015
Benue,Gboko,Igyorov,MARKET SQUARE I - CHEMBE,07-05-05-016
Benue,Gboko,Igyorov,L.G.E.A. PRIMARY SCHOOL ATSADO,07-05-05-017
Benue,Gboko,Igyorov,NKST PRIM. SCHOOL - UCHU,07-05-05-018
Benue,Gboko,Igyorov,OPEND SPACE - NR TYOAKURA OSU COMP.,07-05-05-019
Benue,Gboko,Igyorov,OPEN SPACE (NEAR ATAMBER ALUAIGBA 9=,07-05-05-020
Benue,Gboko,Igyorov,BESIDE REDEEMED CHRISTIAN CHURCH ZEMA,07-05-05-021
Benue,Gboko,Igyorov,NEAR UHON NUR/PRI. SCHOOL,07-05-05-022
Benue,Gboko,Mbaanku,MARKET SQUARE - MBAGELE,07-05-06-001
Benue,Gboko,Mbaanku,LGEA PRIM. SCHOOL - YOHOL,07-05-06-002
Benue,Gboko,Mbaanku,LGEA PRIM. SCHOOL - YAHIM I,07-05-06-003
Benue,Gboko,Mbaanku,LGEA PRIM. SCHOOL - YAHIM II,07-05-06-004
Benue,Gboko,Mbaanku,MBAANKU - NR TIVKAA I COMPOUND I,07-05-06-005
Benue,Gboko,Mbaanku,MBAANKU - NR TIVKAA II COMPOUND,07-05-06-006
Benue,Gboko,Mbaanku,MBAANKU NEAR TSE MANTA,07-05-06-007
Benue,Gboko,Mbaanku,MARKET SQUARE - TYOADO I,07-05-06-008
Benue,Gboko,Mbaanku,MARKET SQUARE - TYOADO II,07-05-06-009
Benue,Gboko,Mbaanku,MARKET SQUARE - NDUR,07-05-06-010
Benue,Gboko,Mbaanku,RCM PRIM. SCHOOL - IORJAA,07-05-06-011
Benue,Gboko,Mbaanku,MARKET SQUARE - PIKA,07-05-06-012
Benue,Gboko,Mbaanku,MARKET SQUARE - UKULUGH,07-05-06-013
Benue,Gboko,Mbaanku,MARKET SQUARE - UJON,07-05-06-014
Benue,Gboko,Mbaanku,OPEN SPACE - TSEHE IGYUNGU,07-05-06-015
Benue,Gboko,Mbaanku,LGEA PRIM SCH. ORNGU DWEM,07-05-06-016
Benue,Gboko,Mbaanku,MBAANKU - NR AKERA NAMBE COMP.,07-05-06-017
Benue,Gboko,Mbaanku,MBAANKU - NR SHIRGA COMP. ,07-05-06-018
Benue,Gboko,Mbaanku,MBAANKU - AZAGA VILLAGE,07-05-06-019
Benue,Gboko,Mbaanku,MARKET SQUARE - ABAV UGEDE,07-05-06-020
Benue,Gboko,Mbaanku,ARKET SQUARE WANINDYER,07-05-06-021
Benue,Gboko,Mbaanku,MBAANKU - TAKPI VILLAGE,07-05-06-022
Benue,Gboko,Mbaanku,LGEAR PRIM. SCHOOL - AKYUMBUR,07-05-06-023
Benue,Gboko,Mbaanku,MARKET SQUARE IEEKU,07-05-06-024
Benue,Gboko,Mbaanku,MARKET SQUARE ABAGEN,07-05-06-025
Benue,Gboko,Mbaa Varakaa,NEAR TSE VISHIGH COMPOUND,07-05-07-001
Benue,Gboko,Mbaa Varakaa,L.G.E.A. PRIMARY SCHOOL ZAKI,07-05-07-002
Benue,Gboko,Mbaa Varakaa,MARKET SQUARE - ANIKPENDGER I,07-05-07-003
Benue,Gboko,Mbaa Varakaa,MARKET SQUARE - ANIKPENDER II,07-05-07-004
Benue,Gboko,Mbaa Varakaa,NEAR IANGE ZUZO COMPOUND I,07-05-07-005
Benue,Gboko,Mbaa Varakaa,NEAR IANGE ZUZO COMPOUND II,07-05-07-006
Benue,Gboko,Mbaa Varakaa,MARKET SQUARE - ACHIDAM,07-05-07-007
Benue,Gboko,Mbaa Varakaa,MARKET SQUARE MBAMANGEDA ATELU,07-05-07-008
Benue,Gboko,Mbaa Varakaa,MARKET SQUARE - NEGE,07-05-07-009
Benue,Gboko,Mbaa Varakaa,LGEA PRIMARY SCHOOL AGERA,07-05-07-010
Benue,Gboko,Mbaa Varakaa,SAINT ANTHONY SECONDARY SCHOOL CHILEMO,07-05-07-011
Benue,Gboko,Mbadam,LGEA PRIM. SCHOOL - CHAHU,07-05-08-001
Benue,Gboko,Mbadam,LGEA PRIM. SCHOOL - IMBUA,07-05-08-002
Benue,Gboko,Mbadam,MARKET SQUARE INIENGE,07-05-08-003
Benue,Gboko,Mbadam,MARKET SQUARE NGIBO,07-05-08-004
Benue,Gboko,Mbadam,MARKET SQUARE ZELGEN,07-05-08-005
Benue,Gboko,Mbadim,LGEA PRIM. SCHOOL - ZEGE,07-05-09-001
Benue,Gboko,Mbadim,"MBADIM, AGBADU IYAR COMP.",07-05-09-002
Benue,Gboko,Mbadim,MARKET SQUARE - LUGA,07-05-09-003
Benue,Gboko,Mbadim,LGEA PRIM. SCHOOL - FOGA,07-05-09-004
Benue,Gboko,Mbadim,LGEA PRIM. SCHOOL - VAASE,07-05-09-005
Benue,Gboko,Mbadim,LGEA PRIM. SCHOOL - KUMBUR,07-05-09-006
Benue,Gboko,Mbadim,MBADIN - NR AGBUM AWANGE COMP.,07-05-09-007
Benue,Gboko,Mbadim,LGEA PRIM. SCHOOL - AVERVOR,07-05-09-008
Benue,Gboko,Mbadim,LGEA PRIM. SCHOOL - AKPENEMBER,07-05-09-009
Benue,Gboko,Mbadim,RCM PRIM. SCHOOL - AJO ,07-05-09-010
Benue,Gboko,Mbadim,NKST. PRIM. SCHOOL - GWAR,07-05-09-011
Benue,Gboko,Mbadim,PRIM SCHOOL - DEMEGO ,07-05-09-012
Benue,Gboko,Mbadim,LGEA PRIM. SCHOOL - KORVE,07-05-09-013
Benue,Gboko,Mbadim,LGEA PRIM. SCHOOL - LOUGH,07-05-09-014
Benue,Gboko,Mbadim,MARKET SQUARE - IKYUMBUR,07-05-09-015
Benue,Gboko,Mbadim,LGEA PRIM SCHOOL - VANAM,07-05-09-016
Benue,Gboko,Mbadim,LGEA PRIM. SCHOOL - MBAYEM,07-05-09-017
Benue,Gboko,Mbadim,LGEA PRIM. SCHOOL - DULL,07-05-09-018
Benue,Gboko,Mbadim,MARKET SQUARE - AKPAGHER I,07-05-09-019
Benue,Gboko,Mbadim,MARKET SQUARE - AKPAGHER II,07-05-09-020
Benue,Gboko,Mbadim,LGEA PRIM. SCHOOL - TSE BAAGU,07-05-09-021
Benue,Gboko,Mbadim,NEAR TSE ANIBIAM COMPOUND,07-05-09-022
Benue,Gboko,Mbadim,RCM PRIM. SCHOOL - AGIDI,07-05-09-023
Benue,Gboko,Mbadim,MBADIM - NEAR TSE VISHIGH COMPOUND,07-05-09-024
Benue,Gboko,Mbadim,MBADIM - NEAR TYOTULE IVUUNGU COMPOUND,07-05-09-025
Benue,Gboko,Mbadim,MARKET SQUARE - ANIHUNDU,07-05-09-026
Benue,Gboko,Mbadim,MARKET SQUARE - TYOKIGHIR,07-05-09-027
Benue,Gboko,Mbadim,MARKET SQUARE - IGBESUE,07-05-09-028
Benue,Gboko,Mbadim,LGEA PRI. SCH. KUKWA,07-05-09-029
Benue,Gboko,Mbadim,AJAM MARKET SQUARE,07-05-09-030
Benue,Gboko,Mbadim,"OPP. LGEA PRI SCHOOL, KWAGHCHIMIN",07-05-09-031
Benue,Gboko,Mbadim,OPP. NKST IORNYEGHEN,07-05-09-032
Benue,Gboko,Mbadim,APUU GBAFAN MARKET SQUARE,07-05-09-033
Benue,Gboko,Mbadim,KAAMEM PRI. SCHOOL GATE,07-05-09-034
Benue,Gboko,Mbadim,OPP. AKPAGHER YAM MARKET SQUARE,07-05-09-035
Benue,Gboko,Mbadim,NEAR SAINT PETERS CHURCH UKYAVER ,07-05-09-036
Benue,Gboko,Mbadim,IN FRONT OS ST. JOHNS CHURCH NUMPEV,07-05-09-037
Benue,Gboko,Mbakper,MBAKPER - GTC MKAR GATE I,07-05-10-001
Benue,Gboko,Mbakper,MKAR GATE II,07-05-10-002
Benue,Gboko,Mbakper,MBAKPER - NR ORPHANAGE HOME,07-05-10-003
Benue,Gboko,Mbakper,SCHOOL - NURS & MIDW I,07-05-10-004
Benue,Gboko,Mbakper,SCHOOL - NURS & MIDW II,07-05-10-005
Benue,Gboko,Mbakper,MARKET SQUARE - ORTESE I ,07-05-10-006
Benue,Gboko,Mbakper,GATE - KCC MKAR I,07-05-10-007
Benue,Gboko,Mbakper,GATE - KCC MKAR II,07-05-10-008
Benue,Gboko,Mbakper,FIELD - MKAR DEM,07-05-10-009
Benue,Gboko,Mbakper,MARKET SQUARE - ORTESE II,07-05-10-010
Benue,Gboko,Mbakper,PREMISES - BESIDE RTCN,07-05-10-011
Benue,Gboko,Mbakper,NKST. PRIM. SCHOOL - AKAAJIME,07-05-10-012
Benue,Gboko,Mbakper,"NEAR ALI, ABIE COMPOUND",07-05-10-013
Benue,Gboko,Mbakper,"COLLEGE - TOFI, MEMORIAL",07-05-10-014
Benue,Gboko,Mbakper,NEAR AHAMBE GYAKPA COMPOUND,07-05-10-015
Benue,Gboko,Mbakper,NEAR HIIM AHOBIAM COMPOUND ,07-05-10-016
Benue,Gboko,Mbakper,ARKET SQUARE - ANIKYOV,07-05-10-017
Benue,Gboko,Mbakper,LGEA PRIM. SCHOOL - AKAA,07-05-10-018
Benue,Gboko,Mbakper,ARKET SQUARE - TOMANYIIN I,07-05-10-019
Benue,Gboko,Mbakper,NKST. PRIM. SCHOOL - ABANGER,07-05-10-020
Benue,Gboko,Mbakper,MARKET SQUARE - TOMANYIIN II,07-05-10-021
Benue,Gboko,Mbakper,LGEA PRIM. SCHOOL I - ADUUV,07-05-10-022
Benue,Gboko,Mbakper,LGEA PRIM. SCHOOL - AMBOR,07-05-10-023
Benue,Gboko,Mbakper,LGEA PRIM. SCHOOL - AMBOR ,07-05-10-024
Benue,Gboko,Mbakper,LGEA PRIM. SCHOOL - TSE NYAJO ,07-05-10-025
Benue,Gboko,Mbakper,LGEA PRIM. SCHOOL - IKPAIVUUNGU,07-05-10-026
Benue,Gboko,Mbakper,"NKST PRIM. SCHOOL, AMERA",07-05-10-027
Benue,Gboko,Mbakper,NKST. PRIM. SCHOOL - AKERAN,07-05-10-028
Benue,Gboko,Mbakper,"NKST PRIM. SCHOOL, VANDE",07-05-10-029
Benue,Gboko,Mbakper,NKST PRI. SCHOOL - ANYONGU,07-05-10-030
Benue,Gboko,Mbakper,NEAR IHIL INJA COMPOUND,07-05-10-031
Benue,Gboko,Mbakper,NKST. PRIM SCHOOL I - TSE KAGHER,07-05-10-032
Benue,Gboko,Mbakper,OPEN SPACE MBAGHO,07-05-10-033
Benue,Gboko,Mbakper,NEAR AWANNGBA COMPOUND,07-05-10-034
Benue,Gboko,Mbakper,BESIDE NKST CHURCH NBAAMANDEV,07-05-10-035
Benue,Gboko,Mbakper,NKST PRIM. SCHOOL - AGUJI,07-05-10-036
Benue,Gboko,Mbakper,RCM PRIM. SCHOOL. 1 - BUA I ,07-05-10-037
Benue,Gboko,Mbakper,NEAR CREATIVITY NURSERY & PRIMARY SCHOOL GATE,07-05-10-038
Benue,Gboko,Mbakper,LGEA PRIM. SCHOOL - TOR-AJILA,07-05-10-039
Benue,Gboko,Mbakper,LGEA PRIM. SCHOOL - ADOOR,07-05-10-040
Benue,Gboko,Mbakper,SNR STAFF QUARTERS GATE - BCC PLC - MKAR,07-05-10-041
Benue,Gboko,Mbakper,NEAR GBAZAN COMPOUND,07-05-10-042
Benue,Gboko,Mbakper,LEGEA PRIM. SCH. IKPAVNGU,07-05-10-043
Benue,Gboko,Mbakper,MARKET SQUARE - MASEJE,07-05-10-044
Benue,Gboko,Mbakper,OPEN SPACE - ADUE JOV COMP. ,07-05-10-045
Benue,Gboko,Mbakper,OPEN SPACE - TSE IGBOKO COMP.,07-05-10-046
Benue,Gboko,Mbakper,OPEN SPACE - AYILA-KOR,07-05-10-047
Benue,Gboko,Mbakper,OPPOSITE OPEN SPACE TSE-USEN,07-05-10-048
Benue,Gboko,Mbakper,NKST SCH. OF HEALTH TECH. GATE MKAR,07-05-10-049
Benue,Gboko,Mbakper,NEAR HARRY PASS POLYTHECNIC GATE,07-05-10-050
Benue,Gboko,Mbakper,TOMANYIN MARKET SQUARE,07-05-10-051
Benue,Gboko,Mbakper,BNARDA OFFICE PREMISES AKAAJIME,07-05-10-052
Benue,Gboko,Mbakwen,MARKET SQUARE - IKPA I,07-05-11-001
Benue,Gboko,Mbakwen,MARKET SQUARE - IKPA II,07-05-11-002
Benue,Gboko,Mbakwen,MARKET SQUARE - MNGBANNGUN,07-05-11-003
Benue,Gboko,Mbakwen,MARKET SQUARE - LUGA I,07-05-11-004
Benue,Gboko,Mbakwen,MARKET SQUARE - LUGA II,07-05-11-005
Benue,Gboko,Mbakwen,MBAKWEN - NR TSE AZA COMP.,07-05-11-006
Benue,Gboko,Mbakwen,MBAKWEN - NR TSE IYORSHAGHER,07-05-11-007
Benue,Gboko,Mbakwen,MARKET SQUARE - ASUKO ,07-05-11-008
Benue,Gboko,Mbakwen,MARKET SQUARE - ISHUWA ,07-05-11-009
Benue,Gboko,Mbakwen,NR VILLAGE - MOZE,07-05-11-010
Benue,Gboko,Mbakwen,MARKET SQUARE - AGNUM AWAGBE,07-05-11-011
Benue,Gboko,Mbakwen,MARKET SQUARE - AGAYO,07-05-11-012
Benue,Gboko,Mbakwen,MARKET SQUARE - ANDE,07-05-11-013
Benue,Gboko,Mbakwen,MARKET SQUARE - AUMAZWA,07-05-11-014
Benue,Gboko,Mbakwen,MARKET SQUARE - IKPENGER,07-05-11-015
Benue,Gboko,Mbakwen,MARKET SQUARE - GUNDU,07-05-11-016
Benue,Gboko,Mbakwen,MARKET SQUARE - KUHWA,07-05-11-017
Benue,Gboko,Mbakwen,MARKET SQUARE - TOM-ATAR,07-05-11-018
Benue,Gboko,Mbakwen,MARKET SQUARE -AGANYI,07-05-11-019
Benue,Gboko,Mbakwen,GSS - IKPA,07-05-11-020
Benue,Gboko,Mbakwen,MBAKWEN - NR TSE-VOR AZEMBE,07-05-11-021
Benue,Gboko,Mbakwen,MBAKWEN - NR ACHA COMP.,07-05-11-022
Benue,Gboko,Mbakwen,MARKET SQUARE WO HYEV,07-05-11-023
Benue,Gboko,Mbatan,MARKET SQUARE - ABATSE,07-05-12-001
Benue,Gboko,Mbatan,MBATAN - NR TSE AWUHE COMP.,07-05-12-002
Benue,Gboko,Mbatan,MARKET SQUARE - APINE I,07-05-12-003
Benue,Gboko,Mbatan,NEAR TSE AJO COMPOUND,07-05-12-004
Benue,Gboko,Mbatan,LGEA PRIM. SCHOOL - IGBE,07-05-12-005
Benue,Gboko,Mbatan,LGEA PRIM. SCHOOL. ANKUM,07-05-12-006
Benue,Gboko,Mbatan,MARKET SQUARE - IGYULA,07-05-12-007
Benue,Gboko,Mbatan,MARKET SQUARE - ANUM,07-05-12-008
Benue,Gboko,Mbatan,MARKET SQUARE - APINE II,07-05-12-009
Benue,Gboko,Mbatan,MBATAN - NR CHONGON COPOUND,07-05-12-010
Benue,Gboko,Mbatan,OPP. CHURCH NKST AIKIE,07-05-12-011
Benue,Gboko,Mbatan,IGBOHO MARKET SQUARE,07-05-12-012
Benue,Gboko,Mbatan,NORMADIC PRIMARY SCHOOL IGYULA,07-05-12-013
Benue,Gboko,Mbatser,LGEA PRIM. SCHOOL - ANDE,07-05-13-001
Benue,Gboko,Mbatser,MBATSER - NR NYIETAGHER AGA COMP.,07-05-13-002
Benue,Gboko,Mbatser,MBATSER - TSE AJAV COMP.,07-05-13-003
Benue,Gboko,Mbatser,MARKET SQUARE - MKANAN,07-05-13-004
Benue,Gboko,Mbatser,LGEA PRIM. SCHOOL - AKUME,07-05-13-005
Benue,Gboko,Mbatser,NR COMP. - TSE-ORYA,07-05-13-006
Benue,Gboko,Mbatser,NURS/PRIM. SCHOOL - AGI,07-05-13-007
Benue,Gboko,Mbatser,LGEA PRIM. SCHOOL - BUNDE,07-05-13-008
Benue,Gboko,Mbatser,LGEA PRIM. SCHOOL - AKPEHE,07-05-13-009
Benue,Gboko,Mbatser,NEAR TSE-AMEE COMPOUND,07-05-13-010
Benue,Gboko,Mbatser,GBOKO COLLEGE OF EDUCATION,07-05-13-011
Benue,Gboko,Mbatser,MARKET SQUARE ATONKO,07-05-13-012
Benue,Gboko,Mbatser,"OPP. TSE YAGA COMPOUND, MBATSER",07-05-13-013
Benue,Gboko,Mbatser,OPPOSITE NKST CHURCH ANGURA,07-05-13-014
Benue,Gboko,Mbatser,YION DAY SECONDARY SCHOOL,07-05-13-015
Benue,Gboko,Mbatser,MARKET SQUARE BUNDE,07-05-13-016
Benue,Gboko,Mbatyu,RCM SCHOOL - AGBILE,07-05-14-001
Benue,Gboko,Mbatyu,MARKET SQUARE - MKI,07-05-14-002
Benue,Gboko,Mbatyu,"NEAR-NRATOTO, YATAR COMPOUND",07-05-14-003
Benue,Gboko,Mbatyu,NEAR - AZAKPE AKWANYA COMPOUND,07-05-14-004
Benue,Gboko,Mbatyu,MARKET SQUARE - IHUNGWANOR,07-05-14-005
Benue,Gboko,Mbatyu,LGEA PRIM. SCHOOL - TSE-NEGE,07-05-14-006
Benue,Gboko,Mbatyu,NEAR - TSE GBILA COMPOUND,07-05-14-007
Benue,Gboko,Mbatyu,NEAR - TSE INDYER COMPOUND,07-05-14-008
Benue,Gboko,Mbatyu,LGEA PRIM. SCHOOL - TSE-KUCHA,07-05-14-009
Benue,Gboko,Mbatyu,LGEA PRIM. SCHOOL - ATUUL,07-05-14-010
Benue,Gboko,Mbatyu,MARKET SQUARE - ANDE,07-05-14-011
Benue,Gboko,Mbatyu,RCM PRIM. SCHOOL - TYODUCH,07-05-14-012
Benue,Gboko,Mbatyu,LGEA PRIM. SCHOOL - ABAVER,07-05-14-013
Benue,Gboko,Mbatyu,GANDO MARKET SQUARE,07-05-14-014
Benue,Gboko,Mbatyu,MARKET SQUATE - TSE KUCHA,07-05-14-015
Benue,Gboko,Mbatyu,L.G.E.A. PRIMARY SCHOOL ANGWE,07-05-14-016
Benue,Gboko,Mbatyu,FACTORY - BCC PLE SOGNBOARD,07-05-14-017
Benue,Gboko,Mbatyu,BCC PLC - GAAV YAJI STREET I,07-05-14-018
Benue,Gboko,Mbatyu,NEAR NKST CHURCH KWER,07-05-14-019
Benue,Gboko,Mbatyu,OPEN SPACE - NR MKILI DOKI,07-05-14-020
Benue,Gboko,Mbatyu,GBILA MARKET SQUARE,07-05-14-021
Benue,Gboko,Mbatyu,MBATYU COUNIL CHAMBER,07-05-14-022
Benue,Gboko,Mbatyu,NKST PRIMARY SCHOOL IVO MKPE,07-05-14-023
Benue,Gboko,Mbatyu,TSE KAA COMMUNITY SQUARE,07-05-14-024
Benue,Gboko,Ukpekpe,LGEA PRIM SCHOOL - AMUA,07-05-15-001
Benue,Gboko,Ukpekpe,NEAR TSE INJE COMPOUND,07-05-15-002
Benue,Gboko,Ukpekpe,MBAKATU PRI. HEALTH CARE,07-05-15-003
Benue,Gboko,Ukpekpe,MBAKATU PRI. SCHOOL - ISHOM,07-05-15-004
Benue,Gboko,Ukpekpe,NEAR TSE-SHIE COMPOUND,07-05-15-005
Benue,Gboko,Ukpekpe,OPP. BENUE CEMENT FACTORY ESTATE,07-05-15-006
Benue,Gboko,Ukpekpe,LGEA PRIM. SCHO. KUHWA,07-05-15-007
Benue,Gboko,Ukpekpe,LGEA PRIM. SCHOOL - HULE,07-05-15-008
Benue,Gboko,Ukpekpe,MARKET SQUARE PADA,07-05-15-009
Benue,Gboko,Ukpekpe,LGEA PRIM. SCHOOL MBAAMENDE,07-05-15-010
Benue,Gboko,Ukpekpe,LGEA PRIM. SCHOOL - SHENGE,07-05-15-011
Benue,Gboko,Ukpekpe,NEAR ANUM AYATI COMPOUND,07-05-15-012
Benue,Gboko,Ukpekpe,NEAR TSE ADAMATE I COMPOUND,07-05-15-013
Benue,Gboko,Ukpekpe,NEAR TSE ADAMATE COMPOUND,07-05-15-014
Benue,Gboko,Ukpekpe,ANDOR MARKET SQUARE,07-05-15-015
Benue,Gboko,Yandev North,NEAR APEINUMBU COMPOUND,07-05-16-001
Benue,Gboko,Yandev North,NEAR MBALUKA COMPOUND,07-05-16-002
Benue,Gboko,Yandev North,MARKET SQUARE - TYEKU,07-05-16-003
Benue,Gboko,Yandev North,CHRISTIAN REFORMED INST. - ANA AMBER,07-05-16-004
Benue,Gboko,Yandev North,NEAR KUSUV COMPOUND I.,07-05-16-005
Benue,Gboko,Yandev North,MARKET SQUARE - MAANA,07-05-16-006
Benue,Gboko,Yandev North,LGEA PRI. SCHOOL - GBACHA,07-05-16-007
Benue,Gboko,Yandev North,YANDEV - BANK OF THE NORTH,07-05-16-008
Benue,Gboko,Yandev North,NEAR KUSUV COMPOUND II.,07-05-16-009
Benue,Gboko,Yandev North,MARKET SQUARE ANKUU,07-05-16-010
Benue,Gboko,Yandev North,LGEA PRIM SCH MBACHII,07-05-16-011
Benue,Gboko,Yandev North,NEAR NKST CHURCH SHIDI,07-05-16-012
Benue,Gboko,Yandev North,TOMATAN MARKET SQUARE,07-05-16-013
Benue,Gboko,Yandev North,MARKET SQUARE TSE-UGIM,07-05-16-014
Benue,Gboko,Yandev North,LGEA PRIMARY SCHOOL ORPIN,07-05-16-015
Benue,Gboko,Yandev South,NKST. PRIM. SCHOOL - GENYI,07-05-17-001
Benue,Gboko,Yandev South,RCM PRIM. SCHOOL - MBADEDA,07-05-17-002
Benue,Gboko,Yandev South,QUARTERS - DZOMON,07-05-17-003
Benue,Gboko,Yandev South,LGEA PRIM. SCHOOL - OR,07-05-17-004
Benue,Gboko,Yandev South,"NKST PRIM. SCHOOL, BURUKU",07-05-17-005
Benue,Gboko,Yandev South,NEAR - TSE AKAME COMPOUND,07-05-17-006
Benue,Gboko,Yandev South,ST. JOHN PRIM. CHOOL VENDE,07-05-17-007
Benue,Gboko,Yandev South,LGEA PRIM. SCHOOL - NOR,07-05-17-008
Benue,Gboko,Yandev South,LGEA PRIM. SHOOL - AKOVOR,07-05-17-009
Benue,Gboko,Yandev South,RCM PRIM. SCHOOL - KYADO I,07-05-17-010
Benue,Gboko,Yandev South,NEAR AUL-MKU COMP. - KYADO II,07-05-17-011
Benue,Gboko,Yandev South,NEAR UCHI CHI COMPOUN-YANDEV SOUTH,07-05-17-012
Benue,Gboko,Yandev South,OPPOSITE NKST PRI. SCH GENYI,07-05-17-013
Benue,Gboko,Yandev South,TARUKPE MARKET SQUARE,07-05-17-014
Benue,Gboko,Yandev South,BEHIND NKST PRIMRY SCHOOL GENYI,07-05-17-015
Benue,Gboko,Yandev South,OPPOSITE RCM CHURCH MBADEDA,07-05-17-016
Benue,Gboko,Yandev South,LGEA PRIMARY SCHOOL TSEYATYO,07-05-17-017
Benue,Gboko,Yandev South,UMA OPEN SPACE,07-05-17-018
Benue,Guma,Abinsi,ABINSI CENTRAL LGEA PRIM. SCHOOL,07-06-01-001
Benue,Guma,Abinsi,ANKWA VILLAGE PLAY GROUND,07-06-01-002
Benue,Guma,Abinsi,GRADE II AREA COURT - ABINSI,07-06-01-003
Benue,Guma,Abinsi,LG. DISPENSARY - ABINSI,07-06-01-004
Benue,Guma,Abinsi,NEAR IKYEREVECOMPOUND - BENCO,07-06-01-005
Benue,Guma,Abinsi,DOGOLAMBA - KABAWA COMPOUND,07-06-01-006
Benue,Guma,Abinsi,NDA-MADU COMPOUND,07-06-01-007
Benue,Guma,Abinsi,NKST OPEN SPACE-ORNE AREA,07-06-01-008
Benue,Guma,Abinsi,MAKERA OPEN SPACE IMAM STREET,07-06-01-009
Benue,Guma,Abinsi,NTA VIEW CENTER,07-06-01-010
Benue,Guma,Abinsi,ATIWAKOR TSOFON KASUWA,07-06-01-011
Benue,Guma,Abinsi,RAHAWA OPEN SPACE,07-06-01-012
Benue,Guma,Abinsi,AFYIFE ROGO - ANGWAN ZUDOR,07-06-01-013
Benue,Guma,Kaambe,AGASHA I - LGEA PRIM SCHOOL AGASHA,07-06-02-001
Benue,Guma,Kaambe,AGASHA II - AGASHA MARKET SQUARE,07-06-02-002
Benue,Guma,Kaambe,NEAR ANGORUGH COMPOUND,07-06-02-003
Benue,Guma,Kaambe,AZOM - LGEA PRIM. SCHOOL - AZOM,07-06-02-004
Benue,Guma,Kaambe,GBERIKON COMPOUND,07-06-02-005
Benue,Guma,Kaambe,IKYOR - LGEA PRIM. SCHOOL IKYOR,07-06-02-006
Benue,Guma,Kaambe,MBAGBAAV COMPOUND,07-06-02-007
Benue,Guma,Kaambe,NEAR ORTSERGA COMPOUND,07-06-02-008
Benue,Guma,Kaambe,TYULEN I - LGEA PRIM. SCHOOL TYULEN,07-06-02-009
Benue,Guma,Kaambe,TYULEN II - TYULEN MARKET SQUARE,07-06-02-010
Benue,Guma,Kaambe,TSE-JOO COMPOUND,07-06-02-011
Benue,Guma,Kaambe,TSE-ALASHI COMPOUND,07-06-02-012
Benue,Guma,Kaambe,TSE AZER IWEV,07-06-02-013
Benue,Guma,Kaambe,UHEMBE BAAKI COMPOUND,07-06-02-014
Benue,Guma,Kaambe,GSS AGASHA,07-06-02-015
Benue,Guma,Kaambe,DEMAYOOSU COMPOUND,07-06-02-016
Benue,Guma,Kaambe,COMPREHENSIVE HEALTH CARE CENTER AGASHA,07-06-02-017
Benue,Guma,Kaambe,TSE FOGA COMPOUND,07-06-02-018
Benue,Guma,Kaambe,TSE ANBUA COMPOUND,07-06-02-019
Benue,Guma,Mbabai,ABIGE MARKET SQUARE,07-06-03-001
Benue,Guma,Mbabai,ATONGO COMPOUND,07-06-03-002
Benue,Guma,Mbabai,"GWABO LGEA PRIM SCHOOL, GWABO",07-06-03-003
Benue,Guma,Mbabai,IMANDE UTIME COMPOUND,07-06-03-004
Benue,Guma,Mbabai,MBAGWA I - HAAGA COMPOUND,07-06-03-005
Benue,Guma,Mbabai,MBAGWA II - MKPE AYAKU COMPOUND,07-06-03-006
Benue,Guma,Mbabai,MBAGWA III - CHIA MKENA COMPOUND,07-06-03-007
Benue,Guma,Mbabai,ORTSEGA COMPOUND,07-06-03-008
Benue,Guma,Mbabai,SHIMJE TARKENDE - TSE DAUDU,07-06-03-009
Benue,Guma,Mbabai,"TSE-WURA I - LGEA PRIM SCHOOL, WURA",07-06-03-010
Benue,Guma,Mbabai,UIKPAM I - LGEA PRIM. SCHOOL - UIKPAM,07-06-03-011
Benue,Guma,Mbabai,UIKPAM II - UIKPA MARKET SQUARE,07-06-03-012
Benue,Guma,Mbabai,TSE -WURA II -,07-06-03-013
Benue,Guma,Mbadwem,ANGUR COMPOUND,07-06-04-001
Benue,Guma,Mbadwem,ANGYOM COMPOUND,07-06-04-002
Benue,Guma,Mbadwem,ANINGE - LGEA PRIM. SCHOOL. ANINGE,07-06-04-003
Benue,Guma,Mbadwem,ASANGABAR - LGEA PRIM. SCHOOL. ASANGABAR,07-06-04-004
Benue,Guma,Mbadwem,"BUA DYU - IMANDE, NEAR BUA COMPOUND",07-06-04-005
Benue,Guma,Mbadwem,INGBANKYOR - LGEA SCHOOL - INGBANKYOR,07-06-04-006
Benue,Guma,Mbadwem,TORKULA I - LGEA PRIM. SCHOOL - TORKULA,07-06-04-007
Benue,Guma,Mbadwem,TORKULA II - LGEA PRIM. SCHOOL - TORKULA,07-06-04-008
Benue,Guma,Mbadwem,"TORKPANDE - LGEA PRIM SCHOOL, TORKPANDE",07-06-04-009
Benue,Guma,Mbadwem,UMENGER I - LGEA PRIM. UMENGER,07-06-04-010
Benue,Guma,Mbadwem,UMENGER II - UMENGER MOTOR PARK,07-06-04-011
Benue,Guma,Mbadwem,ZANZAN ABIGWA COMPOUND,07-06-04-012
Benue,Guma,Mbadwem,UGEH-IFU COMPOUND,07-06-04-013
Benue,Guma,Mbadwem,NEAR IORTYON DURA COMPOUND,07-06-04-014
Benue,Guma,Mbawa,"ALI AGUDI - LGEA PRIM. SCHOOL, - ALI AGUDU",07-06-05-001
Benue,Guma,Mbawa,ANKUNGU COMPOUND,07-06-05-002
Benue,Guma,Mbawa,AYEM COMPOUND,07-06-05-003
Benue,Guma,Mbawa,CHIA NYAM COMPOUND,07-06-05-004
Benue,Guma,Mbawa,"DAUDU - RCM SCHOOL, DAUDU",07-06-05-005
Benue,Guma,Mbawa,GBANDE GBE COMPOUND,07-06-05-006
Benue,Guma,Mbawa,GBANDE UPELE - TSE GBANDE COMPOUND,07-06-05-007
Benue,Guma,Mbawa,HUMBAOR AGER - LGEA PRIM. HUMBAOR AGAR,07-06-05-008
Benue,Guma,Mbawa,IGBAHINA COMPOUND,07-06-05-009
Benue,Guma,Mbawa,INUNDU - LGEA PRIM. SCHOOL. INUNDU,07-06-05-010
Benue,Guma,Mbawa,NYIOR AKA COMPOUND,07-06-05-011
Benue,Guma,Mbawa,TSE IHOM COMPOUND,07-06-05-012
Benue,Guma,Mbawa,TSE AVINE - LGEA PRIM. SCHOOL. AVINE,07-06-05-013
Benue,Guma,Mbawa,TSE IORSHE COMPOUND,07-06-05-014
Benue,Guma,Mbawa,TSE YEV COMPOUND,07-06-05-015
Benue,Guma,Mbawa,TSE TYONDON COMPOUND,07-06-05-016
Benue,Guma,Mbawa,"TYOHENBE - LGEA SCHOOL, TYOHENBE",07-06-05-017
Benue,Guma,Mbawa,DAUDU SOUTH NKST DAUDU,07-06-05-018
Benue,Guma,Mbawa,MBAWA COMMUNITY SCHOOL DAUDU,07-06-05-019
Benue,Guma,Mbawa,AGRIC AGRO SERVICE CENTER DAUDU,07-06-05-020
Benue,Guma,Mbayer/Yandev,"ADAYI - LGEA PRIM. SCHOOL, ADAYI",07-06-06-001
Benue,Guma,Mbayer/Yandev,AMUA HEALTH CLINIC,07-06-06-002
Benue,Guma,Mbayer/Yandev,HAGHER COMPOUND,07-06-06-003
Benue,Guma,Mbayer/Yandev,IKPEN - TSE-IKPEN COMPOUND,07-06-06-004
Benue,Guma,Mbayer/Yandev,IKYOY GBISHA COMPOUND,07-06-06-005
Benue,Guma,Mbayer/Yandev,"MAKONDO - LGEA PRIM. SCHOOL., MAKONDO",07-06-06-006
Benue,Guma,Mbayer/Yandev,"MBADEV - RCM SCHOOL, UHEMBE",07-06-06-007
Benue,Guma,Mbayer/Yandev,MBAAVONGU - LGEA KULAYEMEN,07-06-06-008
Benue,Guma,Mbayer/Yandev,MBAWURA - IGYOROUGH COMPOUND,07-06-06-009
Benue,Guma,Mbayer/Yandev,"SARWUAN - LGEA SCHOOL, SARWUAN",07-06-06-010
Benue,Guma,Mbayer/Yandev,"TSE BEEKU - LGEA SCHOOL, BEEKU",07-06-06-011
Benue,Guma,Mbayer/Yandev,TSE KELEKE COMPOUND,07-06-06-012
Benue,Guma,Mbayer/Yandev,TSE KPANYER - KPANYER MARKET SQUARE,07-06-06-013
Benue,Guma,Mbayer/Yandev,"YOGBO I - LGEA SCHOOL, YOGBO",07-06-06-014
Benue,Guma,Mbayer/Yandev,YOGBOII - YOGBO II - YOGBO MARKET SQUARE,07-06-06-015
Benue,Guma,Mbayer/Yandev,ZEGEOR INUNDU MARKET SQUARE,07-06-06-016
Benue,Guma,Mbayer/Yandev,MBAGBEOR - TSE UKER COMPOUND,07-06-06-017
Benue,Guma,Mbayer/Yandev,YOGBO MOTOR PARK,07-06-06-018
Benue,Guma,Mbayer/Yandev,"UHEMBE - LGEA SCHOOL, UHEMBA",07-06-06-019
Benue,Guma,Mbayer/Yandev,TSE GOON COMPOUND,07-06-06-020
Benue,Guma,Nyiev,AGBOUGH COMPOUND,07-06-07-001
Benue,Guma,Nyiev,TSE HIRNYAM COMPOUND,07-06-07-002
Benue,Guma,Nyiev,TSE IHO COMPOUND,07-06-07-003
Benue,Guma,Nyiev,TSE IKYOON COMPOUND,07-06-07-004
Benue,Guma,Nyiev,INIONDU COMPOUND,07-06-07-005
Benue,Guma,Nyiev,TSE IVAAN COMPOUND,07-06-07-006
Benue,Guma,Nyiev,KIDAM - TSE ANGUR COMPOUND,07-06-07-007
Benue,Guma,Nyiev,TSE MAGUN COMPOUND,07-06-07-008
Benue,Guma,Nyiev,"MBACHOHON BAPTIST SCHOOL, UDEI",07-06-07-009
Benue,Guma,Nyiev,MBAKULAYEM I - TSE LIM COMPOUND,07-06-07-010
Benue,Guma,Nyiev,MBAZUGBE I - TOWN HALL UDEI,07-06-07-011
Benue,Guma,Nyiev,MBANYAM - NKST. SCHOOL. GYUNGU,07-06-07-012
Benue,Guma,Nyiev,"MOM - LGEA SCHOOL., MOM",07-06-07-013
Benue,Guma,Nyiev,NGBAN - LGEA SCHOOL. NGBAN,07-06-07-014
Benue,Guma,Nyiev,OROGBO - TSE OROGBO COMPOUND,07-06-07-015
Benue,Guma,Nyiev,PEVIKYAA - ALU AMOUGH COMPOUND,07-06-07-016
Benue,Guma,Nyiev,TSE - AMA - LGEA SCHOOL. TSE-AMA,07-06-07-017
Benue,Guma,Nyiev,TSE DAV - DAV COMPOUND,07-06-07-018
Benue,Guma,Nyiev,TSEAREV - LGEA SCHOOL. IKYAA,07-06-07-019
Benue,Guma,Nyiev,ZAYOL - TSE ZAYOL COMPOUND,07-06-07-020
Benue,Guma,Nyiev,ULOHOL COMPOUND,07-06-07-021
Benue,Guma,Nyiev,"YELEWATER - RCM SCHOOL, YELEWATER",07-06-07-022
Benue,Guma,Nyiev,MBAZUGBE II,07-06-07-023
Benue,Guma,Nyiev,MBAKULAYEM II,07-06-07-024
Benue,Guma,Nyiev,TSE PEM COMPOUND,07-06-07-025
Benue,Guma,Nyiev,TSE ANSHONGU LGEA SCHOOL,07-06-07-026
Benue,Guma,Nyiev,TSE KYOGEN COMPOUND,07-06-07-027
Benue,Guma,Nyiev,KINGA UPAA SACRED HEART,07-06-07-028
Benue,Guma,Nyiev,TSE TATYOUGH ABUGHUL CPD,07-06-07-029
Benue,Guma,Nzorov,"AGBAKA - LGEA SCHOOL, AGBAK",07-06-08-001
Benue,Guma,Nzorov,"AHENTSE - LGEA SCHOOL, AHENTSE",07-06-08-002
Benue,Guma,Nzorov,"AKO - LGEA SCHOOL, AKO",07-06-08-003
Benue,Guma,Nzorov,AKOR VILLAGE PLAY GROUND,07-06-08-004
Benue,Guma,Nzorov,LG. DISPENSARY GBAJIMBA,07-06-08-005
Benue,Guma,Nzorov,"IORDYE - LGEA SCHOOL, IORDYE",07-06-08-006
Benue,Guma,Nzorov,SHAMIOR AREA,07-06-08-007
Benue,Guma,Nzorov,TOM ANYIIN MARKET SQUARE,07-06-08-008
Benue,Guma,Nzorov,TSE BAKO COMPOUND,07-06-08-009
Benue,Guma,Nzorov,TSE KYEGH COMPOUND,07-06-08-010
Benue,Guma,Nzorov,TSE ORMEGHA COMPOUND,07-06-08-011
Benue,Guma,Nzorov,TSE SHIRSHA COMPOUND,07-06-08-012
Benue,Guma,Nzorov,TSOFON KASUWA - OLD MARKET - GBAJIMBA,07-06-08-013
Benue,Guma,Nzorov,KONDON - TSE KONDON COMPOUND,07-06-08-014
Benue,Guma,Nzorov,SHAMIOR II COLLEGE OF EDU.,07-06-08-015
Benue,Guma,Nzorov,TSE ORTOM VILLAGE ORTOM,07-06-08-016
Benue,Guma,Nzorov,DWAGHNGU MARKET SQUARE,07-06-08-017
Benue,Guma,Nzorov,AKULOKO MARKET SQUARE,07-06-08-018
Benue,Guma,Nzorov,TSE BAKO LOGO II,07-06-08-019
Benue,Guma,Nzorov,GOVT.SCI.&TECH.COLLEGE GBAJ,07-06-08-020
Benue,Guma,Saghev,"AIIM - LGEA SCHOOL, AIIM",07-06-09-001
Benue,Guma,Saghev,"ANDIAR - LGEA SCHOOL, ANDIAR",07-06-09-002
Benue,Guma,Saghev,"IGBENKE - LGEA SCHOOL, IGBENKE",07-06-09-003
Benue,Guma,Saghev,"IJOV - LGEA SCHOOL, IJOV",07-06-09-004
Benue,Guma,Saghev,"INUMBUR - LGEA SCHOOL, INUMBUR",07-06-09-005
Benue,Guma,Saghev,"IKYUAN - LGEA SCHOOL, IKYUAN",07-06-09-006
Benue,Guma,Saghev,"ISHAN - LGEA CHOOL, ISHAN",07-06-09-007
Benue,Guma,Saghev,"IWA-NYAJO - LGEA SCHOOL, IWA-NYAJO",07-06-09-008
Benue,Guma,Saghev,"KPAV I - LGEA SCHOOL, KPAV",07-06-09-009
Benue,Guma,Saghev,"KPAV II - LGEA SCHOOL, KPAV",07-06-09-010
Benue,Guma,Saghev,"KPOUGHUL - LGEA SCHOOL, KPOUGHUL",07-06-09-011
Benue,Guma,Saghev,"TSE AVIAKA - LGEA SCHOOL, KPOUGHUL",07-06-09-012
Benue,Guma,Saghev,"TSE AKPA - LGEA SCHOOL, AKPA",07-06-09-013
Benue,Guma,Saghev,"TSE GINDE - LGEA SCHOOL, TSE GINDE",07-06-09-014
Benue,Guma,Saghev,TSE NYAJO - TSE NYAJO COMPOUND,07-06-09-015
Benue,Guma,Saghev,"TSE IKYO - LGEA SCHOOL, TSE IKYO",07-06-09-016
Benue,Guma,Saghev,"TSE SHAGBA - LGEA SCHOL, TSE TSAVNUM",07-06-09-017
Benue,Guma,Saghev,"TSE TSAVNUM - LGEA SCHOOK, TSE TSAVNUM",07-06-09-018
Benue,Guma,Saghev,TOMATAR I - TOMATAR MARKET SQUARE,07-06-09-019
Benue,Guma,Saghev,"TOMATAR II - LGEA SCHOOL, TOMATAR",07-06-09-020
Benue,Guma,Saghev,TSEGHEN COMPOUND,07-06-09-021
Benue,Guma,Saghev,"USOUGHUL - LGEA SCHOOL, USOUGHUL",07-06-09-022
Benue,Guma,Saghev,AGENKE - OPEN SPACE,07-06-09-023
Benue,Guma,Saghev,LGEA SCHOOL TSE AN-USU,07-06-09-024
Benue,Guma,Saghev,LGEA SCHOOL BEGA,07-06-09-025
Benue,Guma,Saghev,LGEA SCHOOL AKURE,07-06-09-026
Benue,Guma,Saghev,NEAR ST MATTHEWS CATHOLIC CHURCH AUNA,07-06-09-027
Benue,Guma,Saghev,LGEA SCHOOL ALUGA,07-06-09-028
Benue,Guma,Saghev,TSE UGBENDE,07-06-09-029
Benue,Guma,Saghev,TSF KASHIN,07-06-09-030
Benue,Guma,Saghev,TSE UTEM LGEA SCHOOL,07-06-09-031
Benue,Guma,Saghev,TSE ABI MARKET SQUARE,07-06-09-032
Benue,Guma,Uvir,ADO COMPOUND,07-06-10-001
Benue,Guma,Uvir,"ASOM - LGEA SCHOOL, ASOM",07-06-10-002
Benue,Guma,Uvir,"BAM - LGEA SCHOOL, BAM",07-06-10-003
Benue,Guma,Uvir,DUGERI COMPOUND,07-06-10-004
Benue,Guma,Uvir,"IJOH - LGEA SCHOOL, IJOH",07-06-10-005
Benue,Guma,Uvir,IORNDIAR - AKUMBA TIZA COMPOUND,07-06-10-006
Benue,Guma,Uvir,IMANDE DEM AREA I,07-06-10-007
Benue,Guma,Uvir,IYE - IYE MARKET SQUARE,07-06-10-008
Benue,Guma,Uvir,"KASEYO - LGEA SCHOOL, KASEYO",07-06-10-009
Benue,Guma,Uvir,NYAM UKAA COMPOUND,07-06-10-010
Benue,Guma,Uvir,PAKENA COMPOUND,07-06-10-011
Benue,Guma,Uvir,TSE AKENYI - HEALTH CLINIC,07-06-10-012
Benue,Guma,Uvir,TSE ORVIHI COMPOUND,07-06-10-013
Benue,Guma,Uvir,UHUWE - LGEA UHUWE,07-06-10-014
Benue,Guma,Uvir,UKAA COMPOUND,07-06-10-015
Benue,Guma,Uvir,NEAR USENDA COMPOUND,07-06-10-016
Benue,Guma,Uvir,IMANDE DEM AREA II,07-06-10-017
Benue,Guma,Uvir,ULEVA ALUGA COMPOUND ULEVA,07-06-10-018
Benue,Guma,Uvir,KASEYO II KASEYO MKT. SQUARE,07-06-10-019
Benue,Guma,Uvir,LGEA SCHOOL ANTSO,07-06-10-020
Benue,Gwer East,Akpach'ayi,"AINU, LGED SCHOOL",07-07-01-001
Benue,Gwer East,Akpach'ayi,"UGBOBA, LGED SCHOOL",07-07-01-002
Benue,Gwer East,Akpach'ayi,AKPACHAYI LGED SCHOOL,07-07-01-003
Benue,Gwer East,Akpach'ayi,"AIDI, MARKET SQUARE",07-07-01-004
Benue,Gwer East,Akpach'ayi,IHIEJWO MKT SQ,07-07-01-005
Benue,Gwer East,Akpach'ayi,"LGEA PRI SCH, EPWA-ODEHE",07-07-01-006
Benue,Gwer East,Aliade Town,"RCM SCHOOL, ALIADE",07-07-02-001
Benue,Gwer East,Aliade Town,ALIADE LGED SCHOOL I,07-07-02-002
Benue,Gwer East,Aliade Town,ALIADE LGED SCHOOL II,07-07-02-003
Benue,Gwer East,Aliade Town,MBAKINE ROAD ALIADE I,07-07-02-004
Benue,Gwer East,Aliade Town,MBAKINE ROAD ALIADE II,07-07-02-005
Benue,Gwer East,Aliade Town,"MDA HALL, ALIADE",07-07-02-006
Benue,Gwer East,Aliade Town,"DANCO GUEST HOUSE , ALIADE",07-07-02-007
Benue,Gwer East,Aliade Town,PUBLIC SQUARE ALIADE I,07-07-02-008
Benue,Gwer East,Aliade Town,PUBLIC SQUARE ALIADE II,07-07-02-009
Benue,Gwer East,Aliade Town,"PARK & GARDEN, ALIADE",07-07-02-010
Benue,Gwer East,Aliade Town,LEPROSY CLINIC ALIADE I,07-07-02-011
Benue,Gwer East,Aliade Town,LEPROSY CLINIC ALIADE II,07-07-02-012
Benue,Gwer East,Aliade Town,"TSE UGO, LGED SCHOOL",07-07-02-013
Benue,Gwer East,Aliade Town,"KULAVAAN, OPEN SPACE",07-07-02-014
Benue,Gwer East,Aliade Town,LELE MARKET SQUARE I,07-07-02-015
Benue,Gwer East,Aliade Town,LELE MARKET SQUARE II,07-07-02-016
Benue,Gwer East,Aliade Town,ALIADE LGED SCHOOL III,07-07-02-017
Benue,Gwer East,Aliade Town,PUBLIC SQUARE ALIADE III,07-07-02-018
Benue,Gwer East,Aliade Town,GENERAL HOSP. ALIADE,07-07-02-019
Benue,Gwer East,Aliade Town,SHAL MKT SQ,07-07-02-020
Benue,Gwer East,Aliade Town,JATO UDUM OPEN SPACE,07-07-02-021
Benue,Gwer East,Aliade Town,UBA MKT JUNCTION,07-07-02-022
Benue,Gwer East,Aliade Town,APEX NUR/PRI SCHOOL ALIADE,07-07-02-023
Benue,Gwer East,Aliade Town,NKST SCH ALIADE ,07-07-02-024
Benue,Gwer East,Aliade Town,STADIUM ALIADE,07-07-02-025
Benue,Gwer East,Gbemacha,"ADUKU, RCM SCHOOL",07-07-03-001
Benue,Gwer East,Gbemacha,"UTEE JEMBE, OPEN SPACE",07-07-03-002
Benue,Gwer East,Gbemacha,UUSE OPEN SPACE I,07-07-03-003
Benue,Gwer East,Gbemacha,UUSE OPEN SPACE II,07-07-03-004
Benue,Gwer East,Gbemacha,UGON OPEN SPACE I,07-07-03-005
Benue,Gwer East,Gbemacha,UGON OPEN SPACE II,07-07-03-006
Benue,Gwer East,Gbemacha,"IORKYAA, OPEN SPACE",07-07-03-007
Benue,Gwer East,Gbemacha,"ADETSAV, LGED SCHOOL",07-07-03-008
Benue,Gwer East,Gbemacha,IGBA APUA OPEN SPACE,07-07-03-009
Benue,Gwer East,Ikyogbajir,TOMATAR MARKET SQUARE,07-07-04-001
Benue,Gwer East,Ikyogbajir,ADUETSAV LGED SCHOOL I,07-07-04-002
Benue,Gwer East,Ikyogbajir,"SAMU, LGED SCHOOL ",07-07-04-003
Benue,Gwer East,Ikyogbajir,"TSE NUNGEA, OPEN SPACE",07-07-04-004
Benue,Gwer East,Ikyogbajir,"AJINE, LGED SCHOOL",07-07-04-005
Benue,Gwer East,Ikyogbajir,"UKYARI, MARKET SQUARE",07-07-04-006
Benue,Gwer East,Ikyogbajir,ADUETSAV LGED SCHOOL II,07-07-04-007
Benue,Gwer East,Ikyogbajir,TSE BAKA OPEN SPACE,07-07-04-008
Benue,Gwer East,Ikyogbajir,LGED SCH MBACHILA,07-07-04-009
Benue,Gwer East,Ikyogbajir,LGED SCHOOL AKPOUGHUL ,07-07-04-010
Benue,Gwer East,Ikyonov,LIJAM MARKET SQUARE I - LIJAM,07-07-05-001
Benue,Gwer East,Ikyonov,LIJAM MARKET SQUARE II - LIJAM,07-07-05-002
Benue,Gwer East,Ikyonov,"RECM SCHOOL, SEGHER I - SEGHER VILLAGE",07-07-05-003
Benue,Gwer East,Ikyonov,"RECM SCHOOL, SEGHER II - SEGHER VILLAGE",07-07-05-004
Benue,Gwer East,Ikyonov,JIWUNDE MARKET SQUARE - JIWUNDE,07-07-05-005
Benue,Gwer East,Ikyonov,RCM SCHOOL UTURUGH I - UTURUGH VILLAGE ,07-07-05-006
Benue,Gwer East,Ikyonov,RCM SCHOOL UTURUGH II - UTURUGH VILLAGE ,07-07-05-007
Benue,Gwer East,Ikyonov,"RCM SCHOOL, NYAMAGBADU I - NYAMGBADU",07-07-05-008
Benue,Gwer East,Ikyonov,CLAN OFFICE ASHINA I - ASHINA TOWN,07-07-05-009
Benue,Gwer East,Ikyonov,CLAN OFFICE ASHINA II - ASHINA TOWN,07-07-05-010
Benue,Gwer East,Ikyonov,"NYAMAGBADU II, RCM SCHOOL",07-07-05-011
Benue,Gwer East,Ikyonov,AKPA MBAAFA O. S.,07-07-05-012
Benue,Gwer East,Ikyonov,TSE ORBUNDE PLAY GROUND ,07-07-05-013
Benue,Gwer East,Ikyonov,AKPU MKT SQ,07-07-05-014
Benue,Gwer East,Mbabur,TYOKIGHIR NKST SCHOOL,07-07-06-001
Benue,Gwer East,Mbabur,GYUNGU - RCM SCHOOL,07-07-06-002
Benue,Gwer East,Mbabur,JATO RCM SCHOOL I,07-07-06-003
Benue,Gwer East,Mbabur,JATO RCM SCHOOL II,07-07-06-004
Benue,Gwer East,Mbabur,ASAR -  NKST. SCHOOL,07-07-06-005
Benue,Gwer East,Mbabur,CHEDU - LGED SCHOOL,07-07-06-006
Benue,Gwer East,Mbabur,ABENGA - RCM SCHOOL,07-07-06-007
Benue,Gwer East,Mbabur,HWANDE - NKST SCHOOL,07-07-06-008
Benue,Gwer East,Mbabur,MBAM - MARKET SQUARE,07-07-06-009
Benue,Gwer East,Mbabur,ANKYOCHE LGED SCHOOL,07-07-06-010
Benue,Gwer East,Mbabur,NKST ATOO-AKOH O. S.,07-07-06-011
Benue,Gwer East,Mbabur,ABALI MKT SQ.,07-07-06-012
Benue,Gwer East,Mbabur,GYUNGU MKT SQ.,07-07-06-013
Benue,Gwer East,Mbaise,RCM. SCHOOL - ULLAM - ULLAM,07-07-07-001
Benue,Gwer East,Mbaise,ULLAM MARKET SQUARE - ULLAM VILLAGE,07-07-07-002
Benue,Gwer East,Mbaise,RCM SCHOOL. ZAKI - ZAKI VILLAGE ,07-07-07-003
Benue,Gwer East,Mbaise,MBADATYEV - OPEN SPACE,07-07-07-004
Benue,Gwer East,Mbaise,"NKST. SCHOOL, DOKI I, DOKI VILLAGE ",07-07-07-005
Benue,Gwer East,Mbaise,"RCM SCHOOL, ANHWANGE - ANHWANGE ",07-07-07-006
Benue,Gwer East,Mbaise,AKOR LGED SCHOOL I,07-07-07-007
Benue,Gwer East,Mbaise,NGURAN RCM SCHOOL I,07-07-07-008
Benue,Gwer East,Mbaise,NGURAN RCM SCHOOL II,07-07-07-009
Benue,Gwer East,Mbaise,ASONGO MARKET SQUARE I,07-07-07-010
Benue,Gwer East,Mbaise,ASONGO MARKET SQUARE II,07-07-07-011
Benue,Gwer East,Mbaise,AKOR LGED SCHOOL II,07-07-07-012
Benue,Gwer East,Mbaise,DOKI NKST SCHOOL II,07-07-07-013
Benue,Gwer East,Mbaikyu,TYOUGH GYURA MARKET SQUARE,07-07-08-001
Benue,Gwer East,Mbaikyu,UVA - RCM SCHOOL,07-07-08-002
Benue,Gwer East,Mbaikyu,SHANNA I - NKST SCHOOL,07-07-08-003
Benue,Gwer East,Mbaikyu,NKST SCHOOL SHANNA II,07-07-08-004
Benue,Gwer East,Mbaikyu,MASE I - LGED SCHOOL,07-07-08-005
Benue,Gwer East,Mbaikyu,IKPOUGHOUR - LEPROSY CLINIC,07-07-08-006
Benue,Gwer East,Mbaikyu,IGBOR - RCM SCHOOL,07-07-08-007
Benue,Gwer East,Mbaikyu,ANJA - LGED SCHOOL,07-07-08-008
Benue,Gwer East,Mbaikyu,IGBOR ,07-07-08-009
Benue,Gwer East,Mbaikyu,MASE II - LGED SCHOOL,07-07-08-010
Benue,Gwer East,Mbaikyu,RCM SCH MBESE ,07-07-08-011
Benue,Gwer East,Mbaikyu,TINEGENGER O. S.,07-07-08-012
Benue,Gwer East,Mbaikyu,ANSHWA OPEN SPACE,07-07-08-013
Benue,Gwer East,Mbaikyaan,KIMBIR RCM SCHOOL,07-07-09-001
Benue,Gwer East,Mbaikyaan,"AWARGA, OPEN SPACE",07-07-09-002
Benue,Gwer East,Mbaikyaan,"AKUNDE AKOMBO, OPEN SPACE",07-07-09-003
Benue,Gwer East,Mbaikyaan,TARAKU RCM SCHOOL I,07-07-09-004
Benue,Gwer East,Mbaikyaan,TARAKU RCM SCHOOL II,07-07-09-005
Benue,Gwer East,Mbaikyaan,"NKST SCHOOL, TARAKU SCHOOL COMP.",07-07-09-007
Benue,Gwer East,Mbaikyaan,"LGED SCHOOL, TARAKU, LGED SCHOOL",07-07-09-008
Benue,Gwer East,Mbaikyaan,"AGENOR, RCM SCHOOL",07-07-09-009
Benue,Gwer East,Mbaikyaan,"UGEN, RCM SCHOOL",07-07-09-010
Benue,Gwer East,Mbaikyaan,TOMATAR MARKET SQUARE,07-07-09-011
Benue,Gwer East,Mbaikyaan,TARBO LGED SCHOOL I ,07-07-09-012
Benue,Gwer East,Mbaikyaan,TARBO LGED SCHOOL II,07-07-09-013
Benue,Gwer East,Mbaikyaan,ABELAJA OPEN SPACE,07-07-09-014
Benue,Gwer East,Mbaikyaan,ADE RCM SCHOOL I ,07-07-09-015
Benue,Gwer East,Mbaikyaan,ADE RCM SCHOOL II,07-07-09-016
Benue,Gwer East,Mbaikyaan,AGYITSO OPEN SPACE,07-07-09-017
Benue,Gwer East,Mbaikyaan,"TARAKU, CLAN OFFICE",07-07-09-018
Benue,Gwer East,Mbaikyaan,"GYARI, OPEN SPACE",07-07-09-019
Benue,Gwer East,Mbaikyaan,"APEV, LGED SCHOOL",07-07-09-020
Benue,Gwer East,Mbaikyaan,"SEGHER, LGED SCHOOL",07-07-09-021
Benue,Gwer East,Mbaikyaan,UBE JNR SCH TARAKU,07-07-09-022
Benue,Gwer East,Mbaikyaan,PUBLIC S.Q. TARAKU,07-07-09-023
Benue,Gwer East,Mbaikyaan,ADAA MKT SQUARE,07-07-09-024
Benue,Gwer East,Mbalom,"RCM SCHOOL, AGANA - AGANA ",07-07-10-001
Benue,Gwer East,Mbalom,AYAR - MARKET SQUARE,07-07-10-002
Benue,Gwer East,Mbalom,TSE BEE - OPEN SPACE,07-07-10-003
Benue,Gwer East,Mbalom,TSE GUNDU - OPEN SPACE,07-07-10-004
Benue,Gwer East,Mbalom,HUNDU - LGED SCHOOL,07-07-10-005
Benue,Gwer East,Mbalom,PAKA - MARKET SQUARE ,07-07-10-006
Benue,Gwer East,Mbalom,MYENGE - OPEN SPACE,07-07-10-007
Benue,Gwer East,Mbalom,JATO TSWA - RCM SCHOOL,07-07-10-008
Benue,Gwer East,Mbalom,TSE-NEV - OPEN SPACE,07-07-10-009
Benue,Gwer East,Mbalom,WANDOR - NKST. SCHOOL,07-07-10-010
Benue,Gwer East,Mbalom,LGED SCHOOL TSOAKAA,07-07-10-011
Benue,Gwer East,Mbalom,RCM SCHOOL ANSHWA,07-07-10-012
Benue,Gwer East,Mbasombo,"TSE NDYERYO, OPEN SPACE",07-07-11-001
Benue,Gwer East,Mbasombo,"IKPAYONGO I, MARKET SQUARE",07-07-11-002
Benue,Gwer East,Mbasombo,"IKPAYONGO II, MARKET SQUARE",07-07-11-003
Benue,Gwer East,Mbasombo,"GYASEN, OPEN SPACE",07-07-11-004
Benue,Gwer East,Mbasombo,"ABIEM, RCM SCHOOL",07-07-11-005
Benue,Gwer East,Mbasombo,"TSE KUHE, OPEN SPACE",07-07-11-006
Benue,Gwer East,Mbasombo,"AYATI, LGED SCHOOL",07-07-11-007
Benue,Gwer East,Mbasombo,"IKPAYONGO, CLAN OFFICE",07-07-11-008
Benue,Gwer East,Mbasombo,"ANCHIHA I, OPEN SPACE ",07-07-11-009
Benue,Gwer East,Mbasombo,"SAAN AKUSTSA, OPEN SPACE",07-07-11-010
Benue,Gwer East,Mbasombo,"AYABO, RCM SCHOOL",07-07-11-011
Benue,Gwer East,Mbasombo,"ANCHIHA II, OPEN SPACE",07-07-11-012
Benue,Gwer East,Mbasombo,AZEM MKT SQ,07-07-11-013
Benue,Gwer East,Mbasombo,MOUNT ZION ACADEMY IKPAYONGO,07-07-11-014
Benue,Gwer East,Mbayom,GBACHE I - MARKET SQUARE ,07-07-12-001
Benue,Gwer East,Mbayom,APIR - NKST. SCHOOL,07-07-12-002
Benue,Gwer East,Mbayom,ADOKA - MARKET SQUARE,07-07-12-003
Benue,Gwer East,Mbayom,AKPUTU I - MARKET SQUARE ,07-07-12-004
Benue,Gwer East,Mbayom,AKPUTU II - MARKET SQUARE ,07-07-12-005
Benue,Gwer East,Mbayom,GBACHEI I - MARKET SQUARE ,07-07-12-006
Benue,Gwer East,Shough,JORDOON - OPEN SPACE,07-07-13-001
Benue,Gwer East,Shough,CHIHICHAN I - RCM SCHOOL ,07-07-13-002
Benue,Gwer East,Shough,CHIHICHAN II - RCM SCHOOL ,07-07-13-003
Benue,Gwer East,Shough,"ANGWAR, LGED SCHOOL",07-07-13-004
Benue,Gwer East,Shough,"TSE BO, OPEN SPACE",07-07-13-005
Benue,Gwer East,Shough,"USANGE, NKST SCHOOL",07-07-13-006
Benue,Gwer East,Shough,NEV I - LGED SCHOOL ,07-07-13-007
Benue,Gwer East,Shough,AYABO LGED SCHOOL,07-07-13-008
Benue,Gwer East,Shough,"HAR I, RCM SCHOOL",07-07-13-009
Benue,Gwer East,Shough,"HAR II, RCM SCHOOL",07-07-13-010
Benue,Gwer East,Shough,NEV II - LGED SCHOOL ,07-07-13-011
Benue,Gwer East,Shough,NKST UGBA OPEN SPACE,07-07-13-012
Benue,Gwer East,Ugee,TSE IKYAGH - SPACE SPACE,07-07-14-001
Benue,Gwer East,Ugee,"HOWE I, LEPROSY CLINIC",07-07-14-002
Benue,Gwer East,Ugee,"HOWE II, LGED SCHOOL",07-07-14-003
Benue,Gwer East,Ugee,"GBAGIR, OPEN SPACE",07-07-14-004
Benue,Gwer East,Ugee,"AKPE, NKST SCHOOL AKPE",07-07-14-005
Benue,Gwer East,Ugee,"IGBILA I, LGED SCHOOL",07-07-14-006
Benue,Gwer East,Ugee,"IGBILA II, LGED SCHOOL",07-07-14-007
Benue,Gwer East,Ugee,"AKULEGA, OPEN SPACE",07-07-14-008
Benue,Gwer East,Ugee,TOMATAR MARKET SQUARE,07-07-14-009
Benue,Gwer East,Ugee,"TSE GABU, OPEN SPACE",07-07-14-010
Benue,Gwer East,Ugee,"KUEWE, OPEN SPACE",07-07-14-011
Benue,Gwer East,Ugee,"TSE BIAA, OPEN SPACE",07-07-14-012
Benue,Gwer East,Ugee,"ATSOR, OPEN SPACE",07-07-14-013
Benue,Gwer East,Ugee,"UGESA, PLAY GROUND",07-07-14-014
Benue,Gwer East,Ugee,HARGA I - LGED SCHOOL,07-07-14-015
Benue,Gwer East,Ugee,HARGA II - LGED SCHOOL,07-07-14-016
Benue,Gwer East,Ugee,"TYOADAA WAKU, OPEN SPACE",07-07-14-017
Benue,Gwer East,Ugee,UGEEDE OPEN SPACE,07-07-14-018
Benue,Gwer East,Ugee,TSE YIASE OPEN SPACE,07-07-14-019
Benue,Gwer West,Avihijime,"TSE - ACHU - LGEA SCHOOL, ACHU",07-08-01-001
Benue,Gwer West,Avihijime,APENDA - TSE - APENDA COMP.,07-08-01-002
Benue,Gwer West,Avihijime,ANGBAN - ANGBAN COMP.,07-08-01-003
Benue,Gwer West,Avihijime,MTSEKYURAN - TSE MTSEKYURAN,07-08-01-004
Benue,Gwer West,Avihijime,JOR - JOR MARKET SQUARE,07-08-01-005
Benue,Gwer West,Avihijime,"AGBO VENGAV - LGEA SCHOOL, AGBO VENGAV",07-08-01-006
Benue,Gwer West,Avihijime,IGBYADI - IGBYADYI OPEN SPACE,07-08-01-007
Benue,Gwer West,Avihijime,LGEA PRI. SCH. MBAMONDO,07-08-01-008
Benue,Gwer West,Avihijime,CHEGU MKT. SQ.,07-08-01-009
Benue,Gwer West,Gaambe - Ushin,UDAM - UDAM COMP.,07-08-02-001
Benue,Gwer West,Gaambe - Ushin,NEAR GESA CAMPOUND,07-08-02-002
Benue,Gwer West,Gaambe - Ushin,AGBAJA - AGBAJA LEP. CLINIC,07-08-02-003
Benue,Gwer West,Gaambe - Ushin,"IGBOJI - RCM SCHOOL, IGBOJI",07-08-02-004
Benue,Gwer West,Gaambe - Ushin,MBAGE-LGEA PRI. SCH. MBAGE,07-08-02-005
Benue,Gwer West,Gaambe - Ushin,ORKERGA-LGEA PRI. SCH.,07-08-02-006
Benue,Gwer West,Gbaange/Tongov,AONDOGBUUSU - AONDOGBUUSU COMP.,07-08-03-001
Benue,Gwer West,Gbaange/Tongov,"IGBAFU - LGEA SCHOOL, IGBAFU",07-08-03-002
Benue,Gwer West,Gbaange/Tongov,"ENGER - LGEA SCHOOL, ENGER",07-08-03-003
Benue,Gwer West,Gbaange/Tongov,ADUDU - TSE ADUDU COMP.,07-08-03-004
Benue,Gwer West,Gbaange/Tongov,AJI TSE AJI COMP.,07-08-03-005
Benue,Gwer West,Gbaange/Tongov,"AGBERAGBA - LGEA SCHOOL, AGBERAGBA",07-08-03-006
Benue,Gwer West,Gbaange/Tongov,IHOO-RCM SCH.,07-08-03-007
Benue,Gwer West,Gbaange/Tongov,ENGER II-ENGER MRKT. SQUARE,07-08-03-008
Benue,Gwer West,Gbaange/Tongov,GAASE-LGEA SCH. GAASE,07-08-03-009
Benue,Gwer West,Ikyaghev,UNYO - UNYO COMP.,07-08-04-001
Benue,Gwer West,Ikyaghev,GBUUSU - GBUUSU COMP.,07-08-04-002
Benue,Gwer West,Ikyaghev,"ATUKPU - NKST SCHOOL, ATUKPU",07-08-04-003
Benue,Gwer West,Ikyaghev,BODANYI - BODANYI COMP.,07-08-04-004
Benue,Gwer West,Ikyaghev,"SHAAPERA - LGEA SCHOOL, SHAAPERA",07-08-04-005
Benue,Gwer West,Ikyaghev,ADAGBA - TSE ADAGBA COMP.,07-08-04-006
Benue,Gwer West,Ikyaghev,ANDE AJAV - ANDE AJAV OPEN SPACE,07-08-04-007
Benue,Gwer West,Ikyaghev,ABI - ABI COMP.,07-08-04-008
Benue,Gwer West,Ikyaghev,"LGEA SCHOOL, NAKA - LGEA SCHOOL, NAKA",07-08-04-009
Benue,Gwer West,Ikyaghev,"DOOGA - LGEA SCHOOL, TSE ALE",07-08-04-010
Benue,Gwer West,Ikyaghev,NAKA LGEA OFFICE - LGEA OFFICE ADOKA ROAD,07-08-04-011
Benue,Gwer West,Ikyaghev,UGONDU-LGEA SCH. UGONDU,07-08-04-012
Benue,Gwer West,Ikyaghev,PEACE ACADEMY NAKA,07-08-04-013
Benue,Gwer West,Ikyaghev,PEACE COLLEGE NAKA,07-08-04-014
Benue,Gwer West,Ikyaghev,GOVT COMPR. SEC. SCH. NAKA,07-08-04-015
Benue,Gwer West,Ikyaghev,LGEA PRI. SCH. AGBAJA,07-08-04-016
Benue,Gwer West,Ikyaghev,GEN. HOSPITAL NAKA,07-08-04-017
Benue,Gwer West,Ityoughatee/Injaha,"TEMA - LGEA SCHOOL, TEMA",07-08-05-001
Benue,Gwer West,Ityoughatee/Injaha,NEAR AUDU ORYA COMPOUND,07-08-05-002
Benue,Gwer West,Ityoughatee/Injaha,"MBAIER - RCM SCHOOL, MBAIER",07-08-05-003
Benue,Gwer West,Ityoughatee/Injaha,UTIM - UTIM COMP.,07-08-05-004
Benue,Gwer West,Ityoughatee/Injaha,GBADUMA - TSE GBADUMA COMP.,07-08-05-005
Benue,Gwer West,Ityoughatee/Injaha,GIDAN PEPA - GIDAN PEPA COMP.,07-08-05-006
Benue,Gwer West,Ityoughatee/Injaha,MBAKYU-LGEA PRI. SCH. MBAKYU,07-08-05-007
Benue,Gwer West,Ityoughatee/Injaha,NEW NIGERIA-LGEA SCH.,07-08-05-008
Benue,Gwer West,Mbabuande,IKYANDE - IKYANDE MARKET SQUARE,07-08-06-001
Benue,Gwer West,Mbabuande,ACHAI - TSE ACHAI COMP.,07-08-06-002
Benue,Gwer West,Mbabuande,ADAWA - ADAWA MARKET SQUARE,07-08-06-003
Benue,Gwer West,Mbabuande,UKUMA - NKST SCHOOL UKUMA,07-08-06-004
Benue,Gwer West,Mbabuande,AGBE - TSE AGBE COMP.,07-08-06-005
Benue,Gwer West,Mbabuande,"KPERAN - LGEA SCHOOL, KPERAN",07-08-06-006
Benue,Gwer West,Mbabuande,ANTYAM-TSE ANTYAM COMP.,07-08-06-007
Benue,Gwer West,Mbachohon,AGAGBE - AGAGBE MARKET SQUARE,07-08-07-001
Benue,Gwer West,Mbachohon,NAGI CAMP - NAGI MARKET SQUARE,07-08-07-002
Benue,Gwer West,Mbachohon,AJIGBA - NKST. SCHOOL AJIGBA,07-08-07-003
Benue,Gwer West,Mbachohon,AGAGBE II - ST. FRANCIS PRI. SCHOOL,07-08-07-004
Benue,Gwer West,Mbachohon,ST FRANCIS XAVIER SEC. SCH.,07-08-07-005
Benue,Gwer West,Mbachohon,TSE NYITAR OPEN SPACE,07-08-07-006
Benue,Gwer West,Mbachohon,MBAGBISHA-LGEA PRI. SCH.,07-08-07-007
Benue,Gwer West,Mbachohon,MBAZAM-LGEA PRI. SCH. MBAZAM,07-08-07-008
Benue,Gwer West,Mbachohon,EEC CLINIC AGAGBE,07-08-07-009
Benue,Gwer West,Mbanyamshi,ATSWERGA - ATSWERGA COMP.,07-08-08-001
Benue,Gwer West,Mbanyamshi,"KWEGI - LGEA SCHOOL, KWEGI",07-08-08-002
Benue,Gwer West,Mbanyamshi,UCHOV - UCHOV COMP.,07-08-08-003
Benue,Gwer West,Mbanyamshi,YAYUA - TSE YAYUA COMP,07-08-08-004
Benue,Gwer West,Mbanyamshi,ABENA II - ABENA PLAY GROUND,07-08-08-005
Benue,Gwer West,Mbapa,UCHU - TSE UCHU COMP,07-08-09-001
Benue,Gwer West,Mbapa,IKYOGUNDU - IKYOGUNDU COMP.,07-08-09-002
Benue,Gwer West,Mbapa,AKWE - TSE - AKWE COMP.,07-08-09-003
Benue,Gwer West,Mbapa,ATONGO - ATONGO COMP,07-08-09-004
Benue,Gwer West,Mbapa,UDEGHE - TSE-UDEGHE COMP.,07-08-09-005
Benue,Gwer West,Mbapa,AMEE - TSE-AMEE COMP.,07-08-09-006
Benue,Gwer West,Mbapa,"MBAAKPE - NKST SCHOOL, MBAAKPE",07-08-09-007
Benue,Gwer West,Mbapa,MBANYAKA-ST. JOSEPH SCHOOL,07-08-09-008
Benue,Gwer West,Merkyen,ATONDIIR - ATONDIIR MARKET SQUARE,07-08-10-001
Benue,Gwer West,Merkyen,"UGBEA - LGEA SCHOOL, UGBEA",07-08-10-002
Benue,Gwer West,Merkyen,KULA - KULA MARKET SQUARE,07-08-10-003
Benue,Gwer West,Merkyen,ORMIN - LGEA SCHOOL ORMIN,07-08-10-004
Benue,Gwer West,Merkyen,"AJEBE - LGEA SCHOOL, AJEBE",07-08-10-005
Benue,Gwer West,Merkyen,"GBINDE - LGEA SCHOOL, GBINDE",07-08-10-006
Benue,Gwer West,Merkyen,TSE ANYANKA-CHUNDA MKT. SQR.,07-08-10-007
Benue,Gwer West,Saghev/Ukusu,"GOH - LGEA SCHOOL, GOH",07-08-11-001
Benue,Gwer West,Saghev/Ukusu,"IMANDE - RCM SCHOOL, IMANDE",07-08-11-002
Benue,Gwer West,Saghev/Ukusu,"JIMBA - RCM SCHOOL, JIMBA",07-08-11-003
Benue,Gwer West,Saghev/Ukusu,AHUME - AHUME MARKET SQUARE,07-08-11-004
Benue,Gwer West,Saghev/Ukusu,IGBAHENA - IGBAHENA COMP.,07-08-11-005
Benue,Gwer West,Saghev/Ukusu,AGBANU-AGBANU OPEN SPACE,07-08-11-006
Benue,Gwer West,Saghev/Ukusu,IKYOUGH COMP. OPEN SPACE,07-08-11-007
Benue,Gwer West,Saghev/Ukusu,AYIMBA/AYAR (YIASE MRKT SQUARE),07-08-11-008
Benue,Gwer West,Sengev,YUHE - TSE - YUHE COMP.,07-08-12-001
Benue,Gwer West,Sengev,SHIA - TSE - SHIA COMP.,07-08-12-002
Benue,Gwer West,Sengev,ABIAN - ABIAN MARKET SQUARE,07-08-12-003
Benue,Gwer West,Sengev,"MBACHWA - LGEA SCHOOL, MBACHWA",07-08-12-004
Benue,Gwer West,Sengev,"IKYERKYAA - RCM SCHOOL, IKYERKYAA",07-08-12-005
Benue,Gwer West,Sengev,ABIAN II - ABIAN MARKET SQUARE,07-08-12-006
Benue,Gwer West,Sengev,KPAR-RCM SCHOOL KPAR,07-08-12-007
Benue,Gwer West,Sengev,MBADUR-JIKA MARKET SQUARE,07-08-12-008
Benue,Gwer West,Sengev,IORSHASE-LGEA SCHOOL,07-08-12-009
Benue,Gwer West,Sengev/Yengev,TSAVHEMBA - TSAVHEMBA COMP.,07-08-13-001
Benue,Gwer West,Sengev/Yengev,"CHIKPA - TSE CHIKPA COMP,",07-08-13-002
Benue,Gwer West,Sengev/Yengev,BUNAKA - BUNAKA MARKET SQUARE,07-08-13-003
Benue,Gwer West,Sengev/Yengev,"ILIOKO - LGEA SCHOOL, ILIOKO",07-08-13-004
Benue,Gwer West,Sengev/Yengev,"AGBO GYALUWA - LGEA SCHOOL, GYALUWA",07-08-13-005
Benue,Gwer West,Sengev/Yengev,ACHAGH - TSE ACHAGH COMP.,07-08-13-006
Benue,Gwer West,Sengev/Yengev,MBAABAJI-MBAABAJI JUNCTION,07-08-13-007
Benue,Gwer West,Sengev/Yengev,KPEIRYISA OPEN SPACE,07-08-13-008
Benue,Gwer West,Tijime,"GBABI - NKST. SCHOOL, GBABI",07-08-14-001
Benue,Gwer West,Tijime,"MBASAR - RCM SCHOOL, ALUKA",07-08-14-002
Benue,Gwer West,Tijime,"TOMBO - RCM SCHOOL, TOMBO",07-08-14-003
Benue,Gwer West,Tijime,ATO - TSE ATO COMP.,07-08-14-004
Benue,Gwer West,Tijime,"AONDOANA - RCM SCHOOL, AONDOANA",07-08-14-005
Benue,Gwer West,Tijime,"TAMEN - NKST. SCHOOL, TAMEN",07-08-14-006
Benue,Gwer West,Tijime,NEAR TSE-ALOUR COMP. OPEN SPACE,07-08-14-007
Benue,Gwer West,Tijime,AONDOANA II-GOVT. SEC. SCH. AONDOANA,07-08-14-008
Benue,Gwer West,Tsambe/Mbesev,YOGBO - LGEA - YOGBO,07-08-15-001
Benue,Gwer West,Tsambe/Mbesev,"DUGERI - LGEA SCHOOL, DUGERI",07-08-15-002
Benue,Gwer West,Tsambe/Mbesev,"KUKU - LGEA SCHOOL, KUKU",07-08-15-003
Benue,Gwer West,Tsambe/Mbesev,UDEGU - UDEGU MARKET SQUARE,07-08-15-004
Benue,Gwer West,Tsambe/Mbesev,ABU - ABU COMP.,07-08-15-005
Benue,Katsina-Ala,Ikurav Tiev I,IKOWE I -IKOWE MARKET SQUARE,07-09-01-001
Benue,Katsina-Ala,Ikurav Tiev I,IKOWE II -IKOWE MARKET SQUARE,07-09-01-002
Benue,Katsina-Ala,Ikurav Tiev I,NKST. ANBER SCHOOL/SCHOOL COMPOUND,07-09-01-003
Benue,Katsina-Ala,Ikurav Tiev I,LGEA SCHOOL NGIBO/SCHOOL COMPOUND,07-09-01-004
Benue,Katsina-Ala,Ikurav Tiev I,LGEA SCHOOL SORNYI/SCHOOL COMPOUND,07-09-01-005
Benue,Katsina-Ala,Ikurav Tiev I,ANSHIRI AMAR /NEAR ANSHIRA AMAR,07-09-01-006
Benue,Katsina-Ala,Ikurav Tiev I,AYUA MARKET I/AYUA MARKET SQUARE,07-09-01-007
Benue,Katsina-Ala,Ikurav Tiev I,AYUA MARKET II/AYUA MARKET SQUARE,07-09-01-008
Benue,Katsina-Ala,Ikurav Tiev I,AFAAKAA PRIM.SCHOOL/SCHOOL COMPOUND,07-09-01-009
Benue,Katsina-Ala,Ikurav Tiev I,TSE ANAWEGH/ NEAR TSE ANWEGH COMPOUND,07-09-01-010
Benue,Katsina-Ala,Ikurav Tiev I,UTYO HOUSE/ NEAR UTYO HOUSE,07-09-01-011
Benue,Katsina-Ala,Ikurav Tiev I,TSE GBER/LGEA SCHOOL PREMISES TSE-GBER,07-09-01-012
Benue,Katsina-Ala,Ikurav Tiev I,"RCM SCHOOL,ORFE/SCHOOL COMPOUND",07-09-01-013
Benue,Katsina-Ala,Ikurav Tiev I,AFAAKA PRI.SCHOOL II/SCHOOL COMPOUND,07-09-01-014
Benue,Katsina-Ala,Ikurav Tiev I,OPEN SPACE NEAR NKST CHURCH IORZAA,07-09-01-015
Benue,Katsina-Ala,Ikurav Tiev I,OPEN SPACE NEAR NKST CHURCH DZEREMO,07-09-01-016
Benue,Katsina-Ala,Ikurav Tiev I,OPEN SPACE NEAR ST. TITUS CHURCH GBONGBON,07-09-01-017
Benue,Katsina-Ala,Ikurav Tiev I,OPEN SPACE NEAR DORUWA MARKET SQUARE MBAVEGHER,07-09-01-018
Benue,Katsina-Ala,Ikurav Tiev I,OPEN SPACE NEAR PRIMARY HEALTH CENTRE NDELE,07-09-01-019
Benue,Katsina-Ala,Ikurav Tiev I,OPEN SPACE NEAR ST. ANDREW'S CATHOLIC CHURCH CHAVER,07-09-01-020
Benue,Katsina-Ala,Ikurav Tiev I,LGEA PRIMARY SCHOOL ANGIR ,07-09-01-021
Benue,Katsina-Ala,Ikurav Tiev I,"LGEA PRIMARY SCHOOL NOM,AGUNDU",07-09-01-022
Benue,Katsina-Ala,Ikurav Tiev I,"OPEN SPACE NEAR PRIMARY HEALTH CENTRE, AYUA",07-09-01-023
Benue,Katsina-Ala,Ikurav Tiev I,OPEN SPACE NKST CHURCH IGYEKEM,07-09-01-024
Benue,Katsina-Ala,Ikurav Tiev II,HEMEN DAMSA/ NEAR HEMEN DAMSA COMPOUND ,07-09-02-001
Benue,Katsina-Ala,Ikurav Tiev II,TAKOR I/ SCHOOL COMPOUND,07-09-02-002
Benue,Katsina-Ala,Ikurav Tiev II,TAKOR II/ SCHOOL COMPOUND,07-09-02-003
Benue,Katsina-Ala,Ikurav Tiev II,TSE AMINDE/NEAR TSE AMINDE COMPOUND,07-09-02-004
Benue,Katsina-Ala,Ikurav Tiev II,AKAMBER IKYAREM/AKAMBE IKYAREM COMPOUND,07-09-02-005
Benue,Katsina-Ala,Ikurav Tiev II,LGEA SCHOOL  AMUZEGHER/SCHOOL PREMISES,07-09-02-006
Benue,Katsina-Ala,Ikurav Tiev II,NKST SCHOOL TSE YUWA I/SCHOOL PREMISES,07-09-02-007
Benue,Katsina-Ala,Ikurav Tiev II,"NKST. SCHOOL, TSE YUWA II/SCHOOL PREMISES",07-09-02-008
Benue,Katsina-Ala,Ikurav Tiev II,"NKST  SCHOOL, ABO/SCHOOL PREMISES",07-09-02-009
Benue,Katsina-Ala,Ikurav Tiev II,LGEA;AGBER/SCHOOL PREMISES,07-09-02-010
Benue,Katsina-Ala,Ikurav Tiev II,TSE-SENDE/NEAR TSE SENDE COMPOUND,07-09-02-011
Benue,Katsina-Ala,Ikurav Tiev II,LGEA AMUZEGHER II/SCHOOL COMPOUND,07-09-02-012
Benue,Katsina-Ala,Ikurav Tiev II,"OPEN SPACE NEAR ST, FRANCE CATHOLIC CHURCH ZEVER MBAAFAN",07-09-02-013
Benue,Katsina-Ala,Ikurav Tiev II,OPEN SPACE NEAR ST. PETER'S CATHOLIC CHURCH AONDOAKAA,07-09-02-014
Benue,Katsina-Ala,Iwar (Tongov I),AMAAFU VILLAGE/AMAAFU MARKET,07-09-03-001
Benue,Katsina-Ala,Iwar (Tongov I),"LGEA SCHOOL, LOKO/SCHOOL COMPOUND ",07-09-03-002
Benue,Katsina-Ala,Iwar (Tongov I),"NKST. SCHOOL, IKPAKA/SCHOOL COMPOUND ",07-09-03-003
Benue,Katsina-Ala,Iwar (Tongov I),LGEA SCHOOL ANYIATSE (SCH. COMPOUND),07-09-03-004
Benue,Katsina-Ala,Iwar (Tongov I),KWAZA VILLAGE/KWAZA VILLAGE SQUARE,07-09-03-005
Benue,Katsina-Ala,Iwar (Tongov I),"RCM SCHOOL, TWAR/SCHOOL PREMISES",07-09-03-006
Benue,Katsina-Ala,Iwar (Tongov I),NUMBEVE VILLAGE (NUMBER VILLAGE SQUARE),07-09-03-007
Benue,Katsina-Ala,Iwar (Tongov I),PAWA VILLAGE/PAWA VILLAGE SQUARE,07-09-03-008
Benue,Katsina-Ala,Iwar (Tongov I),UNE VILLAGE/UNE VILLAGE SQUARE,07-09-03-009
Benue,Katsina-Ala,Iwar (Tongov I),IMANDE KURETO/IMANDE SWETTLEMENT,07-09-03-010
Benue,Katsina-Ala,Iwar (Tongov I),"NKST. SCHOOL, ASEN/SCHOOL PREMISES",07-09-03-011
Benue,Katsina-Ala,Iwar (Tongov I),KEVA VILLAGE/KEVA VILLAGE SQUARE,07-09-03-012
Benue,Katsina-Ala,Iwar (Tongov I),LOCAL GOVERNMENT CLINIC AKUGH,07-09-03-013
Benue,Katsina-Ala,Iwar (Tongov I),AMAAFU VILLAGE II/MARKET SQUARE,07-09-03-014
Benue,Katsina-Ala,Iwar (Tongov I),OPEN SPACE NEAR NKST CHURCH AMAAFU,07-09-03-015
Benue,Katsina-Ala,Iwar (Tongov I),OPEN SPACE NEAR NKST CHURCH ANJIE,07-09-03-016
Benue,Katsina-Ala,Iwar (Tongov I),OPEN SPACE NEAR AKU MARKET SQUARE,07-09-03-017
Benue,Katsina-Ala,Iwar (Tongov I),LGEA PRIMARY SCHOOL IORTSOR,07-09-03-018
Benue,Katsina-Ala,Iwar (Tongov I),OPEN SPACE NEAR  NKST CHURCH UNE ,07-09-03-019
Benue,Katsina-Ala,Iwar (Tongov I),LGEA PRIMARY SCHOOL AMENGER,07-09-03-020
Benue,Katsina-Ala,Iwar (Tongov I),OPEN SPACE  NEAR ABUR NOR VILLAGE SQUARE,07-09-03-021
Benue,Katsina-Ala,Katsina-Ala Town,NKST. ADZEGE I/SCHOOL COMPOUND ,07-09-04-001
Benue,Katsina-Ala,Katsina-Ala Town,NKST. ADZEGE II/SCHOOL COMPOUND,07-09-04-002
Benue,Katsina-Ala,Katsina-Ala Town,RCM ST. JOHN SCHOOL/SCHOOL COMPOUND,07-09-04-003
Benue,Katsina-Ala,Katsina-Ala Town,"CENTRAL PRI.SCHOOL, K/ALA II (SCH. COMPOUND",07-09-04-004
Benue,Katsina-Ala,Katsina-Ala Town,"CENTRA PRI.SCHOOL, K/ALA II (SCH.COMPOUND",07-09-04-005
Benue,Katsina-Ala,Katsina-Ala Town,LOCAL GOVT. SECRETARIAT/NEAR HEALTH DEPT.,07-09-04-006
Benue,Katsina-Ala,Katsina-Ala Town,COLL. OF EDUCATION K/ALA I (WITHIN REGISTRY DEPT.,07-09-04-007
Benue,Katsina-Ala,Katsina-Ala Town,COLL. OF EDUCATION K/ALA II(NEAR SICK BAY.,07-09-04-008
Benue,Katsina-Ala,Katsina-Ala Town,TSE ABAVER/NEAR TSE ABAVER COMPOUND,07-09-04-009
Benue,Katsina-Ala,Katsina-Ala Town,AKAANGEE VILLAGE/BEHIND MECHANIC VILLAGE ,07-09-04-010
Benue,Katsina-Ala,Katsina-Ala Town,ADI USU/ADI USU MARKET (AFTER DIVINE LOVE),07-09-04-011
Benue,Katsina-Ala,Katsina-Ala Town,GENERAL HOSPITAL NEAR GEN. HOSPITAL GATE ,07-09-04-012
Benue,Katsina-Ala,Katsina-Ala Town,SATI AGIRIGI/NEAR MARKET SQUARE,07-09-04-013
Benue,Katsina-Ala,Katsina-Ala Town,IORNEGE ADI/NEAR IORNENGE ADI COMPOUND,07-09-04-014
Benue,Katsina-Ala,Katsina-Ala Town,GOVT.COLL. K/ALA I (NEAR FOOTBALL FIELD),07-09-04-015
Benue,Katsina-Ala,Katsina-Ala Town,GOVT. COLL. K/ALA II (FACING GOVT. COLLEGE),07-09-04-016
Benue,Katsina-Ala,Katsina-Ala Town,LOW COST HOUSES (NEAR FORMER NRC SECRETARIAT,07-09-04-017
Benue,Katsina-Ala,Katsina-Ala Town,ASHIEKAA VILLAGE (NEAR HEAD BRIDGE TYO-TSAR),07-09-04-018
Benue,Katsina-Ala,Katsina-Ala Town,TOWN CLUB I/NEAR LAWN TENNIS COURT,07-09-04-019
Benue,Katsina-Ala,Katsina-Ala Town,TOWN CLUB II/UNDER MARINA TREES,07-09-04-020
Benue,Katsina-Ala,Katsina-Ala Town,TOWN CLUB III/ TOWARDS LG. GUEST HOUSE ,07-09-04-021
Benue,Katsina-Ala,Katsina-Ala Town,DIVISIONAL OFFICE I/NEAR ZONAL OFFICE MIN. OF EDUCATION,07-09-04-022
Benue,Katsina-Ala,Katsina-Ala Town,DIVIVISIONAL OFFICE II/ NEAR SUB-TREASURE,07-09-04-023
Benue,Katsina-Ala,Katsina-Ala Town,GBOROYA(IGUNGU ABUA) NORMADIC PRIM. SCHOOL COMPOUND ,07-09-04-024
Benue,Katsina-Ala,Katsina-Ala Town,LGEA TOWNSHIP SCHOOL/SCHOOL COMPOUND,07-09-04-025
Benue,Katsina-Ala,Katsina-Ala Town,ISLAMIC SCHOOL I/SCHOOL COMPOUND,07-09-04-026
Benue,Katsina-Ala,Katsina-Ala Town,ISLAMIC SCHOOL II/ SCHOOL COMPOUND,07-09-04-027
Benue,Katsina-Ala,Katsina-Ala Town,OLD MAGISTRATE COURT/NEAR CNTRAL MOSQUE,07-09-04-028
Benue,Katsina-Ala,Katsina-Ala Town,HAUSA WARD I/NEAR LGEA DISPENSARY,07-09-04-029
Benue,Katsina-Ala,Katsina-Ala Town,HAUSA WARD II/NEAR ALHAJI GAMBO,07-09-04-030
Benue,Katsina-Ala,Katsina-Ala Town,OTSAAZI VILLAGE/OTSEAAZI VILLAGE SQUARE,07-09-04-031
Benue,Katsina-Ala,Katsina-Ala Town,NYEBE HOUSE/NEAR OTSAAZI VILLAGE ,07-09-04-032
Benue,Katsina-Ala,Katsina-Ala Town,OPEN SPACE NEAR WATER BOARD  GATE K-ALA,07-09-04-033
Benue,Katsina-Ala,Katsina-Ala Town,OPEN SPACE NEAR ROM AKAI CHURCH,07-09-04-034
Benue,Katsina-Ala,Katsina-Ala Town,OPEN SPACE NEAR NKST CHURCH VIHISHMA,07-09-04-035
Benue,Katsina-Ala,Katsina-Ala Town,OPEN SPACE NEAR FOOTBALL FIELD IN FRONT OF CHURCH OF GOD MISSION ROAD,07-09-04-036
Benue,Katsina-Ala,Katsina-Ala Town,"OPEN SPACE NEAR GENERAL HOSPITAL,GENERAL HOSPITAL GATE II.",07-09-04-037
Benue,Katsina-Ala,Katsina-Ala Town,OPEN SPACE NEAR AKUME ATONGO TOWNSHIP STADIUM,07-09-04-038
Benue,Katsina-Ala,Katsina-Ala Town,OPEN SPACE NEAR CHURCH OF GOD MISSION TSE MANDE,07-09-04-039
Benue,Katsina-Ala,Katsina-Ala Town,NOMADIC PRIMARY SCHOOL AGENTSE,07-09-04-040
Benue,Katsina-Ala,Katsina-Ala Town,OPEN SPACE NEAR ST.PIUS CHURCH TSAVANDE,07-09-04-041
Benue,Katsina-Ala,Katsina-Ala Town,COLLEGE OF EDUCATION K-ALA WITHIN REGISTRY DEPT II,07-09-04-042
Benue,Katsina-Ala,Katsina-Ala Town,LGEA PRIMARY SCHOOL AKATA,07-09-04-043
Benue,Katsina-Ala,Katsina-Ala Town,DIVISIONAL  OFFICE NEAR SUB TREASURY,07-09-04-044
Benue,Katsina-Ala,Katsina-Ala Town,OPEN SPACE NEAR BERANDA MAIN MARKET SQUARE 11,07-09-04-045
Benue,Katsina-Ala,Katsina-Ala Town,OPEN SPACE NEAR BERNANDA MAIN MARKET SQUARE I,07-09-04-046
Benue,Katsina-Ala,Katsina-Ala Town,OPEN SPACE ROYAL COLLEGE K-ALA,07-09-04-047
Benue,Katsina-Ala,Katsina-Ala Town,OPEN SPACE OLD MAGISTRATE COURT NEAR CENTRAL MOSQUE,07-09-04-048
Benue,Katsina-Ala,Katsina-Ala Town,ISLAMIC SCHOOL COMPOUND II,07-09-04-049
Benue,Katsina-Ala,Katsina-Ala Town,LGEA PRIMARY SCHOOL,07-09-04-050
Benue,Katsina-Ala,Katsina-Ala Town,OPEN SPACE NEAR NKST CHURCH MOSHI,07-09-04-051
Benue,Katsina-Ala,Katsina-Ala Town,"OPEN SPACE, NEAR NITEL OFFICE K-ALA",07-09-04-052
Benue,Katsina-Ala,Mbacher,"NKST SCHOOL, HARGA I/SCHOOL COMPOUND",07-09-05-001
Benue,Katsina-Ala,Mbacher,NKST.SCHOOL HARGA II/ANANDE IHUE MARKET,07-09-05-002
Benue,Katsina-Ala,Mbacher,GOGONONGO VILLAGE/GOGONONGO VILLAGE SQUARE,07-09-05-003
Benue,Katsina-Ala,Mbacher,NGOKEM/NGOKEM VILLAGE SQUARE,07-09-05-004
Benue,Katsina-Ala,Mbacher,KUNDI/NGOKEM VILLAGE SQUARE,07-09-05-005
Benue,Katsina-Ala,Mbacher,AWEVER NKST SCHOOL(SCHOOL COMPOUND),07-09-05-006
Benue,Katsina-Ala,Mbacher,ORAKWA NKST SCHOOL/SCHOOL COMPOUND,07-09-05-007
Benue,Katsina-Ala,Mbacher,KPURKPUR VILLAGE/KPURKPUR VILLAGE SQUARE,07-09-05-008
Benue,Katsina-Ala,Mbacher,NDERA KUR/NDER KUR COMPOUND,07-09-05-009
Benue,Katsina-Ala,Mbacher,TSUKWA/TSUKWA MBAIYANDE COMPOUND,07-09-05-010
Benue,Katsina-Ala,Mbacher,AWEVER NKST.SCHOOL II/SCHOOL COMPOUND ,07-09-05-011
Benue,Katsina-Ala,Mbacher,OPEN SPACE NEAR SATI HARGA I,07-09-05-012
Benue,Katsina-Ala,Mbacher,OPEN SPACE NEAR HARGA II,07-09-05-013
Benue,Katsina-Ala,Mbacher,OPEN SPACE NEAR ABIGWA MARKET SQUARE,07-09-05-014
Benue,Katsina-Ala,Mbacher,RCM PRIMARY SCHOOL ANGOUGH,07-09-05-015
Benue,Katsina-Ala,Mbacher,OPEN SPACE NEAR RCM CHURCH HIAM BEBA,07-09-05-016
Benue,Katsina-Ala,Mbacher,OPEN SPACE PAWA VILLAGE,07-09-05-017
Benue,Katsina-Ala,Mbacher,OPEN SPACE NEAR RCM CHURCH GESA,07-09-05-018
Benue,Katsina-Ala,Mbacher,NKST PRIMARY SCHOOL NYAJO SCHOOL COMPOUND ,07-09-05-019
Benue,Katsina-Ala,Mbacher,RCM PRIMARY DABU SCHOOL COMPOUD,07-09-05-020
Benue,Katsina-Ala,Mbacher,IMANDE MBAIFAN MARKET SQUARE,07-09-05-021
Benue,Katsina-Ala,Mbacher,OPEN SPACE NKST CHURCH ADAMGBE,07-09-05-022
Benue,Katsina-Ala,Mbajir,NKST. SCHOOL SAI I/SCHOOL COMPOUND,07-09-06-001
Benue,Katsina-Ala,Mbajir,NKST. PRI. SCHOOL SAI II/SCHOOL COMPOUND,07-09-06-002
Benue,Katsina-Ala,Mbajir,ATURE HOUSE (MANGO TREE)/MANGO TREE (ATURE HOUSE),07-09-06-003
Benue,Katsina-Ala,Mbajir,RCM PRI. SCHOOL UGANDE/SCHOOL COMPOUND,07-09-06-004
Benue,Katsina-Ala,Mbajir,"NKST. PRI. SCHOOL, ABAKO/SCHOOL COMPOUND",07-09-06-005
Benue,Katsina-Ala,Mbajir,TSE AKUA/NEAR TSE AKUA COMPOUND,07-09-06-006
Benue,Katsina-Ala,Mbajir,"NKST PRI. SCHOOL, GBAAIKYO/SCHOOL COMPOUND",07-09-06-007
Benue,Katsina-Ala,Mbajir,MBAKYER MARKET/MARKET SQUARE,07-09-06-008
Benue,Katsina-Ala,Mbajir,"NKST PRI. SCHOOL,ABAKO II/SCHOOL COMPOUND",07-09-06-009
Benue,Katsina-Ala,Mbajir,OPEN SPACE NEAR TINE CHIHA/TSE MALU,07-09-06-010
Benue,Katsina-Ala,Mbajir,OPEN SPACE NEAR NKST CHURCH TSAVCHONGO,07-09-06-011
Benue,Katsina-Ala,Mbajir,OPEN SPACE NKST CHURCH TAAWA,07-09-06-012
Benue,Katsina-Ala,Mbajir,"LGEA PRIMARY SCHOOL, UKANDE NYAJO SCHOOL COMPOUD",07-09-06-013
Benue,Katsina-Ala,Mbatula/Mberev,"AGU CENTER/RCM SCHOOL, TWAR",07-09-07-001
Benue,Katsina-Ala,Mbatula/Mberev,MBAAGBILE LGEA SCHOOL I/SCHOOL COMPOUD,07-09-07-002
Benue,Katsina-Ala,Mbatula/Mberev,MBAAGBILE LGEA SCHOOL II/SCHOOL COMPOUND,07-09-07-003
Benue,Katsina-Ala,Mbatula/Mberev,TOR ANYOM MARKET I/MARKET SQUARE,07-09-07-004
Benue,Katsina-Ala,Mbatula/Mberev,TOR ANYOM MARKET II/MARKET SQUARE ,07-09-07-005
Benue,Katsina-Ala,Mbatula/Mberev,"GBUTU VILLAGE/SMALL HUT, GBUTU VILLAGE ",07-09-07-006
Benue,Katsina-Ala,Mbatula/Mberev,MBATYULA/MBEREV,07-09-07-007
Benue,Katsina-Ala,Mbatula/Mberev,"NKST. PRI. SCHOOL, AGBAMI/SCHOOL COMPOUND",07-09-07-008
Benue,Katsina-Ala,Mbatula/Mberev,RCM PRI. SCHOOL YAAYEM/SCHOOL COMPOUND,07-09-07-009
Benue,Katsina-Ala,Mbatula/Mberev,"NKST PRI. SCHOOL, TSE HWANGE I/SCHOOL COMPOUND",07-09-07-010
Benue,Katsina-Ala,Mbatula/Mberev,"NKST PRI. SCHOOL, TSE-HWANGE  II/SCHOOL COMPOUND",07-09-07-011
Benue,Katsina-Ala,Mbatula/Mberev,OPEN SPACE NEAR NKST CHURCH KWAGHZAN,07-09-07-012
Benue,Katsina-Ala,Mbatula/Mberev,LGEA PRIMARY SCHOOL ATUMBE SCHOOL COMOUND,07-09-07-013
Benue,Katsina-Ala,Mbayongo,"RCM SCHOOL, AGATSO/SCHOOL COMPOUND",07-09-08-001
Benue,Katsina-Ala,Mbayongo,AHUNGWA BER VILLAGE/OPEN SPACE ,07-09-08-002
Benue,Katsina-Ala,Mbayongo,AYAKA VILLAGE/OPEN SPACE,07-09-08-003
Benue,Katsina-Ala,Mbayongo,GBISHE VILLAGE I/GBISE MARKET SQUARE,07-09-08-004
Benue,Katsina-Ala,Mbayongo,"NKST SCHOOL, GAWA/SCHOOL COMPOUND",07-09-08-005
Benue,Katsina-Ala,Mbayongo,IGBYUDU(MBAIKOM OPEN SPACE),07-09-08-006
Benue,Katsina-Ala,Mbayongo,NAGU VILLAGE/NAGU VILLAGE SQUARE,07-09-08-007
Benue,Katsina-Ala,Mbayongo,SHIVA PAREGH(NEAR SHIVA PAREGH COMPOUND),07-09-08-008
Benue,Katsina-Ala,Mbayongo,TSE PAV/OPEN SPACE,07-09-08-009
Benue,Katsina-Ala,Mbayongo,UTYONDU VINGIR/OPEN SPACE,07-09-08-010
Benue,Katsina-Ala,Mbayongo,WENDE IHONGO/OPEN SPACE,07-09-08-011
Benue,Katsina-Ala,Mbayongo,GBISE VILLAGE II/VILLAGE MARKET SQUARE,07-09-08-012
Benue,Katsina-Ala,Mbayongo,"RCM PRIMARY SCHOOL, GBISE",07-09-08-013
Benue,Katsina-Ala,Mbayongo,"OPEN SPACE NEAR ST.GABRIEL CATHOLIC SCHOOL, GESA",07-09-08-014
Benue,Katsina-Ala,Mbayongo,OPEN SPACE NKST CHURCH UGBAR,07-09-08-015
Benue,Katsina-Ala,Mbayongo,OPEN SPACE NEAR WOGEMA MARKET,07-09-08-016
Benue,Katsina-Ala,Mbayongo,OPEN SPACE NEAR BEM MARKET SQUARE,07-09-08-017
Benue,Katsina-Ala,Mbayongo,OPEN SPACE IMANDE (LEPROSY CLINIC) ADIGAMI,07-09-08-018
Benue,Katsina-Ala,Mbayongo,OPEN SPACE NEAR ST.PHILIP CATHOLIC CHURCH NDERVE,07-09-08-019
Benue,Katsina-Ala,Mbayongo,RCM PRIMARY SCHOOL KWAGHAONDO,07-09-08-020
Benue,Katsina-Ala,Mbayongo,OPEN SPACE NEAR HEMEN MARKET SQUARE ,07-09-08-021
Benue,Katsina-Ala,Mbayongo,OPEN SPACE NEAR ST. PIUS CATHOLIC CHURCH MISE,07-09-08-022
Benue,Katsina-Ala,Mbayongo,OPEN SPACE NEAR ST. MARK CATHOLIC CHURCH TSE-DE,07-09-08-023
Benue,Katsina-Ala,Michihe,SHIKAAN (SHIKAAN MARKET),07-09-09-001
Benue,Katsina-Ala,Michihe,AGULUGU/OPEN SPACE,07-09-09-002
Benue,Katsina-Ala,Michihe,"MBAMTSAR, LGEA SCHOOL/SCHOOL COMPOUND ",07-09-09-003
Benue,Katsina-Ala,Michihe,GERIHWA/OPEN SPACE,07-09-09-004
Benue,Katsina-Ala,Michihe,UCHA/OPEN SPACE ,07-09-09-005
Benue,Katsina-Ala,Michihe,"LGEA SCHOOL, ABAJI/SCHOOL COMPOUND ",07-09-09-006
Benue,Katsina-Ala,Michihe,ABAJI MARKET/MARKET SQUARE ,07-09-09-007
Benue,Katsina-Ala,Michihe,UKEJI/NEAR TSE UKEJI'S COMPOUND ,07-09-09-008
Benue,Katsina-Ala,Michihe,KUMPA/OPEN SPACE,07-09-09-009
Benue,Katsina-Ala,Michihe,TSAFA/OPEN SPACE ,07-09-09-010
Benue,Katsina-Ala,Michihe,SOLOZO/OPEN SPACE,07-09-09-011
Benue,Katsina-Ala,Michihe,HOKON/OPEN SPACE SPACE,07-09-09-012
Benue,Katsina-Ala,Michihe,TSE-ABA/NEAR TSE ABA COMPOUND,07-09-09-013
Benue,Katsina-Ala,Michihe,GUGUL/OPEN SPACE,07-09-09-014
Benue,Katsina-Ala,Michihe,LGEA PRIMARY SCHOOL ATONGO,07-09-09-015
Benue,Katsina-Ala,Michihe,TAVACHAN/OPEN SPACE,07-09-09-016
Benue,Katsina-Ala,Michihe,TSE-MKER/OPEN SPACE,07-09-09-017
Benue,Katsina-Ala,Michihe,NDERZER/NEAR NDERZER COMPOUND,07-09-09-018
Benue,Katsina-Ala,Michihe,LGEA TSE NOR/SCHOOL PREMISES,07-09-09-019
Benue,Katsina-Ala,Michihe,LGEA PRIMARY SCHOOL ASEMA KYUNDU,07-09-09-020
Benue,Katsina-Ala,Michihe,REDEEMED PRIMARY SCHOOL INUDUGH,07-09-09-021
Benue,Katsina-Ala,Michihe,NKST PRIMARY SCHOOL IMUNAN,07-09-09-022
Benue,Katsina-Ala,Michihe,NKST PRIMARY SCHOOL ABAJI SCHOOL COMPOUND,07-09-09-023
Benue,Katsina-Ala,Michihe,OPEN SPACE NEAR RCM CHURCH ABAJI,07-09-09-024
Benue,Katsina-Ala,Michihe,OPEN SPACE NEAR DAM-AYALI COMPOUND,07-09-09-025
Benue,Katsina-Ala,Michihe,OPEN SPACE NEAR NYIKYAA MARKET SQUARE,07-09-09-026
Benue,Katsina-Ala,Michihe,"ORMADIC PRIMARY SCHOOL, IGBAKAAVE",07-09-09-027
Benue,Katsina-Ala,Michihe,OPEN SPACE TAVACHAN MARKET SQUARE,07-09-09-028
Benue,Katsina-Ala,Tiir (Tongov II),"NKST SCHOOL, MGOR/SCHOOL PREMISES",07-09-10-001
Benue,Katsina-Ala,Tiir (Tongov II),"RCM SCHOOL, IGBA/SCHOOL OPREMISES",07-09-10-002
Benue,Katsina-Ala,Tiir (Tongov II),"AKPERA, MARKET /SCHOOL PREMISES",07-09-10-003
Benue,Katsina-Ala,Tiir (Tongov II),"ACHOUGH MARKET, (MARKET SQUARE)",07-09-10-004
Benue,Katsina-Ala,Tiir (Tongov II),"NKST. SCHOOL, APAREGH/SCHOOL PREMISES ",07-09-10-005
Benue,Katsina-Ala,Tiir (Tongov II),MBASHONOV LEPROSY CLINIC/CLINIC PREMISES,07-09-10-006
Benue,Katsina-Ala,Tiir (Tongov II),ANYAGBA MARKET/MARKET SQUARE,07-09-10-007
Benue,Katsina-Ala,Tiir (Tongov II),KASEVE VILLAGE(OPEN SPACE),07-09-10-008
Benue,Katsina-Ala,Tiir (Tongov II),"RCM SCHOOL, BWAJA/SCHOOL PREMISES",07-09-10-009
Benue,Katsina-Ala,Tiir (Tongov II),"LGEA SCHOOL, UGBER/SCHOOL PREMISES",07-09-10-010
Benue,Katsina-Ala,Tiir (Tongov II),"NKST. SCHOOL, DAUDU/SCHOOL PREMISES",07-09-10-011
Benue,Katsina-Ala,Tiir (Tongov II),KEVER VILLAGE/VILLAGE PREMISES,07-09-10-012
Benue,Katsina-Ala,Tiir (Tongov II),"RCM SCHOOL, YAMEOR(SCHOOL PREMISES",07-09-10-013
Benue,Katsina-Ala,Tiir (Tongov II),MBAJIME VILLAGE(VILLAGE PREMISES),07-09-10-014
Benue,Katsina-Ala,Tiir (Tongov II),ADIKPO MARKET/MARKET SQUARE,07-09-10-015
Benue,Katsina-Ala,Tiir (Tongov II),NKST. SCHOOL ALAM/SCHOOL PREMISES,07-09-10-016
Benue,Katsina-Ala,Tiir (Tongov II),"LGEA SCHOOL, NGOBUA I (SCHOOL COMPOUND)",07-09-10-017
Benue,Katsina-Ala,Tiir (Tongov II),"RCM SCHOOL, NGOBUA II (SCHOOL COMPOUND)",07-09-10-018
Benue,Katsina-Ala,Tiir (Tongov II),"RCM SCHOOL, ADAMGBE/SCHOOL PREMISES",07-09-10-019
Benue,Katsina-Ala,Tiir (Tongov II),KUSE VILLAGE/VILLAGE PREMISES,07-09-10-020
Benue,Katsina-Ala,Tiir (Tongov II),TSE-TSEGBA/OPEN SPACE,07-09-10-021
Benue,Katsina-Ala,Tiir (Tongov II),GBOR MARKET/MARKET SQUARE,07-09-10-022
Benue,Katsina-Ala,Tiir (Tongov II),OPEN SPACE NEAR RCM BOGBO,07-09-10-023
Benue,Katsina-Ala,Tiir (Tongov II),OPEN SPACE NEAR RCM FEGH,07-09-10-024
Benue,Katsina-Ala,Tiir (Tongov II),OPEN SPACE NEAR NKST WOMBO,07-09-10-025
Benue,Katsina-Ala,Tiir (Tongov II),OPEN SPACE NEAR NKST HOOBAH,07-09-10-026
Benue,Katsina-Ala,Tiir (Tongov II),NKST SCHOOL MANAGER,07-09-10-027
Benue,Katsina-Ala,Tiir (Tongov II),OPEN SPACE NEAR NKST GBANDE,07-09-10-028
Benue,Katsina-Ala,Tiir (Tongov II),RCM SCHOOL UKO,07-09-10-029
Benue,Katsina-Ala,Tiir (Tongov II),OPEN SPACE RCM ULI,07-09-10-030
Benue,Katsina-Ala,Tiir (Tongov II),LGEA SCHOOL KYON,07-09-10-031
Benue,Katsina-Ala,Tiir (Tongov II),OPEN SPACE NEAR MBTOON MARKET SQUARE,07-09-10-032
Benue,Katsina-Ala,Tiir (Tongov II),NKST TYOGBENDA UDENDE,07-09-10-033
Benue,Katsina-Ala,Tiir (Tongov II),TSE-NEM OPEN SPACE,07-09-10-034
Benue,Katsina-Ala,Tiir (Tongov II),OPEN SPACE NEAR RCM AHAR,07-09-10-035
Benue,Katsina-Ala,Tiir (Tongov II),OPEN SPACE NKST AYONGUL,07-09-10-036
Benue,Katsina-Ala,Tiir (Tongov II),OPEN SPACE NEAR RCM ATOGBENDA,07-09-10-037
Benue,Katsina-Ala,Tiir (Tongov II),OPEN SPACE NEAR RCM ANTIEV,07-09-10-038
Benue,Katsina-Ala,Tiir (Tongov II),OPEN SPACE NEAR RCM TYOKYAA,07-09-10-039
Benue,Katsina-Ala,Tiir (Tongov II),LGEA PRIMARY SCHOOL TARBO,07-09-10-040
Benue,Katsina-Ala,Utange,AGEE LGEA SCHOOL/SCHOOL COMPOUND ,07-09-11-001
Benue,Katsina-Ala,Utange,SENGA VILLAGE/OPEN SPACE,07-09-11-002
Benue,Katsina-Ala,Utange,TSE GBAN ATILE (OPEN SPACE),07-09-11-003
Benue,Katsina-Ala,Utange,"NKST SCHOOL, KASAR/SCHOOL COMPOUND",07-09-11-004
Benue,Katsina-Ala,Utange,"NKST. SCHOOL, HUNDU I SCHOOL COMPOUND",07-09-11-005
Benue,Katsina-Ala,Utange,ANIASE MBAINGABA/OPEN SPACE,07-09-11-006
Benue,Katsina-Ala,Utange,ADAMU VILLAGE/VILLAGE SQUARE,07-09-11-007
Benue,Katsina-Ala,Utange,GBENGER VILLAGE/LGEA SCHOOL COMPOUND,07-09-11-008
Benue,Katsina-Ala,Utange,ADBO VILLAGE/VILLAGE SQUARE,07-09-11-009
Benue,Katsina-Ala,Utange,UKORIKYA I/OPEN SPACE,07-09-11-010
Benue,Katsina-Ala,Utange,UKORIKYA II/OPEN SPACE,07-09-11-011
Benue,Katsina-Ala,Utange,TORDONGA VILLAGE/NEAR TORDONGA MARKET,07-09-11-012
Benue,Katsina-Ala,Utange,TORDONGA COUNCIL HALL/COUNCIL HALL ,07-09-11-013
Benue,Katsina-Ala,Utange,LGEA TORDONGA/SCHOOL COMPOUND,07-09-11-014
Benue,Katsina-Ala,Utange,IGUNDUNASE VILLAGE/OPEN SPACE,07-09-11-015
Benue,Katsina-Ala,Utange,GWA ANYAM VILLAGE/VILLAGE SQUARE,07-09-11-016
Benue,Katsina-Ala,Utange,TORDONGA COUNCIL HALL II/NEAR COUNCIL HALL,07-09-11-017
Benue,Katsina-Ala,Utange,HUNDU II (OPEN SPACE),07-09-11-018
Benue,Katsina-Ala,Utange,OPEN SPACE NEAR AFRICA CHURCH SENGA,07-09-11-019
Benue,Katsina-Ala,Utange,OPEN SPACE NEAR RCM CHURCH KUR KAUN,07-09-11-020
Benue,Katsina-Ala,Utange,OPEN SPACE SUA RAPHA MAIN MARKET,07-09-11-021
Benue,Katsina-Ala,Utange,OPEN SPACE CENTRAL MOSQUE HAUSA,07-09-11-022
Benue,Katsina-Ala,Utange,"SHITILE COMMUNITY SECONDARY SCHOOL, TOR-DONGA",07-09-11-023
Benue,Katsina-Ala,Utange,OPEN SPACE NEAR GRADE I AREA COURT PREMISES,07-09-11-024
Benue,Katsina-Ala,Utange,LGEA PRIMARY SCHOOL MBASA,07-09-11-025
Benue,Katsina-Ala,Utange,RCM PRIMARY SCHOOL FAIMEGA,07-09-11-026
Benue,Katsina-Ala,Utange,OPEN SPACE NEAR COUNCIL II BERANDA TOR-DONGA,07-09-11-027
Benue,Katsina-Ala,Yooyo,"LGEA SCHOOL, TACHA/SCHOOL  OMPOUND ",07-09-12-001
Benue,Katsina-Ala,Yooyo,"RCM. SCHOOL, BENTE/ SCHOOL COMPOUND",07-09-12-002
Benue,Katsina-Ala,Yooyo,CHIREAKEVA VILLAGE/VILLAGE COMPPOUND,07-09-12-003
Benue,Katsina-Ala,Yooyo,IMBUFU ATO VILLAGE,07-09-12-004
Benue,Katsina-Ala,Yooyo,"NKST. SCHOOL, GALWAYOLNA/SCHOOL COMPOUND ",07-09-12-005
Benue,Katsina-Ala,Yooyo,"LGEA SCHOOL, IGBABAKA/SCHOOL COMPOUND",07-09-12-006
Benue,Katsina-Ala,Yooyo,"RCM SCHOO, JIMA/SCHOOL COMPOUND ",07-09-12-007
Benue,Katsina-Ala,Yooyo,"NKST. SCHOO, TIONKWASE/SCHOOL COMPPOUND",07-09-12-008
Benue,Katsina-Ala,Yooyo,"LGEA SCHOOL, ASOGO/SCHOOL COMPOUND ",07-09-12-009
Benue,Katsina-Ala,Yooyo,"LGEA SCHOOL, MBAYUHE(SCHOOL COMPOUND)",07-09-12-010
Benue,Katsina-Ala,Yooyo,IORTYOM VILLAGE/VILLAGE SQUARE,07-09-12-011
Benue,Katsina-Ala,Yooyo,"RCM. SCHOOL, JIMA II/SCHOOL COMPOUND ",07-09-12-012
Benue,Katsina-Ala,Yooyo,OPEN SPACE TACHA MARKET SQUARE,07-09-12-013
Benue,Katsina-Ala,Yooyo,RCM PRIMARY SCHOOL BENTE II,07-09-12-014
Benue,Katsina-Ala,Yooyo,OPEN SPACE ST. PAUL CATHOLIC CHURCH,07-09-12-015
Benue,Katsina-Ala,Yooyo,"OPEN SPACE RIMARY HEALTH CARE, IGBABAKA",07-09-12-016
Benue,Katsina-Ala,Yooyo,NKST PRIMARY SCHOOL IORPENDA TIONKWASE,07-09-12-017
Benue,Katsina-Ala,Yooyo,"OPEN SPACE ST. THOMAS CATHOLIC CHURCH, ASOGO",07-09-12-018
Benue,Katsina-Ala,Yooyo,OPEN  SPACE NEAR ST. THERESA'S CATHOLIC CHURCH AZAKPERA,07-09-12-019
Benue,Konshisha,Ikyurav/Mbatwer,"LGED SCHOOL, ABOITYO - ABOITYO",07-10-01-001
Benue,Konshisha,Ikyurav/Mbatwer,"LGED SCHOOL, ACHIKA - ACHIKA",07-10-01-002
Benue,Konshisha,Ikyurav/Mbatwer,"LGED SCHOOL, AGBA - AGBA",07-10-01-003
Benue,Konshisha,Ikyurav/Mbatwer,"LGED SCHOOL, ADAMGBE - ADAMGBE",07-10-01-004
Benue,Konshisha,Ikyurav/Mbatwer,"LGED SCHOOL, DEKE - DEKE",07-10-01-005
Benue,Konshisha,Ikyurav/Mbatwer,"LEP. CLINIC, GBAJOV - GBAJOV",07-10-01-006
Benue,Konshisha,Ikyurav/Mbatwer,LEP CLINIC MBAGBAR,07-10-01-007
Benue,Konshisha,Ikyurav/Mbatwer,MARKET SQUARE - DIO l,07-10-01-008
Benue,Konshisha,Ikyurav/Mbatwer,LEP. CLINIC HAANONGUN - HAANONGUN,07-10-01-009
Benue,Konshisha,Ikyurav/Mbatwer,AZEM MARKET SQUARE - AZEM,07-10-01-010
Benue,Konshisha,Ikyurav/Mbatwer,AGERA MARKET SQUARE - AGERA,07-10-01-011
Benue,Konshisha,Ikyurav/Mbatwer,TAAVE VILLAGE - TAAVE,07-10-01-012
Benue,Konshisha,Ikyurav/Mbatwer,L.G. HEALTH CLINIC - DIO ll,07-10-01-013
Benue,Konshisha,Ikyurav/Mbatwer,AKINDE PUBLIC SQUARE ,07-10-01-014
Benue,Konshisha,Ikyurav/Mbatwer,GAJIR PUBLIC SQ,07-10-01-015
Benue,Konshisha,Mbagusa/Mbatser,"LGED SCHOOL, ABA - ABA",07-10-02-001
Benue,Konshisha,Mbagusa/Mbatser,"LGED SCHOOL, AKAABIAM - AKAABIAM",07-10-02-002
Benue,Konshisha,Mbagusa/Mbatser,"LGED SCHOOL, AYEV - AYEV",07-10-02-003
Benue,Konshisha,Mbagusa/Mbatser,"LGED SCHOOL, KPE-ALA - KPE-ALA",07-10-02-004
Benue,Konshisha,Mbagusa/Mbatser,MANTA MARKET - MANTA,07-10-02-005
Benue,Konshisha,Mbagusa/Mbatser,"LGED SCHOOL, MUTA - MUTA",07-10-02-006
Benue,Konshisha,Mbagusa/Mbatser,"LGED SCHOOL, BATURE - BATURE",07-10-02-007
Benue,Konshisha,Mbagusa/Mbatser,LGED SCHOOL GBADEMA - GBADEMA,07-10-02-008
Benue,Konshisha,Mbagusa/Mbatser,"LGED SCHOOL, IKPEM - IKPEM",07-10-02-009
Benue,Konshisha,Mbagusa/Mbatser,"LGED SCHOOL , KIBOUGH - KIBOUGH",07-10-02-010
Benue,Konshisha,Mbagusa/Mbatser,"LGED SCHOOL, OCHORO - OCHORO",07-10-02-011
Benue,Konshisha,Mbagusa/Mbatser,"LGED SCHOOL, MANTA - MANTA",07-10-02-012
Benue,Konshisha,Mbagusa/Mbatser,GBINDE MARKET l - GBINDE,07-10-02-013
Benue,Konshisha,Mbagusa/Mbatser,SHIRIKI MARKET - SHIRIKI,07-10-02-014
Benue,Konshisha,Mbagusa/Mbatser,GBINDE MARKET ll - MHOR PARK,07-10-02-015
Benue,Konshisha,Mbagusa/Mbatser,LGEA HEALTH CENTRE YAKELA,07-10-02-016
Benue,Konshisha,Mbagusa/Mbatser,COMMUNITY SEC. SCH. MANTA,07-10-02-017
Benue,Konshisha,Mbagusa/Mbatser,TSE-TYO MARKET,07-10-02-018
Benue,Konshisha,Mbaikyase,"NKST. PRI. SCHOOL, AGEN - AGEN",07-10-03-001
Benue,Konshisha,Mbaikyase,"LGED PRI. SCHOOL, AYAGA - AYAGA ",07-10-03-002
Benue,Konshisha,Mbaikyase,"LEP. CLINIC, GBAKPER - GBAKPER",07-10-03-003
Benue,Konshisha,Mbaikyase,"LGED PRI. SCHOOL, KYONDU - KYONDU",07-10-03-004
Benue,Konshisha,Mbaikyase,JOV-IKYUNDAN MARKET - JOV-IKYUNDAN,07-10-03-005
Benue,Konshisha,Mbaikyase,"TYOKYAA LGED SCHOOL, TYOKYAA - TYOKYAA",07-10-03-006
Benue,Konshisha,Mbaikyase,UGBETSEGH - UGBETSEGH,07-10-03-007
Benue,Konshisha,Mbaikyase,"YANDE I LGED SCHOOL, YANDE",07-10-03-008
Benue,Konshisha,Mbaikyase,TSUE MARKET - TSUE,07-10-03-009
Benue,Konshisha,Mbaikyase,TYOATE LGED PRI. SCHOOL - TYOATE,07-10-03-010
Benue,Konshisha,Mbaikyase,"LGED PRI. SCHOOL, IKPAOR - IKPAOR",07-10-03-011
Benue,Konshisha,Mbaikyase,"LGED PRI. SCHOOL, KAAN - KAAN",07-10-03-012
Benue,Konshisha,Mbaikyase,"LGED PRI. SCHOOL, YAAKUGH - YAAKUGH",07-10-03-013
Benue,Konshisha,Mbaikyase,ABAGI MARKET SQUARE - ABAGI,07-10-03-014
Benue,Konshisha,Mbaikyase,"LGED PRI. SCHOOL, AKU - AKU",07-10-03-015
Benue,Konshisha,Mbaikyase,"LGED PRI. SCHOOL, MBAKPUR - MBAKPUR ",07-10-03-016
Benue,Konshisha,Mbaikyase,"LGED PRI. SCHOOL, MBAUME - MBAUME",07-10-03-017
Benue,Konshisha,Mbaikyase,"LGED PRI. SCHOOL, AGUNE - AGUNE",07-10-03-018
Benue,Konshisha,Mbaikyase,GUNGUL MAIN - GUNGUL,07-10-03-019
Benue,Konshisha,Mbaikyase,GUNGUL MARKET SQUARE - GUNGUL,07-10-03-020
Benue,Konshisha,Mbaikyase,"RCM. PRI. SCHOOL, GUNGUL - GUNGUL",07-10-03-021
Benue,Konshisha,Mbaikyase,"IKYO - MAZO, IKYO-MAZO VILLAGE SQUARE",07-10-03-022
Benue,Konshisha,Mbaikyase,LGED PRI. SCHOOL TUGHGBA - TUGHGBA,07-10-03-023
Benue,Konshisha,Mbaikyase,"NKST. PRI. SCHOOL, JOV-KYUNDAN - JOV-KYUNDAN",07-10-03-024
Benue,Konshisha,Mbaikyase,"LGED PRI. SCHOOL, TSUWE",07-10-03-025
Benue,Konshisha,Mbaikyase,NALDA MARKET - NALDA,07-10-03-026
Benue,Konshisha,Mbaikyase,YANDE ll - AHURAGBON,07-10-03-027
Benue,Konshisha,Mbaikyase,RCM PRIM. SCH. AKILE,07-10-03-028
Benue,Konshisha,Mbaikyase,GERA MKT SQUARE,07-10-03-029
Benue,Konshisha,Mbaikyase,MBAAMULUDU COMM. SEC. SCH.,07-10-03-030
Benue,Konshisha,Mbaikyase,ASHITONGU MKT. SQ.,07-10-03-031
Benue,Konshisha,Mbaikyase,CLUB HOUSE GUNGUL,07-10-03-032
Benue,Konshisha,Mbaikyase,LEPROSY CLINIC GOCHI,07-10-03-033
Benue,Konshisha,Mbaikyase,COMMUNITY SEC. SCH. TSE-TYO,07-10-03-034
Benue,Konshisha,Mbaikyase,RCM PRIM. SCH. ADIHAR,07-10-03-035
Benue,Konshisha,Mbaiwarnyam,"AWAJIR MAIN LGED SCHOOL, AWAJIR",07-10-04-001
Benue,Konshisha,Mbaiwarnyam,"AWAJIR ANNEX, AWAJIR",07-10-04-002
Benue,Konshisha,Mbaiwarnyam,"ANWUNA MARKET, AWUNA",07-10-04-003
Benue,Konshisha,Mbaiwarnyam,"AMILE LGED, AMILE",07-10-04-004
Benue,Konshisha,Mbaiwarnyam,"TOR-MKAR MARKET, TOR-MKAR",07-10-04-005
Benue,Konshisha,Mbaiwarnyam,TSE - NONGU - TSE-NONGU,07-10-04-006
Benue,Konshisha,Mbaiwarnyam,NYIOR - NYIOR,07-10-04-007
Benue,Konshisha,Mbaiwarnyam,ORKEGHEEN -ORKEGHEEN,07-10-04-008
Benue,Konshisha,Mbaiwarnyam,IKYOOR - IKYOOR,07-10-04-009
Benue,Konshisha,Mbaiwarnyam,MBAZEREM - MBAZEREM,07-10-04-010
Benue,Konshisha,Mbaiwarnyam,ACHOCHO MARKET SQUARE,07-10-04-011
Benue,Konshisha,Mbaiwarnyam,JIJA - JIJA,07-10-04-012
Benue,Konshisha,Mbaiwarnyam,ADIGA - ADIGA,07-10-04-013
Benue,Konshisha,Mbaiwarnyam,ADOKA MARKET - ADOKA,07-10-04-014
Benue,Konshisha,Mbaiwarnyam,AGIDI MARKET - AGIDI,07-10-04-015
Benue,Konshisha,Mbaiwarnyam,"IKYON LGED SCHOOL, IKYON",07-10-04-016
Benue,Konshisha,Mbaiwarnyam,"ILIAGH LGED SCHOOL, ILIAGH",07-10-04-017
Benue,Konshisha,Mbaiwarnyam,GULEYA - GULEYA,07-10-04-018
Benue,Konshisha,Mbaiwarnyam,KUMBUR - KUMBUR,07-10-04-019
Benue,Konshisha,Mbaiwarnyam,MBA-AMASE - MBA-MASE,07-10-04-020
Benue,Konshisha,Mbaiwarnyam,AWAJIR MAIN ll - SCHOOL JUNCTION,07-10-04-021
Benue,Konshisha,Mbaiwarnyam,LGEA PRIM. SCHOOL KULUKU,07-10-04-022
Benue,Konshisha,Mbaiwarnyam,PUBLIC SQ. UKON,07-10-04-023
Benue,Konshisha,Mbaiwarnyam,LEPROSY CLINIC IORDYE,07-10-04-024
Benue,Konshisha,Mbaiwarnyam,IKYON LGED SCH ll,07-10-04-025
Benue,Konshisha,Mbaiwarnyam,UCHAVER PUBLIC SQ,07-10-04-026
Benue,Konshisha,Mbake,"AJANDE LGED SCHOOL, AJANDE",07-10-05-001
Benue,Konshisha,Mbake,ANSHA LGED SCHOOL - ANSHA,07-10-05-002
Benue,Konshisha,Mbake,ANSHA MARKET- ANSHA,07-10-05-003
Benue,Konshisha,Mbake,"AVI LGED SCHOOL, AVI",07-10-05-004
Benue,Konshisha,Mbake,GSS KORINYA - KORINYA,07-10-05-005
Benue,Konshisha,Mbake,TYOUTSA - TYOUTSA,07-10-05-006
Benue,Konshisha,Mbake,"IKYAAVE NKST. SCHOOL, IKYAAVE",07-10-05-007
Benue,Konshisha,Mbake,L.G. DISP. KORINYA - KORINYA,07-10-05-008
Benue,Konshisha,Mbake,"TIAN LGED SCHOOL, TIAN",07-10-05-009
Benue,Konshisha,Mbake,TSE-IHUGH - TSE-IHUGH,07-10-05-010
Benue,Konshisha,Mbake,UKA'S COMPOUND l - UKA'S COMP,07-10-05-011
Benue,Konshisha,Mbake,"KWAR NKST. SCHOOL, KWAR",07-10-05-012
Benue,Konshisha,Mbake,KORINYA MARKET l - KORINYA,07-10-05-013
Benue,Konshisha,Mbake,ANWUA MARKET - ANWUA,07-10-05-014
Benue,Konshisha,Mbake,AGRO SERVICE CENTRE - AGRO KORINYA,07-10-05-015
Benue,Konshisha,Mbake,KORINYA MARKET ll - MOTOR PARK,07-10-05-016
Benue,Konshisha,Mbake,UKA'S COMPOUND ll - UKA'S JUNCTION,07-10-05-017
Benue,Konshisha,Mbake,AVI MKT SQ,07-10-05-018
Benue,Konshisha,Mbake,LGEA PRIM. SCH. AKYANGBA,07-10-05-019
Benue,Konshisha,Mbake,GRADE l AREA CRT KORNYA,07-10-05-020
Benue,Konshisha,Mbake,ST. JOSEPH & MARY SEC. SCH. KORNYA,07-10-05-021
Benue,Konshisha,Mbake,UVA BRIDGE KORNYA,07-10-05-022
Benue,Konshisha,Mbake,KORNYA YAM MARKET,07-10-05-023
Benue,Konshisha,Mbanor,WUAOR LGED SCHOOL - WUAOR,07-10-06-001
Benue,Konshisha,Mbanor,NGOR LGED SCHOOL - NGOR,07-10-06-002
Benue,Konshisha,Mbanor,ADYOROUGH - ADYOROUGH,07-10-06-003
Benue,Konshisha,Mbanor,MHAMBE MARKET - MHAMBE,07-10-06-004
Benue,Konshisha,Mbanor,"MHAMBE LGED SCHOOL, MHAMBE",07-10-06-005
Benue,Konshisha,Mbanor,SAAMAKPE - SAAMAKPE,07-10-06-006
Benue,Konshisha,Mbanor,IORVER LGED SCHOOL - IORVER,07-10-06-007
Benue,Konshisha,Mbanor,ANIMA MARKET - ANIMA,07-10-06-008
Benue,Konshisha,Mbanor,TORJAPE LGED SCHOOL - TORJAPE,07-10-06-009
Benue,Konshisha,Mbanor,KOKO - KOKO,07-10-06-010
Benue,Konshisha,Mbanor,UBO AGERA - UGO AGERA,07-10-06-011
Benue,Konshisha,Mbanor,AKILE JIME BASK LIT. - AKILE,07-10-06-012
Benue,Konshisha,Mbanor,JIRGBA LGED SCHOOL l - JIRGBA,07-10-06-013
Benue,Konshisha,Mbanor,ADI LGED SCHOOL l - ADI,07-10-06-014
Benue,Konshisha,Mbanor,"LGED SCHOOL, JIRGBA ll - PUBLIC SQUARE",07-10-06-015
Benue,Konshisha,Mbanor,IORNONGU MKT SQ,07-10-06-016
Benue,Konshisha,Mbanor,UGI MKT SQ.,07-10-06-017
Benue,Konshisha,Mbatsen,ASHAGBA JUNTI - ASHAGBA,07-10-07-001
Benue,Konshisha,Mbatsen,AGERAGA MARKET - AGERAGA,07-10-07-002
Benue,Konshisha,Mbatsen,"KUNGO LGED SCHOOL, KUNGO",07-10-07-003
Benue,Konshisha,Mbatsen,AILIGH KOR'S COMP. - AILIGH KOR,07-10-07-004
Benue,Konshisha,Mbatsen,AGBEDE MARKET - AGBEDE,07-10-07-005
Benue,Konshisha,Mbatsen,AMUA ZEP CLINIC - AMUA,07-10-07-006
Benue,Konshisha,Mbatsen,AMUA LGED SCHOOL - AMUA,07-10-07-007
Benue,Konshisha,Mbatsen,AHILE MARKET - AHILE,07-10-07-008
Benue,Konshisha,Mbatsen,YONKYEGH JUNTION - YONKYEGH,07-10-07-009
Benue,Konshisha,Mbatsen,ANYAHWAR MARKET - ANYAHWAR,07-10-07-010
Benue,Konshisha,Mbatsen,"KUNGO LGED SCHOOL, KUNGO",07-10-07-011
Benue,Konshisha,Mbatsen,"WUAOR LGED SCHOOL, WUAOR",07-10-07-012
Benue,Konshisha,Mbatsen,"AYEM LGED SCHOOL, AYEM",07-10-07-013
Benue,Konshisha,Mbatsen,"AGBANYI LGED SCHOOL, AGBANYI",07-10-07-014
Benue,Konshisha,Mbatsen,"AKO LGED SCHOOL, AKO",07-10-07-015
Benue,Konshisha,Mbatsen,AGBANYI MARKET - AGBANYI,07-10-07-016
Benue,Konshisha,Mbatsen,ADE-AGINDE - ADE-AGINDE,07-10-07-017
Benue,Konshisha,Mbatsen,IGBO RCM. IGBO,07-10-07-018
Benue,Konshisha,Mbatsen,TYOGBENDA MARKET - TYPOGBENDA,07-10-07-019
Benue,Konshisha,Mbatsen,MAROCHI'S CAMP. - MAROCHI'S,07-10-07-020
Benue,Konshisha,Mbatsen,ADAGBA - ADAGBA,07-10-07-021
Benue,Konshisha,Mbatsen,MBAASUKU l - MBAASUKU,07-10-07-022
Benue,Konshisha,Mbatsen,MBAASUKU ll - MBAASUKU PUBLIC SQUARE,07-10-07-023
Benue,Konshisha,Mbatsen,LGED PRIM. SCH. AJIM,07-10-07-024
Benue,Konshisha,Mbavaa,SEV LEP. CLINIC - SEV,07-10-08-001
Benue,Konshisha,Mbavaa,ATUMBASHIMA JUNT. - ATUMBASHIMA,07-10-08-002
Benue,Konshisha,Mbavaa,"LGED SCHOOL, TYOAKOSO - TYOAKOSO",07-10-08-003
Benue,Konshisha,Mbavaa,"LGED SCHOOL, NORGBA - NORGBA",07-10-08-004
Benue,Konshisha,Mbavaa,"LGEA SCHOOL, ALYEWAN - ALYEWAN",07-10-08-005
Benue,Konshisha,Mbavaa,L.G. DISP. JOV MBAVAA - MBAVAA,07-10-08-006
Benue,Konshisha,Mbavaa,KACHIR COMP. - KACHIR,07-10-08-007
Benue,Konshisha,Mbavaa,GBOGBO MARKET - GBOGBO,07-10-08-008
Benue,Konshisha,Mbavaa,"NKST. PRI. SCHOOL, BER - BER",07-10-08-009
Benue,Konshisha,Mbavaa,"AGBOUGHUL LGED SCHOOL, AGBOUGHUL",07-10-08-010
Benue,Konshisha,Mbavaa,"ATSEGHA LGED PRI. SCHOOL, ATESEGHA",07-10-08-011
Benue,Konshisha,Mbavaa,AKPUTU MARKET l - AKPUTU,07-10-08-012
Benue,Konshisha,Mbavaa,AKPUTU MARKET ll - L.G. DISP,07-10-08-013
Benue,Konshisha,Mbavaa,ADULE MKT SQ.,07-10-08-014
Benue,Konshisha,Mbawar,"NENGE LGED SCHOOL, NENGE",07-10-09-001
Benue,Konshisha,Mbawar,IORPUU MARKET - IORPUU,07-10-09-002
Benue,Konshisha,Mbawar,"ANYORIKYO LGED SCHOOL, ANYORIKYO",07-10-09-003
Benue,Konshisha,Mbawar,WUESE MARKET l - WUESE,07-10-09-004
Benue,Konshisha,Mbawar,"ISHUA NKST. SCHOOL, ISHUA",07-10-09-005
Benue,Konshisha,Mbawar,"ALABUSA LGED SCHOOL, ALABUSA",07-10-09-006
Benue,Konshisha,Mbawar,ALABUSA MARKET - ALABUSA,07-10-09-007
Benue,Konshisha,Mbawar,AWANGE MARKET - AWANGE,07-10-09-008
Benue,Konshisha,Mbawar,"ANKPINE NKST. SCHOOL, ANKPINE",07-10-09-009
Benue,Konshisha,Mbawar,"UDE LGED SCHOOL, UDE",07-10-09-010
Benue,Konshisha,Mbawar,AKUNDE MARKET - AKUNDE,07-10-09-011
Benue,Konshisha,Mbawar,ANAJAV JUNT. - ANAJAV,07-10-09-012
Benue,Konshisha,Mbawar,ANYAMNGURA MARKET - ANYAMNGURA,07-10-09-013
Benue,Konshisha,Mbawar,GBIHI LGED SCHOOL - GBIHI,07-10-09-014
Benue,Konshisha,Mbawar,UKEHE MARKET - UKEHE,07-10-09-015
Benue,Konshisha,Mbawar,"UKEHE LGED SCHOOL, UKEHE",07-10-09-016
Benue,Konshisha,Mbawar,IORKYOSU LGED SCHOOL l - IORKYOSU,07-10-09-017
Benue,Konshisha,Mbawar,UMBA-ATOROUGH - UMBA-ATOROUGH,07-10-09-018
Benue,Konshisha,Mbawar,GBOR MARKET - GBOR,07-10-09-019
Benue,Konshisha,Mbawar,WUESE MARKET ll - TSE-GBASHA,07-10-09-020
Benue,Konshisha,Mbawar,IORKYOSU ll - SCHOOL JUNCTION,07-10-09-021
Benue,Konshisha,Mbawar,LOCAL GOVT. PRIM. HEALTH CENTRE WUESE,07-10-09-022
Benue,Konshisha,Mbawar,LGEA. PRIMARY SCHOOL KAAMEM,07-10-09-023
Benue,Konshisha,Mbawar,LGEA DAMKOR,07-10-09-024
Benue,Konshisha,Mbawar,AGERA PRIM. SCH. AGBO,07-10-09-025
Benue,Konshisha,Mbawar,ANYIASE MKT. SQ.,07-10-09-026
Benue,Konshisha,Mbayegh/Mbaikyer,"KENA LGED SCHOOL, KENA",07-10-10-001
Benue,Konshisha,Mbayegh/Mbaikyer,"AGERA LGED SCHOOL, AGERA",07-10-10-002
Benue,Konshisha,Mbayegh/Mbaikyer,"BUGH LGED SCHOOL, BUGH",07-10-10-003
Benue,Konshisha,Mbayegh/Mbaikyer,"DABUR LGED SCHOOL, DABUR",07-10-10-004
Benue,Konshisha,Mbayegh/Mbaikyer,"ANGER LGED SCHOOL, ANGER",07-10-10-005
Benue,Konshisha,Mbayegh/Mbaikyer,YAR-GUM - YAR-GUM,07-10-10-006
Benue,Konshisha,Mbayegh/Mbaikyer,AUDU LEP. CLINIC - AUDU,07-10-10-007
Benue,Konshisha,Mbayegh/Mbaikyer,IKYOMBUN LGED SCHOOL - IKYOMBUN,07-10-10-008
Benue,Konshisha,Mbayegh/Mbaikyer,"ADAMU LGED SCHOOL, ADAMU",07-10-10-009
Benue,Konshisha,Mbayegh/Mbaikyer,IKPEAKOR MARKET - IKPEAKOR,07-10-10-010
Benue,Konshisha,Mbayegh/Mbaikyer,TYULEN VILLAGE - TYULEN,07-10-10-011
Benue,Konshisha,Mbayegh/Mbaikyer,GBAYA MARKET - GBAYA,07-10-10-012
Benue,Konshisha,Mbayegh/Mbaikyer,KYOIVE LGED SCHOOL - LGED SCHOOL,07-10-10-013
Benue,Konshisha,Mbayegh/Mbaikyer,"SULE CHICHI LGED SCHOOL, SULE",07-10-10-014
Benue,Konshisha,Mbayegh/Mbaikyer,TONGO MARKET - TONGO,07-10-10-015
Benue,Konshisha,Mbayegh/Mbaikyer,TSE-ORTYEV - TSE-ORTYEV,07-10-10-016
Benue,Konshisha,Mbayegh/Mbaikyer,"UDELE LGED SCHOOL, UDELE",07-10-10-017
Benue,Konshisha,Mbayegh/Mbaikyer,"UGBA LGED SCHOOL, UGBA",07-10-10-018
Benue,Konshisha,Mbayegh/Mbaikyer,TSE-IKYA - TSE-IKYA,07-10-10-019
Benue,Konshisha,Mbayegh/Mbaikyer,BAM - BAM,07-10-10-020
Benue,Konshisha,Mbayegh/Mbaikyer,ANJI MARKET - ANJI,07-10-10-021
Benue,Konshisha,Mbayegh/Mbaikyer,TSE INGYA - TSE-INGYA,07-10-10-022
Benue,Konshisha,Mbayegh/Mbaikyer,L.G. DISP. TONGO - TONGO,07-10-10-023
Benue,Konshisha,Mbayegh/Mbaikyer,ATSADU VILLAGE - ATSADU,07-10-10-024
Benue,Konshisha,Mbayegh/Mbaikyer,AKUNDU MARKET - AKUNDU,07-10-10-025
Benue,Konshisha,Mbayegh/Mbaikyer,TONGO MARKET ll - MOTOR PARK,07-10-10-026
Benue,Konshisha,Mbayegh/Mbaikyer,BETSE MKT SQ.,07-10-10-027
Benue,Konshisha,Mbayegh/Mbaikyer,LGEA SCH. TEMA,07-10-10-028
Benue,Konshisha,Mbayegh/Mbaikyer,LGEA SCH. TONGU,07-10-10-029
Benue,Konshisha,Tse-Agberagba,AGUNDU NR TIME IKYAR - AGUNDU,07-10-11-001
Benue,Konshisha,Tse-Agberagba,"AMASETIMIN LGED SCHOOL, AMASETIMIN",07-10-11-002
Benue,Konshisha,Tse-Agberagba,SELAGI MARKET l - SELAGI,07-10-11-003
Benue,Konshisha,Tse-Agberagba,"LGED SCHOOL, IVE - IVE",07-10-11-004
Benue,Konshisha,Tse-Agberagba,TYOUGH MARKET - TYOUGH,07-10-11-005
Benue,Konshisha,Tse-Agberagba,"LGED SCHOOL, MBAIKPAM - MBAIKPAM",07-10-11-006
Benue,Konshisha,Tse-Agberagba,"LGED SCHOOL, IORKIGHIR - IORKIGHIR",07-10-11-007
Benue,Konshisha,Tse-Agberagba,PUBLIC SQUARE l - PUBLIC SQUARE,07-10-11-008
Benue,Konshisha,Tse-Agberagba,TRADITIONAL COUNCIL OFFICE - TRADITIONAL COUNCIL OFFICE ,07-10-11-009
Benue,Konshisha,Tse-Agberagba,"LGED SCHOOL, AGBERAGBA WEST - AG. WEST",07-10-11-010
Benue,Konshisha,Tse-Agberagba,TYOTSAR MARKET - TYOTSAR,07-10-11-011
Benue,Konshisha,Tse-Agberagba,"LEKE HIGH SCHOOL, LEKE",07-10-11-012
Benue,Konshisha,Tse-Agberagba,UGBAIKYO LEP. CLINIC - UGBAIKYO,07-10-11-013
Benue,Konshisha,Tse-Agberagba,IBER DISP. CLINIC - IBER,07-10-11-014
Benue,Konshisha,Tse-Agberagba,JOY-BILIKI MARKET - JOY-BILIKI,07-10-11-015
Benue,Konshisha,Tse-Agberagba,"ANDYAR LGED SCHOOL, ANDYAR",07-10-11-016
Benue,Konshisha,Tse-Agberagba,"HINDAN LGED SCHOOL, HINDAN",07-10-11-017
Benue,Konshisha,Tse-Agberagba,"GOVT. SEC. SCHOOL, TSE-TSE-AGBERAGA",07-10-11-018
Benue,Konshisha,Tse-Agberagba,"HEMEN LGED SCHOOL, HEMEN",07-10-11-019
Benue,Konshisha,Tse-Agberagba,SELAGI MARKET II - L. G. HEALTH CLINIC,07-10-11-020
Benue,Konshisha,Tse-Agberagba,PUBLIC SQUARE II - MOTOR PARK,07-10-11-021
Benue,Konshisha,Tse-Agberagba,LGEA SCH. TE,07-10-11-022
Benue,Konshisha,Tse-Agberagba,LGEA OFFICE,07-10-11-023
Benue,Konshisha,Tse-Agberagba,KANSHIO MKT ,07-10-11-024
Benue,Konshisha,Tse-Agberagba,LOCAL GOVT. SECRETARIAT,07-10-11-025
Benue,Konshisha,Tse-Agberagba,LGEA PRIM. SCH. IBER,07-10-11-026
Benue,Konshisha,Tse-Agberagba,LGED PRIMARY SCHOOL AJIM  NEAR POST OFFICE,07-10-11-027
Benue,Kwande,Adikpo Metropolis ,ADIKPO COMP. COLLEGE I-ADIKPO,07-11-01-001
Benue,Kwande,Adikpo Metropolis ,"MECHANIC VILLAGE, MECHANIC VILLAGE ADIKPO ",07-11-01-002
Benue,Kwande,Adikpo Metropolis ,ADIKPO COMP. COLLEGE II-ADIKPO,07-11-01-003
Benue,Kwande,Adikpo Metropolis ,LOCAL GOVT CLINIC I ADIKPO,07-11-01-004
Benue,Kwande,Adikpo Metropolis ,IN FRONT OF VIP GUEST HOUSE ADIKPO,07-11-01-005
Benue,Kwande,Adikpo Metropolis ,"OLD B.T.S., OUTSIDE  G. KAJO'S HOUSE",07-11-01-006
Benue,Kwande,Adikpo Metropolis ,ICHEEN CARPENTRY W/SHOP OUTSIDE PREMISES,07-11-01-007
Benue,Kwande,Adikpo Metropolis ,"ITYOAKAA COMPOUND, OUTSIDE PREM.",07-11-01-008
Benue,Kwande,Adikpo Metropolis ,POST OFFICE ADIKPO,07-11-01-009
Benue,Kwande,Adikpo Metropolis ,"TERDOO GUEST INN, OUTSIDE PREMISES",07-11-01-010
Benue,Kwande,Adikpo Metropolis ,ST ANDREWS SEC SCH I - BTW IKYOR COMP & ST ANDREWS SEC SCH,07-11-01-011
Benue,Kwande,Adikpo Metropolis ,"ELECTORAL OFFICE, OUTSIDE PREMISES",07-11-01-012
Benue,Kwande,Adikpo Metropolis ,ST ANDREWS SEC SCH II - BTW UJU COMP & ST ANDREWS SEC SCH,07-11-01-013
Benue,Kwande,Adikpo Metropolis ,LOCAL GOVT CLINIC II ADIKPO - IN FRONT OF THE CLINC,07-11-01-014
Benue,Kwande,Adikpo Metropolis ,"IKYAAIBO COMPOUND, IN FRONT OF PREMISES",07-11-01-015
Benue,Kwande,Adikpo Metropolis ,NKST PRIM SCH I ADIKPO - WITHIN SCH PREMISES,07-11-01-016
Benue,Kwande,Adikpo Metropolis ,"LEPROSY CLINIC, OUTSIDE PREMISES",07-11-01-017
Benue,Kwande,Adikpo Metropolis ,"IGBANONGO COMPOUND, OUTSIDE PREMISES",07-11-01-018
Benue,Kwande,Adikpo Metropolis ,"ADANYI BUR JUNCTION, FRONT OF ADANYI'S HOUSE",07-11-01-019
Benue,Kwande,Adikpo Metropolis ,NKST PRIM SCH II ADIKPO - WITHIN SCH PREMISES,07-11-01-020
Benue,Kwande,Adikpo Metropolis ,NKST SEC SCH ADIKPO - WITHIN SCH PREMISES,07-11-01-021
Benue,Kwande,Adikpo Metropolis ,"NEW MOTOR PARK, BESIDE ENTRANCE",07-11-01-022
Benue,Kwande,Adikpo Metropolis ,"KAA-ILIEVE COMP. I, IN FRONT OF COMPOUND",07-11-01-023
Benue,Kwande,Adikpo Metropolis ,"KAA-ILIEVE COMP. II, IN FRONT OF UMARU'S COMPOUND",07-11-01-024
Benue,Kwande,Adikpo Metropolis ,TOR SHEEN COMPOUND,07-11-01-025
Benue,Kwande,Adikpo Metropolis ,GASALA MOTORCYCLE PARK,07-11-01-026
Benue,Kwande,Adikpo Metropolis ,MAGISTRATE COURT,07-11-01-027
Benue,Kwande,Adikpo Metropolis ,NATIONAL UNION OFFICE,07-11-01-028
Benue,Kwande,Adikpo Metropolis ,AGBATSE VILLAGE,07-11-01-029
Benue,Kwande,Adikpo Metropolis ,TOWNSHIP PRIMARY SCHOOL,07-11-01-030
Benue,Kwande,Adikpo Metropolis ,ZAKI GBIHI,07-11-01-031
Benue,Kwande,Adikpo Metropolis ,TAR ABIHYER,07-11-01-032
Benue,Kwande,Adikpo Metropolis ,LONDON PRIMARY SCHOOL ADIKPO,07-11-01-033
Benue,Kwande,Adikpo Metropolis ,INFROMATION OFFICE,07-11-01-034
Benue,Kwande,Adikpo Metropolis ,ADIKPO GARRAGE,07-11-01-035
Benue,Kwande,Adikpo Metropolis ,IHOM UGU VILLAGE,07-11-01-036
Benue,Kwande,Adikpo Metropolis ,ZAKI TERKIMBI COMPOUND,07-11-01-037
Benue,Kwande,Liev I,"ACHIA MARKET SQUARE I, NEAR THE MARKET SQUARE",07-11-02-001
Benue,Kwande,Liev I,"ACHIA MARKET SQUARE II, NEAR THE MARKET SQUARE",07-11-02-002
Benue,Kwande,Liev I,"LGEA PRI. SCHOOL, MBAGONGOR, WITHIN PREMISES",07-11-02-003
Benue,Kwande,Liev I,"IORHENEN HWANDE, IN FRONT OF THE COMPOUND",07-11-02-004
Benue,Kwande,Liev I,NKST PRIM SCH MBANYIM - WITHIN PREMISES,07-11-02-005
Benue,Kwande,Liev I,"SAAKWEN, IN FRONT OF THE COMPOUND",07-11-02-006
Benue,Kwande,Liev I,"LGEA PRI. SCHOOL, UJAKA I, SCHOOL PREMISES",07-11-02-007
Benue,Kwande,Liev I,"LGEA PRI. SCHOOL, UJAKA II, SCHOOL PREMISES",07-11-02-008
Benue,Kwande,Liev I,"UKOKO ANGWE, NEAR THE COMPOUND",07-11-02-009
Benue,Kwande,Liev I,"NKST. PRI. SCHOOL, ANKPESE, WITHIN PREMISES",07-11-02-010
Benue,Kwande,Liev I,TOM AHAR/WAREV MARKET SQUARE,07-11-02-011
Benue,Kwande,Liev I,"LGEA SCHOOL, MBAHAR, WITHIN PREMISES",07-11-02-012
Benue,Kwande,Liev I,"BEGHA MARKET SQUARE, NEAR MARKET SQUARE",07-11-02-013
Benue,Kwande,Liev I,"NKST. PRI. SCHOOL, ASOM, WITHIN PREMISES",07-11-02-014
Benue,Kwande,Liev I,"LGEA PRI. SCHOOL, UKUMBA, WITHIN PREMISES",07-11-02-015
Benue,Kwande,Liev I,"TSE-AWEN, IN FROMT OF TSE-AWEN COMPOUND",07-11-02-016
Benue,Kwande,Liev I,NYAMKWANGE COMPOUND - IN FRONT OF COMPOUND,07-11-02-017
Benue,Kwande,Liev I,RCM PRIMARY SCHOOL AGUR,07-11-02-018
Benue,Kwande,Liev I,NKST SECONDARY SCHOOL ACHIA,07-11-02-019
Benue,Kwande,Liev I,NORMADIC PRIMARY SCHOOL WAREV,07-11-02-020
Benue,Kwande,Liev I,KARARA MARKET SQUARE,07-11-02-021
Benue,Kwande,Liev I,RCM PRIMARY SCHOOL IGYESE,07-11-02-022
Benue,Kwande,Liev I,TOR - ITYOUGH,07-11-02-023
Benue,Kwande,Liev I,RCM IKPONKO,07-11-02-024
Benue,Kwande,Liev II,LGEA PRI SCH AHOBEE - WITHIN PREMISES,07-11-03-001
Benue,Kwande,Liev II,TSE - UNYULA - IN FRONT OF THE COMPOUND,07-11-03-002
Benue,Kwande,Liev II,"TSE-ANOM, NEAR TSE-ANOM'S COMPOUND",07-11-03-003
Benue,Kwande,Liev II,"TSE TYOKAAFA, BESIDE THE COMPOUND",07-11-03-004
Benue,Kwande,Liev II,"LGEA PRI. SCHOOL, ABANYI, WITHIN SCHOOL PREMISES",07-11-03-005
Benue,Kwande,Liev II,"YANDE ORDAM, RCM PRI. SCHOOL, YANDE",07-11-03-006
Benue,Kwande,Liev II,"CHIGBA MARKET I, CLOSE TO MARKET SQUARE",07-11-03-007
Benue,Kwande,Liev II,"CHIGBA MARKET II, CLOSE TO MARKET SQUARE",07-11-03-008
Benue,Kwande,Liev II,"TSE BEBE, IN FRONT OF THE BEBE'S COMPOUND",07-11-03-009
Benue,Kwande,Liev II,AGULE IKUME - BESIDE AGULE IKUME'S COMPOUND,07-11-03-010
Benue,Kwande,Liev II,"IMANDE ALE, OUTSIDE IMANDE MARKET SQUARE",07-11-03-011
Benue,Kwande,Liev II,"IKYOGEN MARKET, OUTSIDE MARKET SQUARE",07-11-03-012
Benue,Kwande,Liev II,"IKYOGEN MOTOR PARK, BESIDE ENT",07-11-03-013
Benue,Kwande,Liev II,"LGEA PRI. SCHOOL, GISA, SCHOOL PREMISES",07-11-03-014
Benue,Kwande,Liev II,"LGEA PRI. SCHOOL, AHONDO, SCHOOL PREMISES",07-11-03-015
Benue,Kwande,Liev II,"WOKAGHER, LGEA SCHOOL, WOKAGHER",07-11-03-016
Benue,Kwande,Liev II,"IMANDE MBAIKULE, BEFORE THE MARKET SQUARE",07-11-03-017
Benue,Kwande,Liev II,"TSE AJAVER, CLOSE TO AJAVER COMPOUND",07-11-03-018
Benue,Kwande,Liev II,"ATSAR ANANDE, LGEA PRI. SCHOOL, ANANDE",07-11-03-019
Benue,Kwande,Liev II,"IKUR COMPOUND, BEFORE THE COMPOUND",07-11-03-020
Benue,Kwande,Liev II,"MTU VILLAGE, BEFORE MTU VILLAGE SQUARE",07-11-03-021
Benue,Kwande,Liev II,"GBINDE CLINIC, BESIDE CLINIC",07-11-03-022
Benue,Kwande,Liev II,"TSE BAA, IN FRONT OF TSE BAA COMPOUND",07-11-03-023
Benue,Kwande,Liev II,"AGENOGO MARKET, IN FRONT OF MARKET",07-11-03-024
Benue,Kwande,Liev II,"TSE YULA, NEAR YUA'S COMPOUND",07-11-03-025
Benue,Kwande,Liev II,"ORCHIRVIR ASHO, CLOSE TO ASHO'S COMPOUND",07-11-03-026
Benue,Kwande,Liev II,"NKST. PRI. SCHOOL, CHAN, SCHOOL PREMISES",07-11-03-027
Benue,Kwande,Liev II,"TSE AWUNDU, CLOSE TO AWUNDU'S COMPOUND",07-11-03-028
Benue,Kwande,Liev II,ANNUNE MARKET SQUARE,07-11-03-029
Benue,Kwande,Liev II,KPE ANYAM MARKET SQUARE,07-11-03-030
Benue,Kwande,Liev II,SHIMO TECH. IKYOGEN,07-11-03-031
Benue,Kwande,Liev II,LGEA PRIMARY SCHOOL NDAGH,07-11-03-032
Benue,Kwande,Liev II,MANYI MARKET SQUARE,07-11-03-033
Benue,Kwande,Mbadura,"SHIMANA AMATA, RCM. PRI. SCHOOL, SHIMANA",07-11-04-001
Benue,Kwande,Mbadura,"RCM. PRI. SCHOOL, INJORSHA, SCHOOL PREMISES",07-11-04-002
Benue,Kwande,Mbadura,"NKST PRI. SCHOOL, TUM I, SCHOOL PREMISES",07-11-04-003
Benue,Kwande,Mbadura,"NKST PRI. SCHOOL, TUM II, SCHOOL PREMISES",07-11-04-004
Benue,Kwande,Mbadura,"LGEA SCHOOL, ATSUA, SCHOOL PREMISES",07-11-04-005
Benue,Kwande,Mbadura,"NKST. PRI. SCHOOL, AKUJI, SCHOOL PREMISES",07-11-04-006
Benue,Kwande,Mbadura,"NYAGBA CLINIC, WITHIN PREMISES OF CLINIC",07-11-04-007
Benue,Kwande,Mbadura,"IMANDE WENDE, BEFORE WENDE MARKET",07-11-04-008
Benue,Kwande,Mbadura,"LGEA PRI. SCHOOL, BOAGUNDU, SCHOOL PREMISES",07-11-04-009
Benue,Kwande,Mbadura,"RCM. PRI. SCHOOL, GUSA, SCHOOL PREMISES",07-11-04-010
Benue,Kwande,Mbadura,"LGEA PRI. SCHOOL, AYAGA, SCHOOL PREMISES",07-11-04-011
Benue,Kwande,Mbadura,"KAUN  GADIM, NEAR KAUN MARKET SQUARE",07-11-04-012
Benue,Kwande,Mbadura,"KUSUGH, AT THE APPROACH OF KUSUGH COMPOUND",07-11-04-013
Benue,Kwande,Mbadura,"ANGOR, CLOSE TO ANGOR COMPOUND",07-11-04-014
Benue,Kwande,Mbadura,"TSE GBAGA, BEFORE TSE GBAGA COMPOUND",07-11-04-015
Benue,Kwande,Mbadura,"LGEA PRI. SCHOOL, SHIKAAN, SCHOOL PREMISES",07-11-04-016
Benue,Kwande,Mbadura,MBATANGE OPEN SPACE,07-11-04-017
Benue,Kwande,Mbadura,SASHANIK OPEN SPACE,07-11-04-018
Benue,Kwande,Mbadura,WANNUNE MARKET SQUARE,07-11-04-019
Benue,Kwande,Mbagba/Mbaikyan,"KOOKOKO MARKET SQUARE, CLOSE TO MARKET SQUARE",07-11-05-001
Benue,Kwande,Mbagba/Mbaikyan,ST MARY'S SEC  SCH ADIKPO - WITHIN SCH PREMISES,07-11-05-002
Benue,Kwande,Mbagba/Mbaikyan,"NKST. PRI. SCHOOL, BEBE, SCHOOL PREMISES",07-11-05-003
Benue,Kwande,Mbagba/Mbaikyan,"NKST PRI. SCHOOL, IANGE, SCHOOL PREMISES",07-11-05-004
Benue,Kwande,Mbagba/Mbaikyan,"LGEA PRI. SCHOOL, YONGO, SCHOOL PREMISES",07-11-05-005
Benue,Kwande,Mbagba/Mbaikyan,"LGEA PRI. SCHOOL, UZEGE, SCHOOL PREMISES",07-11-05-006
Benue,Kwande,Mbagba/Mbaikyan,"IHONAM MARKET, BEFORE MARKET SQUARE ",07-11-05-007
Benue,Kwande,Mbagba/Mbaikyan,"TSE DZURGBA, CLOSE TO DZURGBA COMPOUND",07-11-05-008
Benue,Kwande,Mbagba/Mbaikyan,"KOTI APERA, IKPAYAR PRI. SCHOOL PREMISES",07-11-05-009
Benue,Kwande,Mbagba/Mbaikyan,"KOTI APERA MARKET, BESIDE THE MARKET SQUARE",07-11-05-010
Benue,Kwande,Mbagba/Mbaikyan,"GBE MARKET I, CLOSE TO MARKET SQUARE",07-11-05-011
Benue,Kwande,Mbagba/Mbaikyan,"GBE MARKET II, CLOSE TO MARKET SQUARE",07-11-05-012
Benue,Kwande,Mbagba/Mbaikyan,"TOR IGBUDU, NKST. PRI. SCHOOL, ADZER",07-11-05-013
Benue,Kwande,Mbagba/Mbaikyan,ANGER -  UYOUGH - NEAR MARKET SQUARE,07-11-05-014
Benue,Kwande,Mbagba/Mbaikyan,"ANUM IVOM, LGEA PRI. SCHOOL, ADZER",07-11-05-015
Benue,Kwande,Mbagba/Mbaikyan,"LGEA PRI. SCHOOL, KUHE, SCHOOL PREMISES",07-11-05-016
Benue,Kwande,Mbagba/Mbaikyan,"LGEA PRI. SCHOOL, UYOUGH, SCHOOL PREMISES",07-11-05-017
Benue,Kwande,Mbagba/Mbaikyan,"LGEA PRI. SCHOOL, KENDE, SCHOOL PREMISES",07-11-05-018
Benue,Kwande,Mbagba/Mbaikyan,"LGEA PRI. SCHOOL, HULO, SCHOOL PREMISES",07-11-05-019
Benue,Kwande,Mbagba/Mbaikyan,"LGEA PRI. SCHOOL, KACHI, SCHOOL PREMISES",07-11-05-020
Benue,Kwande,Mbagba/Mbaikyan,GYEGWE MARKET,07-11-05-021
Benue,Kwande,Mbagba/Mbaikyan,ASAWA MARKET SQUARE,07-11-05-022
Benue,Kwande,Mbagba/Mbaikyan,ABANYI MARK SQUARE,07-11-05-023
Benue,Kwande,Mbagba/Mbaikyan,MBAMBESE COMMUNITY,07-11-05-024
Benue,Kwande,Mbagba/Mbaikyan,ADZUA-IKUR MARKET SQUARE,07-11-05-025
Benue,Kwande,Mbagba/Mbaikyan,LGEA PRIM. SCH. MBARUMUN,07-11-05-026
Benue,Kwande,Mbagba/Mbaikyan,ST PETER'S MBARUMUN,07-11-05-027
Benue,Kwande,Mbagba/Mbaikyan,ABUJA-MBWEN MARKET,07-11-05-028
Benue,Kwande,Mbaikyor,"ICHOL MARKET, CLOSE TO MARKET SQUARE ",07-11-06-001
Benue,Kwande,Mbaikyor,"LGEA PRI. SCHOOL, KANSHIO, SCHOOL PREMISES",07-11-06-002
Benue,Kwande,Mbaikyor,"RCM. PRI. SCHOOL, IGBONDO, SCHOOL, PREMISES",07-11-06-003
Benue,Kwande,Mbaikyor,AMHINDU MARKET I - NEAR MARKET SQUARE,07-11-06-004
Benue,Kwande,Mbaikyor,AMHINDU MARKET II - CLOSE TO MARKET SQUARE,07-11-06-005
Benue,Kwande,Mbaikyor,"UNONGO VILLAGE, CLOSE TO VILLAGE SQUARE",07-11-06-006
Benue,Kwande,Mbaikyor,"LGEA SCHOOL, IKYUNA, SCHOOL PREMISES",07-11-06-007
Benue,Kwande,Mbaikyor,LGEA PRIM. SCH JATO KUMBUR - WITHIN SCH PREMISES,07-11-06-008
Benue,Kwande,Mbaikyor,"LGEA PRI. SCHOOL, ICHORON, SCHOOL PREMISESD",07-11-06-009
Benue,Kwande,Mbaikyor,TSE MBAN COMPOUND - CLOSE TO THE COMPOUND,07-11-06-010
Benue,Kwande,Mbaikyor,"NYIHEMBA, RCM PRI. SCHOOL, NYHIHEMBA",07-11-06-011
Benue,Kwande,Mbaikyor,RCM PRIM SCH IHINDAN I - WITHIN THE PREMISES,07-11-06-012
Benue,Kwande,Mbaikyor,RCM PRIM SCH IHINDAN II - WITHIN THE PREMISES,07-11-06-013
Benue,Kwande,Mbaikyor,"SAAVE, LGEA PRI. SCHOOL, SAAVE PREMISES",07-11-06-014
Benue,Kwande,Mbaikyor,UDEADEKU MARKET SQUARE,07-11-06-015
Benue,Kwande,Mbaikyor,"LGEA SCHOOL, ADAM, SCHOOL PREMISES",07-11-06-016
Benue,Kwande,Mbaikyor,"RCM. PRI. SCHOOL WENDE, SCHOOL PREMISES",07-11-06-017
Benue,Kwande,Mbaikyor,"ANWASE MARKET, CLOSE TO MARKET SQUARE",07-11-06-018
Benue,Kwande,Mbaikyor,"GSS, ANWASE, SCHOOL PREMISES",07-11-06-019
Benue,Kwande,Mbaikyor,"NKST PRI. SCHOOL, AZEGE, SCHOOL PREMISES",07-11-06-020
Benue,Kwande,Mbaikyor,"NKST. PRI. SCHOOL, CHAFA, SCHOOL PREMISES",07-11-06-021
Benue,Kwande,Mbaikyor,"ABANDE MARKET, BEFORE MARKET SQUARE",07-11-06-022
Benue,Kwande,Mbaikyor,"ITYU UKASE, LGEA PRI. SCHOOL, ITYU-UKASE",07-11-06-023
Benue,Kwande,Mbaikyor,"IMANDE UKUSU, LGEA PRI. SCHOOL, IMANDE PREMISES",07-11-06-024
Benue,Kwande,Mbaikyor,"TYOPAV, NKST PRI SCHOOL, TYOPAV",07-11-06-025
Benue,Kwande,Mbaikyor,"AHILE, LGEA PRI. SCHOOL, AHILE PREMISES",07-11-06-026
Benue,Kwande,Mbaikyor,AKPEN MARKET,07-11-06-027
Benue,Kwande,Mbaikyor,RCM PRIM. SCHOOL UCHAGH,07-11-06-028
Benue,Kwande,Mbaikyor,UJA VILLAGE,07-11-06-029
Benue,Kwande,Mbaikyor,LGEA PRIMARY SCHOOL MAAV ASAR,07-11-06-030
Benue,Kwande,Mbaikyor,MBAABO VILLAGE,07-11-06-031
Benue,Kwande,Mbaikyor,MAAV COMMUNITY SEC. SCHOOL,07-11-06-032
Benue,Kwande,Mbaikyor,LGEA PRIM. SCH. TYOKON,07-11-06-033
Benue,Kwande,Mbaikyor,NKST PRIMARY SCHOOL IGBA,07-11-06-034
Benue,Kwande,Mbaketsa,"GOM GIRE, NEAR GOM GIRE COMPOUND",07-11-07-001
Benue,Kwande,Mbaketsa,"GUMYAR AGA, ENTRANCE OF GUMYAR",07-11-07-002
Benue,Kwande,Mbaketsa,"RCM. PRI. SCHOOL, MBAPE, SCHOOL PREMISES",07-11-07-003
Benue,Kwande,Mbaketsa,"AJIO-UPEV BRANCH, BEHIND AJIO-UPE JUNCTION",07-11-07-004
Benue,Kwande,Mbaketsa,"AJIO-KOTI ROAD, BESIDE AJIO BUS STOP",07-11-07-005
Benue,Kwande,Mbaketsa,"LGEA PRI. SCHOOL, UPEV, SCHOOL PREMISES",07-11-07-006
Benue,Kwande,Mbaketsa,"TSWAR NDOR MARKET, NEAR MARKET PREMISES",07-11-07-007
Benue,Kwande,Mbaketsa,"RCM. PRI. SCHOOL, UGO, SCHOOL PREMISES",07-11-07-008
Benue,Kwande,Mbaketsa,"TSE ATOM GBE, CLOSE TO ATOM GBE COMP",07-11-07-009
Benue,Kwande,Mbaketsa,"RCM. PRI. SCHOOL, UIMANDE, WITHIN SCHOOL PREMISES",07-11-07-010
Benue,Kwande,Mbaketsa,"RCM. PRI. SCHOOL, YAJI I, SCHOOL PREMISES",07-11-07-011
Benue,Kwande,Mbaketsa,"RCM PRI. SCHOOL, YAJI II, SCHOOL PREMISES",07-11-07-012
Benue,Kwande,Mbaketsa,"AGEREGA MARKET I, WITHIN MARKET SQUARE",07-11-07-013
Benue,Kwande,Mbaketsa,"AGEREGA MARKET II, CLOSE TO MARKET SQUARE",07-11-07-014
Benue,Kwande,Mbaketsa,"KPENGWA MARKET, LGEA PRI. SCHOOL, KPENGWA",07-11-07-015
Benue,Kwande,Mbaketsa,"ATAIMO MARKET I, NEAR MARKET SQUARE",07-11-07-016
Benue,Kwande,Mbaketsa,"ATAIMO MARKET II, NEAR MARKET SQUARE",07-11-07-017
Benue,Kwande,Mbaketsa,LGEA PRIMARY SCH. KPENGWA,07-11-07-018
Benue,Kwande,Mbaketsa,"OPEN SPACE, NEAR RCM PRI. SCH. MBAPE",07-11-07-019
Benue,Kwande,Mbaketsa,AJIO YAJI JUNCTION,07-11-07-020
Benue,Kwande,Mbaketsa,AJIO MARKET SQUARE,07-11-07-021
Benue,Kwande,Menev,"LGEA PRI. SCHOOL IKURAV-YA I, SCHOOL PREMISES",07-11-08-001
Benue,Kwande,Menev,"LGEA PRI. SCHOOL, IKURAV-YA II, SCHOOL PREMISES",07-11-08-002
Benue,Kwande,Menev,"IGOM, NEAR IGOM MARKET SQUARE ",07-11-08-003
Benue,Kwande,Menev,"TYOGBENDE, CLOSE TO TYOGBENDA MARKET",07-11-08-004
Benue,Kwande,Menev,"UGEE INJIOV, BEFORE UGEE SETTLEMENT",07-11-08-005
Benue,Kwande,Menev,AULE GBER - NEAR AULE GBER COMPOUND,07-11-08-006
Benue,Kwande,Menev,"LGEA PRI. SCHOOL, TEGHTEGH, WITHIN SCHOOL PREMISES",07-11-08-007
Benue,Kwande,Menev,"MADONNA HIGH SCHOOL, AROUND SCHOOL PREMISES",07-11-08-008
Benue,Kwande,Menev,"ADAGI MARKET, CLOSE TO MARKET SQUARE",07-11-08-009
Benue,Kwande,Menev,"LGEA PRI. SCHOOL, DAGBA, SCHOOL PREMISES",07-11-08-010
Benue,Kwande,Menev,"USO MELA, BEFORE USO MARKET SQUARE",07-11-08-011
Benue,Kwande,Menev,"TONGO, LGEA PRI. SCHOOL, TONGO",07-11-08-012
Benue,Kwande,Menev,"IVENGER MARKET, CLOSE TO IVENGER MARKET",07-11-08-013
Benue,Kwande,Menev,"LGEA PRI. SCHOOL, UGUGU, SCHOOL PREMISES",07-11-08-014
Benue,Kwande,Menev,AKPE IMBUSU - NEAR IMBUSU COMPOUND,07-11-08-015
Benue,Kwande,Menev,"LGEA PRI. SCHOOL, AYINDI, SCHOOL PREMISES",07-11-08-016
Benue,Kwande,Menev,"KELEM, LGEA PRI. SCHOOL, KELEM PREMISES",07-11-08-017
Benue,Kwande,Menev,"MTOM UTSEV, CLOSE TO VILLAGE SQUARE",07-11-08-018
Benue,Kwande,Menev,PRIMARY HEALTH CENTRE IGBOM,07-11-08-019
Benue,Kwande,Menev,PRIMARY HEALTH CENTRE INJIOV,07-11-08-020
Benue,Kwande,Menev,NYAMKYUME MARKET,07-11-08-021
Benue,Kwande,Menev,PRIMARY HEALTH CENTRE ADAGI,07-11-08-022
Benue,Kwande,Menev,MBAKUR PRIMARY SCHOOL,07-11-08-023
Benue,Kwande,Menev,LGEA PRIMARY SCHOOL IVENGER,07-11-08-024
Benue,Kwande,Tondov I,"TICA MARKET, NEAR MARKET SQUARE ",07-11-09-001
Benue,Kwande,Tondov I,"RECM. PRI. SCHOOL, MBAPEV SCHOOL PREMISES",07-11-09-002
Benue,Kwande,Tondov I,"LGEA SCHOOL, MBAKUNU I, SCHOOL PREMISES ",07-11-09-003
Benue,Kwande,Tondov I,"LGEA SCHOOL, MBAKUNU II, SCHOOL PREMISES ",07-11-09-004
Benue,Kwande,Tondov I,"RCMP PRI. SCHOOL, IYON SCHOOL PREMISES ",07-11-09-005
Benue,Kwande,Tondov I,"IYON MARKET, CLOSE TO MARKET SQUARE",07-11-09-006
Benue,Kwande,Tondov I,"IKYEGH-DAM MARKET, BESIDE MARKET SQUARE",07-11-09-007
Benue,Kwande,Tondov I,"TSE KWANGE MARKET, CLOSE TO THE MARKET SQUARE",07-11-09-008
Benue,Kwande,Tondov I,"ATSOR MARKET I, NEAR ATSOR MARKET SQUARE",07-11-09-009
Benue,Kwande,Tondov I,"ATSOR MARKET II, ATSOR MARKET PREMISES",07-11-09-010
Benue,Kwande,Tondov I,"NKST PRI. SCHOOL, AKAA, SCHOOL PREMISES ",07-11-09-011
Benue,Kwande,Tondov I,"NKST. PRI. SCHOOL, KWENTSE, SCHOOL PREMISES ",07-11-09-012
Benue,Kwande,Tondov I,LIFE GATE SPACE,07-11-09-013
Benue,Kwande,Tondov I,LGEA PRI. SCH. MBAKUNU,07-11-09-014
Benue,Kwande,Tondov I,NKST PRIM. SCH. MSTWEN,07-11-09-015
Benue,Kwande,Tondov I,RCM PRIM SCH. TSEKWANGE,07-11-09-016
Benue,Kwande,Tondov I,UBE SECONDARY SCHOOL,07-11-09-017
Benue,Kwande,Tondov I,HIGH LEVEL IYON,07-11-09-018
Benue,Kwande,Tondov II,"LGEA PRI. SCHOOL, KOTI, SCHOOL PREMISES ",07-11-10-001
Benue,Kwande,Tondov II,"KOTI MARKET, CLOSE TO MARKET SQUARE",07-11-10-002
Benue,Kwande,Tondov II,"RCM. PRI. SCHOOL, AONDOAKAA, SCHOOL PREMISES ",07-11-10-003
Benue,Kwande,Tondov II,"RCM. PRI. SCHOOL, AAYONGO, SCHOOL PREMISES ",07-11-10-004
Benue,Kwande,Tondov II,"TSE JAM, CLOSE TO TSE JAM COMPOUND ",07-11-10-005
Benue,Kwande,Tondov II,"NKST. PRI. SCHOOL, HINGIR, SCHOOL PREMISES ",07-11-10-006
Benue,Kwande,Tondov II,"UDEMA MARKET, BEFORE MARKET SQUARE",07-11-10-007
Benue,Kwande,Tondov II,"RCM PRI. SCHOOL, MBAGBEGBA I, SCHOOL PREMISES ",07-11-10-008
Benue,Kwande,Tondov II,"RCM. PRI. SCHOOL, MBAGBEGBA II, SCHOOL PREMISES ",07-11-10-009
Benue,Kwande,Tondov II,"NKST. PRI. SCHOOL, ABENGA, SCHOOL PREMISES ",07-11-10-010
Benue,Kwande,Tondov II,"LGEA PRI. SCHOOL, BUTER I, SCHOOL PREMISES",07-11-10-011
Benue,Kwande,Tondov II,"LGEA PRI. SCHOOL, BUTER II, SCHOOL PREMISES",07-11-10-012
Benue,Kwande,Tondov II,"ADA MARKET I, BESIDE MARKET SQUARE",07-11-10-013
Benue,Kwande,Tondov II,"RCM. PRI. SCHOOL, MBAHURA, SCHOOL PREMISES ",07-11-10-014
Benue,Kwande,Tondov II,NKST PRIM SCH GESA-SCHOOL PREMISES ,07-11-10-015
Benue,Kwande,Tondov II,UNO MARKET - CLOSE TO MARKET SQUARE,07-11-10-016
Benue,Kwande,Tondov II,"KOBOLO MARKET, LGEA PRI. SCHOOL, KOBOLO",07-11-10-017
Benue,Kwande,Tondov II,"ADA MARKET II, BESIDE MARKET SQUARE",07-11-10-018
Benue,Kwande,Tondov II,TRAINING WORKSHOP KOTI,07-11-10-019
Benue,Kwande,Tondov II,NKST PRIMARY SCHOOL ADASO,07-11-10-020
Benue,Kwande,Tondov II,MUSA VILLAGE,07-11-10-021
Benue,Kwande,Tondov II,NKST PRIMARY SCHOOL YESE,07-11-10-022
Benue,Kwande,Tondov II,KAAMEM MARKET MBACHO,07-11-10-023
Benue,Kwande,Tondov II,KAAMEM MARKETMAGA,07-11-10-024
Benue,Kwande,Tondov II,NKST PRIMARY SCHOOL UKURA,07-11-10-025
Benue,Kwande,Usar,"PUUSU VILLAGE, NEAR VILLAGE PREMISES ",07-11-11-001
Benue,Kwande,Usar,"NKST. PRI. SCHOOL, IKURAN, SCHOOL PREMISES",07-11-11-002
Benue,Kwande,Usar,"TYOGBENDA UCHI, BEFORE TYOGBENDA MARKET",07-11-11-003
Benue,Kwande,Usar,TSE ANKON - WITHIN TSE ANKON VILLAGE,07-11-11-004
Benue,Kwande,Usar,DAZUNGWE VILLAGE SQUARE,07-11-11-005
Benue,Kwande,Usar,"LGEA PRI. SCHOOL, GUBE I, SCHOOL PREMISES ",07-11-11-006
Benue,Kwande,Usar,"LGEA PRI. SCHOOL, GUBE II, SCHOOL PREMISES ",07-11-11-007
Benue,Kwande,Usar,"IKYOWEN VILLAGE, BESIDE VILLAGE PREMISES ",07-11-11-008
Benue,Kwande,Usar,BUKU VILLAGE ,07-11-11-009
Benue,Kwande,Usar,IKYUME VILLAGE,07-11-11-010
Benue,Kwande,Usar,Y - JUNCTION,07-11-11-011
Benue,Kwande,Usar,BESIDES AKO'S COMPOUND,07-11-11-012
Benue,Kwande,Usar,TSE AKON WITHIN TSE AKON VILLAGE,07-11-11-013
Benue,Kwande,Mbayoo,"TSE KAJO, NEAR TSE KAJO VILLAGE",07-11-12-001
Benue,Kwande,Mbayoo,"LGEA PRI. SCHOOL, HAANYA, SCHOOL PREMISES",07-11-12-002
Benue,Kwande,Mbayoo,"TSE LIVE, CLOSE TO TSE LIVE COMPOUND",07-11-12-003
Benue,Kwande,Mbayoo,"TSE GUM, CLOSE TO TSE GUM COMPOUND",07-11-12-004
Benue,Kwande,Mbayoo,"LGEA PRI. SCHOOL, AHUNDU I, SCHOOL PREMISES",07-11-12-005
Benue,Kwande,Mbayoo,"LGEA PRI. SCHOOL AHUNDU II, SCHOOL PREMISES",07-11-12-006
Benue,Kwande,Mbayoo,"TSE HANIOR, CLOSE TO HANIOR VILLAGE",07-11-12-007
Benue,Kwande,Mbayoo,"LGEA PRI. SCHOOL, BOON, SCHOOL PREMISES",07-11-12-008
Benue,Kwande,Mbayoo,GUDA - NEAR TSE ANIGO,07-11-12-009
Benue,Kwande,Mbayoo,KYADO MARKET,07-11-12-010
Benue,Kwande,Mbayoo,GABRIEL SUSWAM COTTAGE HOSPITAL,07-11-12-011
Benue,Kwande,Mbayoo,COOPERATIVE OFFICE,07-11-12-012
Benue,Kwande,Mbayoo,IKYAIOR MARKET,07-11-12-013
Benue,Kwande,Mbayoo,TSE CHULA COMPOUND,07-11-12-014
Benue,Kwande,Mbayoo,TSE HANIOR,07-11-12-015
Benue,Kwande,Yaav,"AGA MARKET I, BESIDE MARKET SQUARE",07-11-13-001
Benue,Kwande,Yaav,"AGA MARKET II, BESIDE MARKET SQUARE",07-11-13-002
Benue,Kwande,Yaav,"TSE AGA, BESIDE TSE AGA COMPOUND ",07-11-13-003
Benue,Kwande,Yaav,"NKST. PRI. SCHOOL, JATO-AKA I, SCHOOL PREMISES",07-11-13-004
Benue,Kwande,Yaav,"NKST. PRI SCHOOL, JATO-AKA II, SCHOOL PREMISES",07-11-13-005
Benue,Kwande,Yaav,"INUNDUR, CLOSE TO THE MARKET SQUARE",07-11-13-006
Benue,Kwande,Yaav,"WAYA JAPE, NIGER WAYA MARKET SQUARE",07-11-13-007
Benue,Kwande,Yaav,"DIIV I, BEFORE DIIV MARKET SQUARE",07-11-13-008
Benue,Kwande,Yaav,"DIIV II, BEFORE DIIV MARKET SQUARE",07-11-13-009
Benue,Kwande,Yaav,"WANCHIHA, CLOSE TO WANCHAHA MARKET",07-11-13-010
Benue,Kwande,Yaav,"RCM. PRI. SCHOOL, ATIM, SCHOOL PREMISES",07-11-13-011
Benue,Kwande,Yaav,"TSE AKOUGH, NEAR TSE AKOUGH COMPOUND ",07-11-13-012
Benue,Kwande,Yaav,"TSE JAM, AROUNF TSE JAM COMPOUND ",07-11-13-013
Benue,Kwande,Yaav,CHANKA MARKET SQUARE,07-11-13-014
Benue,Kwande,Yaav,WANNUNE MARKET ,07-11-13-015
Benue,Kwande,Yaav,NKST PRIMARY SCHOOL MABALAHA,07-11-13-016
Benue,Kwande,Yaav,MBAKPEDA SQUARE TSE-ALKALI,07-11-13-017
Benue,Kwande,Yaav,TINE NUNE,07-11-13-018
Benue,Kwande,Yaav,KAAMEM MARKET,07-11-13-019
Benue,Kwande,Yaav,MOTOR PARK JATO AKA,07-11-13-020
Benue,Kwande,Yaav,LGEA TOWNSHIP PRIM. SCH. JATO AKA,07-11-13-021
Benue,Kwande,Moon,"ADANGE, BESIDE ADANGE COMPOUND",07-11-14-001
Benue,Kwande,Moon,"WENDE, WENDE VILLAGE PREMISES",07-11-14-002
Benue,Kwande,Moon,MBANYON CLINIC - BESIDE THE SCHOOL PREMISES,07-11-14-003
Benue,Kwande,Moon,"LGEA PRI. SCHOOL, ITYOUGH, SCHOOL PREMISES",07-11-14-004
Benue,Kwande,Moon,"FISHING MARKET, NEAR MARKET SQUARE",07-11-14-005
Benue,Kwande,Moon,LGEA PRIM SCH AGUCHENYI,07-11-14-006
Benue,Kwande,Moon,"YANDE ATUM, CLOSE TO YANDE'E COMPOUND",07-11-14-007
Benue,Kwande,Moon,SHASE - BEFORE SHASE MARKET SQUARE,07-11-14-008
Benue,Kwande,Moon,"TSE-ORSHI, NEAR TSE-ORSHI VILLAGE",07-11-14-009
Benue,Kwande,Moon,"DANIKPO, AROUND DANIKPO COMPOUND",07-11-14-010
Benue,Kwande,Moon,"TSE-ABO, BEFORE TSE-ABO COMPOUND",07-11-14-011
Benue,Kwande,Moon,"LGEA PRI. SCHOOL, IGBUDU, SCHOOL PREMISES",07-11-14-012
Benue,Kwande,Moon,"GBANGBAN, BEFORE GBANGBAN COMPOUND ",07-11-14-013
Benue,Kwande,Moon,BEBESHI MARKET,07-11-14-014
Benue,Kwande,Kumakwagh,"LGEA PRI. SCHOOL, MANYAM, SCHOOL PREMISES",07-11-15-001
Benue,Kwande,Kumakwagh,"LGEA PRI. SCHOOL, MANYAM, SCHOOL PREMISES",07-11-15-002
Benue,Kwande,Kumakwagh,"IBUMEOR MARKET, NEAR IBUMEOR MARKET ",07-11-15-003
Benue,Kwande,Kumakwagh,"RCM. PRI. SCHOOL, AZAIBO I, SCHOOL PREMISES",07-11-15-004
Benue,Kwande,Kumakwagh,"RCM. PRI. SCHOOL, AZAIBO II, SCHOOL PREMISES",07-11-15-005
Benue,Kwande,Kumakwagh,"TSE INDYER, CLOSE TO TSE INDYER COMPOUND",07-11-15-006
Benue,Kwande,Kumakwagh,LGEA PRIM SCH AGURA I - SCH PREMISES,07-11-15-007
Benue,Kwande,Kumakwagh,"LGEA PRI. SCHOOL, AGURA II, SCHOOL PREMISES",07-11-15-008
Benue,Kwande,Kumakwagh,"TSE ATOROUGH, NEAR ATOROUGH COMPOUND",07-11-15-009
Benue,Kwande,Kumakwagh,MBEREV MARKET SQAURE,07-11-15-010
Benue,Kwande,Kumakwagh,NSKT PRIMARY SCHOOL AGYAYO,07-11-15-011
Benue,Kwande,Kumakwagh,LGEA PRIM. SCHOOL MBAPEV,07-11-15-012
Benue,Kwande,Kumakwagh,MBAPEV IHYUNDU,07-11-15-013
Benue,Logo,Mbadyul,RCM SCHOOL GONDOZUA PLAY GROUND,07-12-01-001
Benue,Logo,Mbadyul,NKST SCHOOL GONDOZUA ,07-12-01-002
Benue,Logo,Mbadyul,TSE JIIR VILLAGE SQUARE,07-12-01-003
Benue,Logo,Mbadyul,TORKUKWA VILLAGE SQUARE,07-12-01-004
Benue,Logo,Mbadyul,RCM PRI. SCHOOL ABEDA,07-12-01-005
Benue,Logo,Mbadyul,ABEDA MARKET SQUARE,07-12-01-006
Benue,Logo,Mbadyul,KAAKIGHIR VILLAGE SQUARE,07-12-01-007
Benue,Logo,Mbadyul,TIZA VILLAGE SQUARE ,07-12-01-008
Benue,Logo,Mbadyul,AWANIMA VILLAGE SQUARE,07-12-01-009
Benue,Logo,Mbadyul,TARMENA VILLAGE SQUARE,07-12-01-010
Benue,Logo,Mbadyul,AKUSA VILLAGE SQUARE,07-12-01-011
Benue,Logo,Mbadyul,GONDOZUA MARKET SQUARE,07-12-01-012
Benue,Logo,Mbadyul,TSE AZEGE VILLAGE SQUARE,07-12-01-013
Benue,Logo,Mbagber,RCM PRI. SCHOOL AKOMBO,07-12-02-001
Benue,Logo,Mbagber,"NKST PRI. SCHOOL, ANYIIN",07-12-02-002
Benue,Logo,Mbagber,RCM PRI. SCHOOL ANYIIN,07-12-02-003
Benue,Logo,Mbagber,"LGEA PRI. SCHOOL, ANYIIN",07-12-02-004
Benue,Logo,Mbagber,JINGA MARKET SQUARE,07-12-02-005
Benue,Logo,Mbagber,IMADE NORTH (ANYIIN MARKET SQUARE),07-12-02-006
Benue,Logo,Mbagber,ANYIIN (MARKET SQUARE),07-12-02-007
Benue,Logo,Mbagber,"LGEA PRI. SCHOOL, MCHIA",07-12-02-008
Benue,Logo,Mbagber,"RCM PRI. SCHOOL, TYOBAN",07-12-02-009
Benue,Logo,Mbagber,"RCM PRI. SCHOOL, KWAGH (KWAGH)",07-12-02-010
Benue,Logo,Mbagber,"LGEA SCHOOL, UIWEV",07-12-02-011
Benue,Logo,Mbagber,ASEMA (VILLAGE SQUARE),07-12-02-012
Benue,Logo,Mbagber,TSE - IORBO (VILLAGE SQUARE),07-12-02-013
Benue,Logo,Mbagber,M.O.W CAMP,07-12-02-014
Benue,Logo,Mbagber,NEAR ASHI POLY OPEN SPACE,07-12-02-015
Benue,Logo,Mbagber,SUSWAM TINGIR VILLAGE SQUARE,07-12-02-016
Benue,Logo,Mbagber,AMO HAMBE OPEN SPACE,07-12-02-017
Benue,Logo,Mbagber,DIAKA VILLAGE SQUARE,07-12-02-018
Benue,Logo,Mbagber,MCHIA MARKET SQUARE,07-12-02-019
Benue,Logo,Mbagber,BURBWA VILLAGE SQUARE,07-12-02-020
Benue,Logo,Mbagber,INJUUL VILLAGE SQUARE,07-12-02-021
Benue,Logo,Mbater,ASOM VILLAGE SQUARE ,07-12-03-001
Benue,Logo,Mbater,TSE - KYANYON VILLAGE SQUARE,07-12-03-002
Benue,Logo,Mbater,RCM PRIMARY SCHOOL NEV,07-12-03-003
Benue,Logo,Mbater,LGEA PRIMARY SCHOOL ORBIAM,07-12-03-004
Benue,Logo,Mbater,TSE ABUUL (MARKET SQUARE),07-12-03-005
Benue,Logo,Mbater,TSE - KYAUSU (VILLAGE SQUARE),07-12-03-006
Benue,Logo,Mbater,NKST SCHOOL MBAASA,07-12-03-007
Benue,Logo,Mbater,RCM SCHOOL AGANYI,07-12-03-008
Benue,Logo,Mbater,UKANGE VILLAGE SQUARE,07-12-03-009
Benue,Logo,Mbater,AMATSO (VILLAGE SQUARE),07-12-03-010
Benue,Logo,Mbater,LGEA SCHOOL KULEGWA,07-12-03-011
Benue,Logo,Mbater,IMANDE - ADEGA (VILLAGE SQUARE),07-12-03-012
Benue,Logo,Mbater,AKINDE (VILLAGE SQUARE),07-12-03-013
Benue,Logo,Mbater,SONGO VILLAGE SQUARE,07-12-03-014
Benue,Logo,Mbater,"LGEA PRIMARY SCHOOL, JANDO",07-12-03-015
Benue,Logo,Mbater,KWAGHBEE VILLAGE SQUARE,07-12-03-016
Benue,Logo,Mbater,UGONDO MODEL SCH. UGBA,07-12-03-017
Benue,Logo,Mbater,"NEW CITY SETTLEMENT, NYAGH",07-12-03-018
Benue,Logo,Mbater,AGANDI VILLAGE SQUARE,07-12-03-019
Benue,Logo,Mbanyam,AKUME (VILLAGE SQUARE),07-12-04-001
Benue,Logo,Mbanyam,UGBA MARKET SQUARE,07-12-04-002
Benue,Logo,Mbanyam,LGEA PRIMARY SCHOOL TSENGE,07-12-04-003
Benue,Logo,Mbanyam,MAKIR WORKSHOP UGBA TOWN,07-12-04-004
Benue,Logo,Mbanyam,"LOCAL GOVT CLINIC, UGBA.",07-12-04-005
Benue,Logo,Mbanyam,IGBALAGH VILLAGE SQUARE,07-12-04-006
Benue,Logo,Mbanyam,GWABO (VILLAGE SQUARE),07-12-04-007
Benue,Logo,Mbanyam,LAAV (VILLAGE SQUARE),07-12-04-008
Benue,Logo,Mbanyam,GWE (VILLAGE SQUARE),07-12-04-009
Benue,Logo,Mbanyam,KAVE (VILLAGE SQUARE),07-12-04-010
Benue,Logo,Mbanyam,TSE ANKON (VILLAGE SQUARE),07-12-04-011
Benue,Logo,Mbanyam,TSE LUAMNYAM VILLAGE SQUARE,07-12-04-012
Benue,Logo,Mbanyam,"LGEA PRIMARY SCHOOL, UGBA",07-12-04-013
Benue,Logo,Mbanyam,TSE IKYUIOR OPEN SPACE,07-12-04-014
Benue,Logo,Mbanyam,GOVT. COMP. SEC. SCH. UGBA,07-12-04-015
Benue,Logo,Mbanyam,TSE APEIKYULE OPEN SPACE,07-12-04-016
Benue,Logo,Mbanyam,LGEA PRIMARY SCHOOL TSENGE,07-12-04-017
Benue,Logo,Mbanyam,"GENERAL HOSPITAL, UGBA",07-12-04-018
Benue,Logo,Mbanyam,TSE JUMBU NEAR PRIM. SCHOOL,07-12-04-019
Benue,Logo,Mbanyam,TSE BAZE VILLAGE,07-12-04-020
Benue,Logo,Mbanyam,GWABO (VILLAGE SQUARE) l,07-12-04-021
Benue,Logo,Mbanyam,GWABO (VILLAGE SQUARE) ll,07-12-04-022
Benue,Logo,Mbanyam,BUA VILLAGE SQUARE,07-12-04-023
Benue,Logo,Mbavuur,LGEA SCHOOL ABEDA,07-12-05-001
Benue,Logo,Mbavuur,RCM SCHOOL ABEDA ,07-12-05-002
Benue,Logo,Mbavuur,ABEDA MARKET SQUARE,07-12-05-003
Benue,Logo,Mbavuur,NKST SCHOOL ABEDA,07-12-05-004
Benue,Logo,Mbavuur,NKST SCHOL ABEDA GARGUM,07-12-05-005
Benue,Logo,Mbavuur,ORWUA VILLAGE SQUARE,07-12-05-006
Benue,Logo,Mbavuur,NKST SCHOOL SHENGE,07-12-05-007
Benue,Logo,Mbavuur,RCM SCHOOL AGBAAM,07-12-05-008
Benue,Logo,Mbavuur,NKST SCHOOL AGOV,07-12-05-009
Benue,Logo,Mbavuur,NKST IG-BOUGHOUR,07-12-05-010
Benue,Logo,Mbavuur,ANGLICAN SCHOOL INGBIAN,07-12-05-011
Benue,Logo,Mbavuur,TSE-PAGHER (VILLAGE SQUARE),07-12-05-012
Benue,Logo,Mbavuur,RCM SCHOOL NYOOSU,07-12-05-013
Benue,Logo,Mbavuur,INDYER (VILLAGE SQUARE),07-12-05-014
Benue,Logo,Mbavuur,TSE-WAV VILLAGE/TSE-WAV,07-12-05-015
Benue,Logo,Mbavuur,MBAVUUR COMM. SCH. ABEDA ,07-12-05-016
Benue,Logo,Mbavuur,ABEDA OLD MARKET,07-12-05-017
Benue,Logo,Mbavuur,"NKST PRIMARY SCHOOL, IGIRGI",07-12-05-018
Benue,Logo,Mbavuur,IKYAGH VILLAGE SQUARE,07-12-05-019
Benue,Logo,Nenzev,LGEA SCHOOL ITYOKYAA,07-12-06-001
Benue,Logo,Nenzev,TSE-PAGHER (VILLAGE SQUARE),07-12-06-002
Benue,Logo,Nenzev,RCM SCHOOL DIBA ,07-12-06-003
Benue,Logo,Nenzev,RCM SCHOOL SHAKUME,07-12-06-004
Benue,Logo,Nenzev,LGEA SCHOOL TSE-IGBON,07-12-06-005
Benue,Logo,Nenzev,IHOOR (VILLAGE SQUARE),07-12-06-006
Benue,Logo,Nenzev,LGEA SCHOOL TSE-ALUOR,07-12-06-007
Benue,Logo,Nenzev,IKOR MARKET SQUARE,07-12-06-008
Benue,Logo,Nenzev,GBANYAM (VILLAGE SQUARE),07-12-06-009
Benue,Logo,Nenzev,AGAKU (VILLAGE SQUARE),07-12-06-010
Benue,Logo,Nenzev,TSE IKYEGH SETTLEMENT,07-12-06-011
Benue,Logo,Nenzev,"LGEA SCHOOL, MBAIFU",07-12-06-012
Benue,Logo,Nenzev,"LGEA PRIMARY SCHOOL, IKYOR",07-12-06-013
Benue,Logo,Tombo,NKST SCHOOL TYOUGBIHI,07-12-07-001
Benue,Logo,Tombo,GENYI (VILLAGE SQUARE),07-12-07-002
Benue,Logo,Tombo,NKST SCHOOL ANUNGWA,07-12-07-003
Benue,Logo,Tombo,NKST SCHOOL GWATSE,07-12-07-004
Benue,Logo,Tombo,LGEA SCHOOL AMAN,07-12-07-005
Benue,Logo,Tombo,LGEA SCHOOL GBELEVE,07-12-07-006
Benue,Logo,Tombo,LGEA SCHOOL POOVULE,07-12-07-007
Benue,Logo,Tombo,LGEA PRIMARY SCHOOL SWAKI,07-12-07-008
Benue,Logo,Tombo,NKST SCHOOL AZEGE,07-12-07-009
Benue,Logo,Tombo,AZEGE MARKET SQUARE,07-12-07-010
Benue,Logo,Tombo,TATSE VILLAGE SQUARE,07-12-07-011
Benue,Logo,Tombo,LGEA PRIMARY SCHOOL UZER,07-12-07-012
Benue,Logo,Tombo,NKST SCHOOL IKYUEMEN,07-12-07-013
Benue,Logo,Tombo,AYILAMO MARKET SQUARE,07-12-07-014
Benue,Logo,Tombo,FOFI VILLAGE SQUARE,07-12-07-015
Benue,Logo,Tombo,NKST SCHOOL MBAKIGHIR,07-12-07-016
Benue,Logo,Tombo,LGEA PRIMARY SCHOOL KWUNGU,07-12-07-017
Benue,Logo,Tombo,"LGEA PRIMARY SCHOOL, AUDU",07-12-07-018
Benue,Logo,Tombo,NKST SCHOOL ANAKAA,07-12-07-019
Benue,Logo,Tombo,ASUNTU MARKET SQUARE,07-12-07-020
Benue,Logo,Tombo,LEPROSY CLINIC NYAMKUMER,07-12-07-021
Benue,Logo,Tombo,RCM PRIMARY SCHOOL GETIM,07-12-07-022
Benue,Logo,Tombo,JIGAM SETTLEMENT,07-12-07-023
Benue,Logo,Tombo,"LGEA PRIMARY SCHOOL, UGWE",07-12-07-024
Benue,Logo,Tombo,TSE BEGI MARKET SQUARE,07-12-07-025
Benue,Logo,Tombo,UZER MARKET SQUARE,07-12-07-026
Benue,Logo,Tombo,TOMBO COMM. SEC. SCH. IKYUNGWA,07-12-07-027
Benue,Logo,Turan,"NKST. SCHOOL, ABOKWEN/TSE ABOKWEN",07-12-08-001
Benue,Logo,Turan,"NKST. SCHOOL, UGO/TSE UGO",07-12-08-002
Benue,Logo,Turan,"LGEA SCHOOL, MAGA/TSE MAGA",07-12-08-003
Benue,Logo,Turan,"RCM. SCHOOL, JUN/TSE JUN",07-12-08-004
Benue,Logo,Turan,"RCM. SCHOOL, AZUA/TSE AZUA",07-12-08-005
Benue,Logo,Turan,"RCM. SCHOOL, HINGIR/TSE HINGIL",07-12-08-006
Benue,Logo,Turan,DOOSHIMA MARKET SQUARE/DUSA,07-12-08-007
Benue,Logo,Turan,YAGBA VILLAGE SQUARE,07-12-08-008
Benue,Logo,Turan,DUSA COUNCIL HALL,07-12-08-009
Benue,Logo,Turan,LGEA PRIMARY SCHOOL ABERAKA,07-12-08-010
Benue,Logo,Turan,APAA MARKET SQUARE,07-12-08-011
Benue,Logo,Turan,TSE TYOTSUGHUR PLAY GROUND,07-12-08-012
Benue,Logo,Turan,TORTSOUGH PLAY GROUND,07-12-08-013
Benue,Logo,Turan,"LGEA PRIMARY SCHOOL, MBADUM",07-12-08-014
Benue,Logo,Ukembergya/Iswarev,LGEA SCHOOL UOMBUR ,07-12-09-001
Benue,Logo,Ukembergya/Iswarev,JOOTAR VILLAGE SQUARE,07-12-09-002
Benue,Logo,Ukembergya/Iswarev,LGEA SCHOOL AGBU,07-12-09-003
Benue,Logo,Ukembergya/Iswarev,TSE HWER VILLAGE SQUARE,07-12-09-004
Benue,Logo,Ukembergya/Iswarev,MNGBAKPA VILLAGE SQUARE,07-12-09-005
Benue,Logo,Ukembergya/Iswarev,CHEMBE VILLAGE SQUARE,07-12-09-006
Benue,Logo,Ukembergya/Iswarev,IORJA VILLAGE SQUARE,07-12-09-007
Benue,Logo,Ukembergya/Iswarev,NKST SCHOOL ADAWA,07-12-09-008
Benue,Logo,Ukembergya/Iswarev,LGEA SCHOOL UBAVER,07-12-09-009
Benue,Logo,Ukembergya/Iswarev,LGEA SCHOOL MONDO,07-12-09-010
Benue,Logo,Ukembergya/Iswarev,LGEA SCHOOL MOU,07-12-09-011
Benue,Logo,Ukembergya/Iswarev,LGEA SCHOOL MOU ll (TSE MOU),07-12-09-012
Benue,Logo,Ukembergya/Iswarev,IKURA VILLAGE SQUARE,07-12-09-013
Benue,Logo,Ukembergya/Iswarev,RCM TSE IGBUR ,07-12-09-014
Benue,Logo,Ukembergya/Iswarev,LGEA PRI. SCH. SHAUSU,07-12-09-015
Benue,Logo,Ukembergya/Iswarev,"LGEA PRIMARY SCHOOL, MEEME",07-12-09-016
Benue,Logo,Ukembergya/Iswarev,IORTSER MARKET SQUARE,07-12-09-017
Benue,Logo,Ukembergya/Iswarev,"LGEA PRIM. SCHOOL, IORZA",07-12-09-018
Benue,Logo,Ukembergya/Iswarev,GAKU VILLAGE SQUARE,07-12-09-019
Benue,Logo,Yonov,LGEA PRIMARY SCHOOL AKAA,07-12-10-001
Benue,Logo,Yonov,LGEA PRIMARY SCHOOL BAKA,07-12-10-002
Benue,Logo,Yonov,LGEA PRIMARY SCHOOL TSE ATETAN,07-12-10-003
Benue,Logo,Yonov,LGEA SCHOOL TSE UBEN,07-12-10-004
Benue,Logo,Yonov,LGEA PRIMARY SCHOOL YATIEV,07-12-10-005
Benue,Logo,Yonov,LGEA PRIMARY SCHOOL AKAAYAR,07-12-10-006
Benue,Logo,Yonov,ZANZAN VILLAGE SQUARE,07-12-10-007
Benue,Logo,Yonov,NKST PRIMARY SCHOOL IORSHAGHER,07-12-10-008
Benue,Logo,Yonov,RCM PRIMARY SCHOOL ORALU,07-12-10-009
Benue,Logo,Yonov,WEGHGBA VILLAGE SQUARE,07-12-10-010
Benue,Logo,Yonov,TSE - AGERE VILLAGE SQUARE,07-12-10-011
Benue,Logo,Yonov,ABIEM - GBENDE,07-12-10-012
Benue,Logo,Yonov,KAJIVA VILLAGE SQUARE,07-12-10-013
Benue,Logo,Yonov,AGBANA VILLAGE SQUARE,07-12-10-014
Benue,Logo,Yonov,AGASAAR MARKET SQUARE,07-12-10-015
Benue,Logo,Yonov,TSE IBOM VILLAGE SQUARE,07-12-10-016
Benue,Makurdi,Agan,TSE IKULA - TSE ILULA VILLAGE SQUARE,07-13-01-001
Benue,Makurdi,Agan,"LGEA IKYOR - LGEA PRI. SCHOOL, IKYOR",07-13-01-002
Benue,Makurdi,Agan,003 - GEVER DAUDU - GEVER DAUDU COMPOUND SQUARE,07-13-01-003
Benue,Makurdi,Agan,TSE DAUDU - TWE DAUDU (NEAR),07-13-01-004
Benue,Makurdi,Agan, ONMBAAGERYAR - MASEV ONMBUR SQUARE,07-13-01-005
Benue,Makurdi,Agan,IMANDE - IMANDE MARKET SQUARE,07-13-01-006
Benue,Makurdi,Agan, MBAIBYA/WUESE - TSE ICHWA (OPEN SPACE),07-13-01-007
Benue,Makurdi,Agan, MBAUNGWA - TSE ATUNGU (NEAR),07-13-01-008
Benue,Makurdi,Agan,"MBAJUKU - LGEA SCHOOL, AGAN",07-13-01-009
Benue,Makurdi,Agan,TSE SWAM - TSE SWAM VILLAGE (NEAR),07-13-01-010
Benue,Makurdi,Agan,AGUMAJI - TSE AJIA (OPEN SPACE),07-13-01-011
Benue,Makurdi,Agan, MBAKUKWA - TSE AJAVER (OPEN SPACE),07-13-01-012
Benue,Makurdi,Agan,TSE INJOH - TSE INJJOR VILLAGE (SPACE),07-13-01-013
Benue,Makurdi,Agan,TSE IGBA - IGBA APINE COMPOUND (OPEN SPACE),07-13-01-014
Benue,Makurdi,Agan, CHENGE - CHENGE COMPOUND SQUARE,07-13-01-015
Benue,Makurdi,Agan,CHENGE I­I - WITHIN THE ENVIRONS,07-13-01-016
Benue,Makurdi,Agan,"LGEA TYODUGH - ST. THOMAS SCHOOL, TYODUGH",07-13-01-017
Benue,Makurdi,Agan,TSE AJI - TSE AJI (OPEN SPACE),07-13-01-018
Benue,Makurdi,Agan,TSE AJI II - WITHIN THE ENVIRONS,07-13-01-019
Benue,Makurdi,Agan,TSE IVUE - TSE IVUE (OPEN SPACE),07-13-01-020
Benue,Makurdi,Agan,TSE IVUE II - WITHIN THE ENVIRONS,07-13-01-021
Benue,Makurdi,Agan,TSE AMELLA - TSE AMELLA (OPEN SPACE),07-13-01-022
Benue,Makurdi,Agan, NJA ADAM - NJA ADAM SQUARE,07-13-01-023
Benue,Makurdi,Agan,ORIGBO SEMBA - ORIGBO SEMBA (OPEN SPACE),07-13-01-024
Benue,Makurdi,Agan, TSE AYAGWA - MBAGUNE IORBEE VILLAGE SQUARE,07-13-01-025
Benue,Makurdi,Agan,NYIGWA MKYIR - NYIGWA MKYIR VILLAGE SQUARE,07-13-01-026
Benue,Makurdi,Agan,"TSE KWENYI - LGEA SCHOOL, TSE GWENYI",07-13-01-027
Benue,Makurdi,Agan,TSE ANDE - TSE ANDE (OPEN SPACE),07-13-01-028
Benue,Makurdi,Agan,TSE ADEE - TSE ADEE (OPEN SPACE),07-13-01-029
Benue,Makurdi,Agan,TSE ZOOLAA - TSE ZOOLAA (OPEN SPACE),07-13-01-030
Benue,Makurdi,Agan,OPEN SPACE TSE-AKIR,07-13-01-031
Benue,Makurdi,Agan,NOMJI VILLAGE SQUARE,07-13-01-032
Benue,Makurdi,Agan,UTAMBE,07-13-01-033
Benue,Makurdi,Agan,ALIJO/YANDEV,07-13-01-034
Benue,Makurdi,Agan, AKO-SUKU,07-13-01-035
Benue,Makurdi,Agan,MBAJUKU II,07-13-01-036
Benue,Makurdi,Agan,OPEN SPACE TSE-AJO,07-13-01-037
Benue,Makurdi,Agan,ACHAKPA,07-13-01-038
Benue,Makurdi,Ankpa/Wadata,MAKONDO IGBON - FRONT OF MAKONDO'S HOUSE,07-13-02-001
Benue,Makurdi,Ankpa/Wadata,RICE MILL - RICE MILL PREMISES (OUTSIDE),07-13-02-002
Benue,Makurdi,Ankpa/Wadata,MC-CARTHY STADIUM I - FRONT OF MC-CARTHY STADIUM,07-13-02-003
Benue,Makurdi,Ankpa/Wadata," NULGE STATE SECRETARIATE, DAVID MARK BYE PASS",07-13-02-004
Benue,Makurdi,Ankpa/Wadata, IORBEE - NEAR AGELAGBA - NO. 9 BENIN STREET,07-13-02-005
Benue,Makurdi,Ankpa/Wadata,"BABA NEAR AKURE - NAKA STREET, NEAR POLLY CLINIC",07-13-02-006
Benue,Makurdi,Ankpa/Wadata,OLD NAKA GARAGE - NEAR NO. 23 ADIKPO STREET,07-13-02-007
Benue,Makurdi,Ankpa/Wadata,BEM HOTELS - OUTSIDE BEM HOTEL PREMISES,07-13-02-008
Benue,Makurdi,Ankpa/Wadata,ANKPA QUARTERS - 'Y' SHAPE OF ANKPA QUARTERS,07-13-02-009
Benue,Makurdi,Ankpa/Wadata, TSER YONGO - BEFORE METHODIST CHURCH,07-13-02-010
Benue,Makurdi,Ankpa/Wadata,TYOKYAA ABELANYI - BESIDES UNIPETROL,07-13-02-011
Benue,Makurdi,Ankpa/Wadata,MAKURDI L.G. QUARTERS - AT THE ENTRANCE,07-13-02-012
Benue,Makurdi,Ankpa/Wadata,"ABU AGATU HOUSE I - ONYEGEDE STREET, WADATA",07-13-02-013
Benue,Makurdi,Ankpa/Wadata,ABU AGATU HOUSE II - 13 MARKET ROAD WADATA,07-13-02-014
Benue,Makurdi,Ankpa/Wadata,LGEA SCHOOL DEMEKPE - WITHIN SCHOOL PREMISES,07-13-02-015
Benue,Makurdi,Ankpa/Wadata,D' DIVISION - FRONT OF NUJ HOUSE,07-13-02-016
Benue,Makurdi,Ankpa/Wadata,HAPPY HOME - FRONT OF HAPPY HOME SCHOOL,07-13-02-017
Benue,Makurdi,Ankpa/Wadata,BEHIND CEMENTARY - ADIKPO STREET,07-13-02-018
Benue,Makurdi,Ankpa/Wadata,JIA VILLAGE/SHED - OFF DAVID MARK BYE-PASS,07-13-02-019
Benue,Makurdi,Ankpa/Wadata,"NKST. SCHOOL, WADATA - SCHOOL PREMISES",07-13-02-020
Benue,Makurdi,Ankpa/Wadata,IGBOR STREET - FRONT OF NAGI HOTEL,07-13-02-021
Benue,Makurdi,Ankpa/Wadata,BIDA/ABAAGU - ALONG BENIN STREET,07-13-02-022
Benue,Makurdi,Ankpa/Wadata, LESSEL CLOSE I - AFTER POLICE BARRACKS,07-13-02-023
Benue,Makurdi,Ankpa/Wadata,LESSEL CLOSE II - AFTER POLICE BARRACKS,07-13-02-024
Benue,Makurdi,Ankpa/Wadata,KADUNA STREET - NEAR NO. 20 KADUNA STREET,07-13-02-025
Benue,Makurdi,Ankpa/Wadata,GOMBE STREET I - ALONG GOMBE STREET,07-13-02-026
Benue,Makurdi,Ankpa/Wadata, GOMBE STREET II - ALONG GOMBE STREET NO. 9,07-13-02-027
Benue,Makurdi,Ankpa/Wadata," NEAR LAWAL IMAN - IN FRONT OF NO. 29, KADUNA STREET",07-13-02-028
Benue,Makurdi,Ankpa/Wadata, ABDUL KANDE - IKEJA STREET,07-13-02-029
Benue,Makurdi,Ankpa/Wadata,WADATA WARD - PORT-HARCOURT STREET,07-13-02-030
Benue,Makurdi,Ankpa/Wadata,NEAR ZAMGWA AGBEDE HOUSE - RICE MILL,07-13-02-031
Benue,Makurdi,Ankpa/Wadata,NEAR BABATYO HOUSE RICE MILL,07-13-02-032
Benue,Makurdi,Ankpa/Wadata,NEAR NONGO HOUSE EGUME STREET,07-13-02-033
Benue,Makurdi,Ankpa/Wadata,FRONT OF WADATA GUEST HOUSE,07-13-02-034
Benue,Makurdi,Ankpa/Wadata, KADUNA STREET JUNCTION BY BENUE CRESCENT WADATA,07-13-02-035
Benue,Makurdi,Ankpa/Wadata, OFF ZAKI BIAM STREET - NEAR DONKO HOUSE,07-13-02-036
Benue,Makurdi,Ankpa/Wadata, NEAR AGAGBE HOUSE BY NKST WADATA,07-13-02-037
Benue,Makurdi,Ankpa/Wadata, NEAR ISHOR HOUSE BY THE COLVET COMMUNITY SEC. SCH. ROAD,07-13-02-038
Benue,Makurdi,Ankpa/Wadata," NKST SHARP BENDING, NEAR GOD'SWILL PLAZA",07-13-02-039
Benue,Makurdi,Ankpa/Wadata,BESIDE ASSEMBLIES OF GOD CHURCH BENUE CRESCENT,07-13-02-040
Benue,Makurdi,Ankpa/Wadata, OPPOSITE FAITH HILL DEMEKPE,07-13-02-041
Benue,Makurdi,Ankpa/Wadata,BIDA STREET - NEAR AYILA KUR HOUSE,07-13-02-042
Benue,Makurdi,Ankpa/Wadata,TSE GBA UTAAN STREET - NEAR SWEET 52,07-13-02-043
Benue,Makurdi,Ankpa/Wadata, BIDA ABAAGU II - NEAR AMAAKAVEN HOUSE,07-13-02-044
Benue,Makurdi,Ankpa/Wadata,BENIN STREET - NEAR MBATYEREV HOUSE,07-13-02-045
Benue,Makurdi,Ankpa/Wadata, BENIN STREET - NEAR YARO ANDURA HOUSE,07-13-02-046
Benue,Makurdi,Ankpa/Wadata,"NAKA STREET, NEAR CHINYAM HOUSE",07-13-02-047
Benue,Makurdi,Ankpa/Wadata,NAKA ROAD - NEAR WANGER HOUSE,07-13-02-048
Benue,Makurdi,Ankpa/Wadata,ADIKPO STREET NEAR MAMA TERSAR HOUSE,07-13-02-049
Benue,Makurdi,Ankpa/Wadata,OPPOSITE EUNICE RESORT - NAKA ROAD,07-13-02-050
Benue,Makurdi,Ankpa/Wadata, JOSEPH TION IYO STREET - NEAR JOSEPH TION IYO HOUSE,07-13-02-051
Benue,Makurdi,Ankpa/Wadata,"BEHIND NUJ HOUSE, OPPOSITE NKST ATI",07-13-02-052
Benue,Makurdi,Ankpa/Wadata,LG QUARTERS - BY MODERN MARKET JUNCTION,07-13-02-053
Benue,Makurdi,Ankpa/Wadata, OUR LADY PRIMARY SCHOOL ANKPA QUARTERS,07-13-02-054
Benue,Makurdi,Ankpa/Wadata, INSIDE RESTORATION PARK-FORMER ROC PARK,07-13-02-055
Benue,Makurdi,Ankpa/Wadata,FRONT OF JOS ELECTRICITY DISTRIBUTION NAKA ROAD,07-13-02-056
Benue,Makurdi,Ankpa/Wadata,FRONT OF JERRY AGBER HOUSE - BEM HOTEL ROAD,07-13-02-057
Benue,Makurdi,Ankpa/Wadata, NEAR ZAKI AGBER HOUSE-AGBER VILLAGE,07-13-02-058
Benue,Makurdi,Ankpa/Wadata,OPPOSITE BOLEK FILLING STATION-DAVID MARK BYE PASS,07-13-02-059
Benue,Makurdi,Ankpa/Wadata,Y JUNCTION BY DAVID MARK BYE PASS,07-13-02-060
Benue,Makurdi,Ankpa/Wadata, NEAR AZAKA HOUSE BEHIND HAPPY HOME,07-13-02-061
Benue,Makurdi,Ankpa/Wadata,BEHIND CEMENTARY II - NO 123,07-13-02-062
Benue,Makurdi,Bar,"LGEA SCHOOL, TIONSHA - WITHIN THE SCHOOL",07-13-03-001
Benue,Makurdi,Bar, NYITI VILLAGE. NYITI VILLAGE SQUARE NAKA,07-13-03-002
Benue,Makurdi,Bar,TSE APIR MARKET I - AT THE MARKET SQUARE,07-13-03-003
Benue,Makurdi,Bar,"TSE APIR MARKET II - NKST PRI. SCHOOL, APIR",07-13-03-004
Benue,Makurdi,Bar, TSE UGO - TSE UGO VILLAGE SQUARE,07-13-03-005
Benue,Makurdi,Bar,ASAMBER - ASAMBER VILLAGE SQUARE,07-13-03-006
Benue,Makurdi,Bar," UTUUR I - RCM. PRI. SCHOOL, ADEM",07-13-03-007
Benue,Makurdi,Bar,UTUUR II - TSE UWAGHBO VILLAGE SQUARE,07-13-03-008
Benue,Makurdi,Bar,TSE ANSHIMBE - TSE ANSHIMBE COMP. SQUARE,07-13-03-009
Benue,Makurdi,Bar,AGENA - AGENA VILLAGE SQUARE,07-13-03-010
Benue,Makurdi,Bar,UPAHAR - TSE UPAHAR OPEN SPACE,07-13-03-011
Benue,Makurdi,Bar,IDYE BENARDA - AT BENARDA HEADQUARTERS,07-13-03-012
Benue,Makurdi,Bar, MECHANIC VILLAGE - ENTRANCE OF THE GATE,07-13-03-013
Benue,Makurdi,Bar,WELFARE QUARTERS - WELFARE QUARTERS,07-13-03-014
Benue,Makurdi,Bar,CONVENT - OPPOSITE AGRIC BANK,07-13-03-015
Benue,Makurdi,Bar,KIGHIR - RCM. SCHOOL KIGHIR,07-13-03-016
Benue,Makurdi,Bar, ACHUSA - ACHUSA PRI. SCHOOL,07-13-03-017
Benue,Makurdi,Bar, KANSHIO - KANSHIO PRI. SCHOOL,07-13-03-018
Benue,Makurdi,Bar,TINY TOTS - TINY TOTS SCHOOL PREMISES,07-13-03-019
Benue,Makurdi,Bar,ADEM JUNCTION - OPPOSITE APROFIRM BASE,07-13-03-020
Benue,Makurdi,Bar, IWENGE - ISENGE VILLAGE SQUARED,07-13-03-021
Benue,Makurdi,Bar,ADEKE VILLAGE - ADEKE VILLAGE SQUARE,07-13-03-022
Benue,Makurdi,Bar," UCHEN - LGEA SCHOOL, UCHEN",07-13-03-023
Benue,Makurdi,Bar,NEAR TYOKUA AKYA HOUSE,07-13-03-024
Benue,Makurdi,Bar,TSE AUDU BY BORE HOLE,07-13-03-025
Benue,Makurdi,Bar,"NEAR TAKOR LABE HOUSE, BEHIND PRISON",07-13-03-026
Benue,Makurdi,Bar,BY CARM WUDOM COLLEGE JUNCTION,07-13-03-027
Benue,Makurdi,Bar,AJOGA ST. LINUS MISSION GBETSE,07-13-03-028
Benue,Makurdi,Bar,APOSTOLIC SEC. SCHOOL ADEKE NEAR IORBEE,07-13-03-029
Benue,Makurdi,Bar,WELFARE QUARTERS JUNCTION,07-13-03-030
Benue,Makurdi,Bar," NEAR FRANCA SHISHA BAR, BEHIND TINY TOT",07-13-03-031
Benue,Makurdi,Bar, KANSHIO PRIMARY SCHOOL II,07-13-03-032
Benue,Makurdi,Bar, OPPOSITE KANSHIO MARKET,07-13-03-033
Benue,Makurdi,Bar,LAKE CHAD HOTEL BESIDE,07-13-03-034
Benue,Makurdi,Bar,VICTORIA ATOROUGH STREET BESIDE DUNAMIS,07-13-03-035
Benue,Makurdi,Bar,BESIDE KIDS AUTHORITY SCHOOL,07-13-03-036
Benue,Makurdi,Bar,"HOTEL LUCIA, BESIDE",07-13-03-037
Benue,Makurdi,Bar, BEHIND CIVIL SERVICE COMMISSION,07-13-03-038
Benue,Makurdi,Bar,ADIO BENUE ENTRANCE,07-13-03-039
Benue,Makurdi,Bar,ACHUSA MARKET,07-13-03-040
Benue,Makurdi,Bar,NEAR ST. MARY CATHOLIC SONGU ACHUSA,07-13-03-041
Benue,Makurdi,Bar, MTN MASK NEAR AKOMBO SAMSON HOUSE,07-13-03-042
Benue,Makurdi,Bar, MZOUGH KAVE NEAR GLORY OF HIS MAJESTY SEC. SCH.,07-13-03-043
Benue,Makurdi,Central/South Mission, NEAR ALHAJI SERKIN NUMA - IBADAN STREET,07-13-04-001
Benue,Makurdi,Central/South Mission,LIDO NIGHT CLUB - FRONT OF THE CLUB,07-13-04-002
Benue,Makurdi,Central/South Mission, LOBI BANK/FIRE SERVICE - FRONT OF OFFICE OF SEC. TO GOVT.,07-13-04-003
Benue,Makurdi,Central/South Mission, FEDERAL CITY/COL. CRSCNT - FRONT OF FED. CITY HOTEL,07-13-04-004
Benue,Makurdi,Central/South Mission,LOGA HOUSE - ADJACENT FED. MEDICAL CENT.,07-13-04-005
Benue,Makurdi,Central/South Mission, LOGA HOUSE II - MTC HOUSE,07-13-04-006
Benue,Makurdi,Central/South Mission,UNIVERSAL HOTEL - IN FRONT OF UNIVERSAL - ALONG LAGOS STREET,07-13-04-007
Benue,Makurdi,Central/South Mission,HOLY GHOST/FED MEDICAL CENTRE OPP THE CHURCH PRIMARY SCHOOL,07-13-04-008
Benue,Makurdi,Central/South Mission, NEAR ALHAJI SALISU ANAS - 18 BAUCHI STREET,07-13-04-009
Benue,Makurdi,Central/South Mission, NEAR ALH. USMAN KAWU - BESIDE TOP RANK PHARMACH,07-13-04-010
Benue,Makurdi,Central/South Mission,MADIKPO MARKET I - MADIKPO TOKUNBO MARKET,07-13-04-011
Benue,Makurdi,Central/South Mission, MADIKPO MARKET II - YAM MARKET,07-13-04-012
Benue,Makurdi,Central/South Mission,KASHIM IBRAHIM - PARK OPPOSITE TILLEY GYADO VILLAGE,07-13-04-013
Benue,Makurdi,Central/South Mission,ALL ST. PRI. SCHOOL I - SCHOOL PREMISES,07-13-04-014
Benue,Makurdi,Central/South Mission, ALL ST. PRI. SCHOOL II - SCHOOL PREMISES,07-13-04-015
Benue,Makurdi,Central/South Mission,MOPOL HEADQUARTERS - OPPOSITE LG.G. SECRETARIAT,07-13-04-016
Benue,Makurdi,Central/South Mission, SCHOOL OF NURSING - SCHOOL PREMISES,07-13-04-017
Benue,Makurdi,Central/South Mission,AMBASSADOR HOTEL - OUTSIDE THE HOTEL,07-13-04-018
Benue,Makurdi,Central/South Mission,CARBINO HOTEL - OUTSIDE THE HOTEL,07-13-04-019
Benue,Makurdi,Central/South Mission,LOBI QUARTERS - NEAR QUA IBO CHURCH,07-13-04-020
Benue,Makurdi,Central/South Mission,POLICE HEADQUARTERS - AT THE POLICE CLINIC,07-13-04-021
Benue,Makurdi,Central/South Mission,POLICE HEADQUARTEWRS II - AT ENTRANCE - HEADQUARTERS,07-13-04-022
Benue,Makurdi,Central/South Mission, HASSAN NALARABA - 37 SOKOTO STREET,07-13-04-023
Benue,Makurdi,Central/South Mission, ALH. DANBABA & ENVIRONS - 21 IKEJA STREET,07-13-04-024
Benue,Makurdi,Central/South Mission,NEAR USMAN ATTAH - 28 KADUNA STREET (BENIND),07-13-04-025
Benue,Makurdi,Central/South Mission,NEAR ALH. IBRAHIM IMAN - BAUCHI STREET,07-13-04-026
Benue,Makurdi,Central/South Mission,NEAR ADAMU GOMBE - SOKOTO STREET,07-13-04-027
Benue,Makurdi,Central/South Mission, NEAR EFCC OFFICE,07-13-04-028
Benue,Makurdi,Central/South Mission,JEDC OPPOSITE FSP LOBI QTRS,07-13-04-029
Benue,Makurdi,Central/South Mission,NEAR CHRISTIAN PILGRIMAGE BOARD,07-13-04-030
Benue,Makurdi,Central/South Mission, URBAN DEVT. BOARD KASSIM IBRAHIM WAY,07-13-04-031
Benue,Makurdi,Central/South Mission,IDS JUNCTION OPEN SPACE KASSIM IBRAHIM,07-13-04-032
Benue,Makurdi,Central/South Mission,ST. CATHERINE PRI. SCHOOL,07-13-04-033
Benue,Makurdi,Central/South Mission,BESIDE HIGH COURT,07-13-04-034
Benue,Makurdi,Central/South Mission,ALELE VILLAGE,07-13-04-035
Benue,Makurdi,Central/South Mission, FRONT OF GOVT. COLLEGE,07-13-04-036
Benue,Makurdi,Central/South Mission,NO 40 IKEJA STREET BEHIND ALL SAINT PRI. SCH.,07-13-04-037
Benue,Makurdi,Central/South Mission,FRONT OF NIGER OPTICAL,07-13-04-038
Benue,Makurdi,Central/South Mission,IBADAN STREET NEAR METHODIST CHURCH,07-13-04-039
Benue,Makurdi,Central/South Mission,OPPOSITE EKAN CHURCH BARRACK ROAD,07-13-04-040
Benue,Makurdi,Central/South Mission, NO 25 BARRACK ROAD NEAR OKEY SHOP,07-13-04-041
Benue,Makurdi,Central/South Mission, NO 35 BARRACK ROAD,07-13-04-042
Benue,Makurdi,Central/South Mission, NO 3 MICHEAL WANDU STREET,07-13-04-043
Benue,Makurdi,Central/South Mission,"FRONT OF LGEA PRI. SCHOOL, OPP. GOVT GIRLS",07-13-04-044
Benue,Makurdi,Central/South Mission,OPPOSITE IZALLA MOSQUE,07-13-04-045
Benue,Makurdi,Central/South Mission,NO 1 ALIH AKILU ROAD NEAR OBISEN HOUSE,07-13-04-046
Benue,Makurdi,Central/South Mission,NO 47 NIGER CRESCENT NEAR MAMMAN BAUCHI,07-13-04-047
Benue,Makurdi,Central/South Mission,OPPOSITE ALH. TANKO HOUSE,07-13-04-048
Benue,Makurdi,Central/South Mission,NEAR ALH. TIJANI MAI-TURAKE,07-13-04-049
Benue,Makurdi,Central/South Mission, NO 4 ABBA STREET NEAR MUSA PLATEAU HOUSE,07-13-04-050
Benue,Makurdi,Central/South Mission,NO 6 BENUE CRESCENT NEAR MANDAR HOUSE,07-13-04-051
Benue,Makurdi,Central/South Mission,OPPOSITE NO 15 BENUE CRESCENT,07-13-04-052
Benue,Makurdi,Central/South Mission, NEAR POWER HOUSE BAUCHI STREET,07-13-04-053
Benue,Makurdi,Central/South Mission,SOKOTO STREET NEAR TRANSFORMER,07-13-04-054
Benue,Makurdi,Central/South Mission,NEAR SARKIN KADO BAUCHI STREET,07-13-04-055
Benue,Makurdi,Central/South Mission,NO 22 SOKOTO STRT NEAR MALLAM KYARIS HOUSE,07-13-04-056
Benue,Makurdi,Central/South Mission, NO 22 NEAR BABA DANHINA HOUSE,07-13-04-057
Benue,Makurdi,Central/South Mission, NO 60 KANO STREET NEAR BENUE CRESCENT,07-13-04-058
Benue,Makurdi,Clerks/Market, NEW NIGERIA BANK I - CLOSE TO NEW GARAGE,07-13-05-001
Benue,Makurdi,Clerks/Market,NEW NIGERIA BANK II - BEHIND PEOPLES' BANK,07-13-05-002
Benue,Makurdi,Clerks/Market,PSYCHIATRIC UNIT - AT PSYCHIATRIC UNIT,07-13-05-003
Benue,Makurdi,Clerks/Market,NEW GARAGE - INSIDE THE GARAGE,07-13-05-004
Benue,Makurdi,Clerks/Market,NTC HOUSE - 'T' JUNCTION,07-13-05-005
Benue,Makurdi,Clerks/Market,BENUE CITY HOTEL - OPPOSITE PRISON YARD,07-13-05-006
Benue,Makurdi,Clerks/Market,TOWNSHIP HALL - NEAR 'A' DIVISION,07-13-05-007
Benue,Makurdi,Clerks/Market,PRISON YARD - AT THE GATE,07-13-05-008
Benue,Makurdi,Clerks/Market,KWARARAFA QUARTERS I - NEAR FSP CLINIC,07-13-05-009
Benue,Makurdi,Clerks/Market, KWARARAFA QUARTERS II - PLAY GROUND,07-13-05-010
Benue,Makurdi,Clerks/Market,GOVERNMENT HOUSE - ART THEATRE,07-13-05-011
Benue,Makurdi,Clerks/Market,ST. JOSEPH TECHNICAL - SCHOOL ENTRANCE,07-13-05-012
Benue,Makurdi,Clerks/Market,SERKIN KWATA/SERKIN RUWA - RIVER BANK,07-13-05-013
Benue,Makurdi,Clerks/Market,NEAR ALH. YELWA UMARU - 6 LAGOS STREET,07-13-05-014
Benue,Makurdi,Clerks/Market,NEAR USMAN CHINDO - 11 ANYANGBA STREET,07-13-05-015
Benue,Makurdi,Clerks/Market,NEAR ALH. AHMADU FALI - BACK OF 'A' DIVISION,07-13-05-016
Benue,Makurdi,Clerks/Market,NEAR ALH. ALHASSAN YELWA - 19 LAGOS STREET,07-13-05-017
Benue,Makurdi,Clerks/Market,NEAR YAKUBU BILLA - NIGER CRESCENT - NO. 5,07-13-05-018
Benue,Makurdi,Clerks/Market,NDAR LATI (NEAR) - SOKOTO STREET - NO. 35,07-13-05-019
Benue,Makurdi,Clerks/Market,CAC PRIMARY SCHOOL - FRONT OF THE SCHOOL,07-13-05-020
Benue,Makurdi,Clerks/Market, BAUCHI STREET - ALONG BAUCHI STREET,07-13-05-021
Benue,Makurdi,Clerks/Market,PROTOCOL GOVERNMENT HOUSE,07-13-05-022
Benue,Makurdi,Clerks/Market,NEAR MUSAFAHA SCANNING CENTRE KWARARAFA,07-13-05-023
Benue,Makurdi,Clerks/Market,FRONT OF FSP CLINIC KWARARAFA,07-13-05-024
Benue,Makurdi,Clerks/Market,NEW TINDA HOUSE,07-13-05-025
Benue,Makurdi,Clerks/Market, NEAR MALLAM NDA HOUSE BY PRISON,07-13-05-026
Benue,Makurdi,Clerks/Market,NEAR HARUNA ADEMU HOUSE BAUCHI STREET,07-13-05-027
Benue,Makurdi,Clerks/Market,BEHIND ALL-ST. CATHEDRAL LAGOS STREET,07-13-05-028
Benue,Makurdi,Fiidi,"AYISA - NKST. PRI. SCHOOL, AKILE",07-13-06-001
Benue,Makurdi,Fiidi, AHUA - PASS BROTHER,07-13-06-002
Benue,Makurdi,Fiidi,FISHIM - FISHIM VILLAGE (OPEN SPACE),07-13-06-003
Benue,Makurdi,Fiidi,IORYINA UKAGYE - TYO MU,07-13-06-004
Benue,Makurdi,Fiidi,TSE MAYANGE - TSE MAYANGE SQUARE,07-13-06-005
Benue,Makurdi,Fiidi,"BENUE STATE UNIVERSITY, LAW FACULTY GATE",07-13-06-006
Benue,Makurdi,Fiidi, NEAR KUCHA UTEBE - KUCHA UTEGBE,07-13-06-007
Benue,Makurdi,Fiidi, BENUE STATE UNIVERSITY II - LAW FACULTY GARDEN,07-13-06-008
Benue,Makurdi,Fiidi, CUSTOMARY COURT - FRONT OF CUSTOMARY COURT,07-13-06-009
Benue,Makurdi,Fiidi,BENUE STATE UNIVERSITY - MAIN GATE,07-13-06-010
Benue,Makurdi,Fiidi,COMMISSIONER'S VILLAGE - COMMISSIONER'S VILLAGE GATE,07-13-06-011
Benue,Makurdi,Fiidi, NEPA DISTRICT OFFICE I - NEPA DISTRICT OFFICE PREMISES,07-13-06-012
Benue,Makurdi,Fiidi," IORHON AND IORHON VILLAGE, OFF ABUKING SHULWA",07-13-06-013
Benue,Makurdi,Fiidi,YINA ALLAGH - YINA VILLAGE SQUARE,07-13-06-014
Benue,Makurdi,Fiidi,AKPEHE - AKPEHE VILLAGE SQUARE,07-13-06-015
Benue,Makurdi,Fiidi, TARHULE ABAVO - KM 5 GBOKO ROAD,07-13-06-016
Benue,Makurdi,Fiidi,ADE VILLAGE - ADE VILLAGE SQUARE,07-13-06-017
Benue,Makurdi,Fiidi, ADI VILLAGE - ADI VILLAGE SQUARE,07-13-06-018
Benue,Makurdi,Fiidi,TSE APIR VILLAGE - NEAR FIDELIS AGAV COMPOUND,07-13-06-019
Benue,Makurdi,Fiidi,"IGBA PETER, IGBA PETER BEHIND LOWER BENUE",07-13-06-020
Benue,Makurdi,Fiidi,NAF BASE I - NAF BASE GATE,07-13-06-021
Benue,Makurdi,Fiidi,NAF BASE II - NAF BASE GATE,07-13-06-022
Benue,Makurdi,Fiidi,KORVE VILLAGE - KORVE VILLAGE SQUARE,07-13-06-023
Benue,Makurdi,Fiidi,TSE POOR VILLAGE - TSE POOR VILLAGE SQUARE,07-13-06-024
Benue,Makurdi,Fiidi,FIIDI MARKET - FIIDI MARKET SQUARE,07-13-06-025
Benue,Makurdi,Fiidi,FIIDI MARKET - FIIDI MARKET SQUARE,07-13-06-026
Benue,Makurdi,Fiidi,GAADI VILLAGE - OPPOSITE HOUSE GBOKO ROAD,07-13-06-027
Benue,Makurdi,Fiidi,LOWER BENUE - LOWER BENUE QUARTERS,07-13-06-028
Benue,Makurdi,Fiidi, NKST PRIMARY SCHOOL - IYAKYOR,07-13-06-029
Benue,Makurdi,Fiidi,IMANDE VILLAGE - IMANDE VILLAGE SQUARE,07-13-06-030
Benue,Makurdi,Fiidi,LOGO PRIMARY SCHOOL - OPEN SPACE AHURE AZEGE VILLAGE,07-13-06-031
Benue,Makurdi,Fiidi,ANGBAAYE - ANGBAAYE GBOKO ROAD,07-13-06-032
Benue,Makurdi,Fiidi,NYOR GYUNGU VILLAGE SQUARE,07-13-06-033
Benue,Makurdi,Fiidi,"LGEA SCHOOL, KACHI - SCHOOL PREMISES",07-13-06-034
Benue,Makurdi,Fiidi,SHUNGU BONGO - OPEN SPACE SHUNGU BONGO COMP,07-13-06-035
Benue,Makurdi,Fiidi, AGBA GYUNGU - AGBA GYUNGU VILLAGE SQUARE,07-13-06-036
Benue,Makurdi,Fiidi,TSE ABU - TSE ABU VILLAGE SQUARE,07-13-06-037
Benue,Makurdi,Fiidi,NEW WURUKUM MARKET - UNITY HOUSE (NEAR),07-13-06-038
Benue,Makurdi,Fiidi, NEPA DESTRUCT OFFICE II,07-13-06-039
Benue,Makurdi,Fiidi,DIVINE COMMAND SCHOOL,07-13-06-040
Benue,Makurdi,Fiidi,OPEN SPACE EBESIDE SLYKAN FUEL STATION,07-13-06-041
Benue,Makurdi,Fiidi,DIVINE FAVOUR SCHOOL,07-13-06-042
Benue,Makurdi,Fiidi, OPEN SPACE OPPOSITE SANCTUARY HOPE FOR ALL INTL.,07-13-06-043
Benue,Makurdi,Fiidi,CBN LAYOUT NEAR JORPO GENYI,07-13-06-044
Benue,Makurdi,Fiidi, LOGO PRIMARY SCHOOL II,07-13-06-045
Benue,Makurdi,Fiidi,TRUST RESORT OPEN SPACE,07-13-06-046
Benue,Makurdi,Fiidi,YOUTH CENTRE OPEN SPACE ON GEORGE AKUME WAY,07-13-06-047
Benue,Makurdi,Fiidi,OWNER OCCUPIER PHASE I NEAR SAINT FRANCIS NYIEKAA,07-13-06-048
Benue,Makurdi,Fiidi,YINA JUNCTION II,07-13-06-049
Benue,Makurdi,Fiidi,AKPEGH UNIT BEHIND NT SQUARE OFF GEORGE AKUME WAY,07-13-06-050
Benue,Makurdi,Fiidi,VAATIA COLLEGE,07-13-06-051
Benue,Makurdi,Fiidi,WAILOMAYO PRIMARY SCHOOL,07-13-06-052
Benue,Makurdi,Fiidi, AKPEHE MARKET,07-13-06-053
Benue,Makurdi,Fiidi,SAVIOUR MODEL SCHOOL,07-13-06-054
Benue,Makurdi,Fiidi,MTN MAST NEAR CITY COLLEGE,07-13-06-055
Benue,Makurdi,Fiidi,DYEGE MEMORIAL SCHOOL,07-13-06-056
Benue,Makurdi,Fiidi,UNIQUE NUR/PRI SCHOOL,07-13-06-057
Benue,Makurdi,Fiidi,NEW WURUKUM MARKET 2,07-13-06-058
Benue,Makurdi,Fiidi,OPEN SPACE OPP. HOLY TRINITY ANGLICAN CHURCH,07-13-06-059
Benue,Makurdi,Fiidi,COCA-COLA DEPOT,07-13-06-060
Benue,Makurdi,Fiidi,LGEA PRIMARY SCHOOL GAADI,07-13-06-061
Benue,Makurdi,Fiidi, NIGERIAN BREWERY,07-13-06-062
Benue,Makurdi,Fiidi,ST. DOMINIC PRIMARY SCHOOL,07-13-06-063
Benue,Makurdi,Fiidi,NEAR NNPC FUEL STATION,07-13-06-064
Benue,Makurdi,Fiidi,GYADO VILLA MARKET,07-13-06-065
Benue,Makurdi,Fiidi, GYADO VILLA EXTENSION OPPOSITE FR.TANSI ACADEMY,07-13-06-066
Benue,Makurdi,Fiidi,JUDGES QUARTERS EXTENSION OPEN SPACE OPPOSITE VIA CHRISTI SOCIETY,07-13-06-067
Benue,Makurdi,Fiidi,USUR VILLAGE,07-13-06-068
Benue,Makurdi,Fiidi, AKPEREKAA - MU VILLAGE NEAR NZE OIL,07-13-06-069
Benue,Makurdi,Fiidi, NAF BASE TSE - GBAWER,07-13-06-070
Benue,Makurdi,Fiidi,RCM PRI. SCHOOL AGBAKYOR,07-13-06-071
Benue,Makurdi,Fiidi,TSE-AVER AIRPORT MARKET,07-13-06-072
Benue,Makurdi,Fiidi, TSE AWUNA FIIDI OPEN SPACE,07-13-06-073
Benue,Makurdi,Fiidi,TSE APIE (NAF BASE),07-13-06-074
Benue,Makurdi,Fiidi,TSE AJON VILLAGE,07-13-06-075
Benue,Makurdi,Fiidi,UNIVERSITY TEACHING HOSPITAL,07-13-06-076
Benue,Makurdi,Fiidi,EPIDEMIOLOGY UNIT,07-13-06-077
Benue,Makurdi,Fiidi,ZOOLOGICAL GARDEN BSU,07-13-06-078
Benue,Makurdi,Fiidi,POLITICAL SCIENCE PARK,07-13-06-079
Benue,Makurdi,Fiidi,BENUE STATE UNIVERSITY CLINIC,07-13-06-080
Benue,Makurdi,Fiidi,OPPOSITE BSU FIRST GATE NEAR DENIS AKILE,07-13-06-081
Benue,Makurdi,Fiidi,COLLEGE OF HEALTH SCIENCE,07-13-06-082
Benue,Makurdi,Fiidi,BOLEK FILLING STATION STATION GBOKO ROAD,07-13-06-083
Benue,Makurdi,Fiidi,PEVER AGENA,07-13-06-084
Benue,Makurdi,Fiidi, LADY VICTORIA ACADEMY,07-13-06-085
Benue,Makurdi,Fiidi,UKPO-UDAM MARKET,07-13-06-086
Benue,Makurdi,Fiidi, CHRIST THE KING NUR/PRI SCHOOL,07-13-06-087
Benue,Makurdi,Fiidi,E DIVISION AKPEHE,07-13-06-088
Benue,Makurdi,Fiidi,ST. ALOYSIUS CATHOLIC CHURCH OPEN SPACE,07-13-06-089
Benue,Makurdi,Fiidi,TSE - TAMEN,07-13-06-090
Benue,Makurdi,Fiidi,TSE - AKPI,07-13-06-091
Benue,Makurdi,Fiidi,TSE AYU,07-13-06-092
Benue,Makurdi,Fiidi, TSE NYON,07-13-06-093
Benue,Makurdi,Fiidi,AJABA OPEN SPACE,07-13-06-094
Benue,Makurdi,Fiidi, TSE ADEM,07-13-06-095
Benue,Makurdi,Fiidi,TSE AKPER VILLAGE OPPOSITE PRISON YARD OPEN SPACE,07-13-06-096
Benue,Makurdi,Fiidi, TSE KYUIOR VILLAGE,07-13-06-097
Benue,Makurdi,Fiidi,TSE AKUNDA VILLAGE,07-13-06-098
Benue,Makurdi,Fiidi,TSE AYIHE,07-13-06-099
Benue,Makurdi,Mbalagh,MBAORKA - TSE APAGHER,07-13-07-001
Benue,Makurdi,Mbalagh,MBAKUHE/MBAMANGER - MCHA ALA VILLAGE SQUARE,07-13-07-002
Benue,Makurdi,Mbalagh,MBABAI BASSA - TSE AGABI (OPEN SPACE),07-13-07-003
Benue,Makurdi,Mbalagh,MBABAI - ANDEMAH LGEA SCHOOL,07-13-07-004
Benue,Makurdi,Mbalagh, MBAKOMBUR/UGONDO - IORTIM YUGH VILLAGE SQUARE,07-13-07-005
Benue,Makurdi,Mbalagh,ANTER - ANTER LGEA,07-13-07-006
Benue,Makurdi,Mbalagh,ANTER II - ANTER LGEA,07-13-07-007
Benue,Makurdi,Mbalagh, TONGOV I - IKYAAN VILLAGE SQUARE,07-13-07-008
Benue,Makurdi,Mbalagh, TONGOV II - ANURE VILLAGE SQUARE,07-13-07-009
Benue,Makurdi,Mbalagh, MBAANGER - AMASE VILLAGE SQUARE,07-13-07-010
Benue,Makurdi,Mbalagh,MBALAGH CHILE - IORBUL VILLAGE SQUARE,07-13-07-011
Benue,Makurdi,Mbalagh," AZONGO - LGEA, AZONGO",07-13-07-012
Benue,Makurdi,Mbalagh,TSE TSAV - TSE TSAV (OPEN SPACE),07-13-07-013
Benue,Makurdi,Mbalagh,UGA CHAVER - TSE UGA (OPEN SPACE),07-13-07-014
Benue,Makurdi,Mbalagh,ADO UKPE - ADO UKPE (OPEN SPACE),07-13-07-015
Benue,Makurdi,Mbalagh,ZONGO AKIKI - ZONGO AKIKI SQUARE,07-13-07-016
Benue,Makurdi,Mbalagh,ONMBAAKYAAGBE - TSE GBEGI (OPEN SPACE),07-13-07-017
Benue,Makurdi,Mbalagh,MBAASE - TATYOUGH (OPEN SPACE),07-13-07-018
Benue,Makurdi,Mbalagh, GBIDO ANDIIR - GBIDO VILLAGE SQUARE,07-13-07-019
Benue,Makurdi,Mbalagh,MBAGER - MBAGER TAKI VILLAGE,07-13-07-020
Benue,Makurdi,Mbalagh,TSE AKWA - ASOH CHAN (OPEN SPACE),07-13-07-021
Benue,Makurdi,Mbalagh,AGATU ISLAND - CHILE,07-13-07-022
Benue,Makurdi,Mbalagh,ASOM - AVINDIGH VILLAGE SQUARE,07-13-07-023
Benue,Makurdi,Modern Market,IVO VILLAGE - IVO VILLAGE (INJAHA) SQUARE,07-13-08-001
Benue,Makurdi,Modern Market, IORKYAA - IORKYAA COMPOUND (OPEN SPACE),07-13-08-002
Benue,Makurdi,Modern Market, INONGUN ASUA - TYO DEMEKPE,07-13-08-003
Benue,Makurdi,Modern Market,"KUAH VILLAGE - NKST PRI. SCHOOL, KUAH",07-13-08-004
Benue,Makurdi,Modern Market,COMMUNITY SEC. SCHOOL - SCHOOL PREMISES,07-13-08-005
Benue,Makurdi,Modern Market,SAMARI - SAMARI COMPOUND SQUARE,07-13-08-006
Benue,Makurdi,Modern Market,HOTEL DE SUCCESS - FRONT OF HOTEL,07-13-08-007
Benue,Makurdi,Modern Market,"RCM SCHOOL, ADAKA - THE PREMISES",07-13-08-008
Benue,Makurdi,Modern Market,IKYO ANGBANDE - IKYOR COMPOUND (OPEN SPACE),07-13-08-009
Benue,Makurdi,Modern Market,UGOHO VILLAGE - UGOH VILLAGE SQUARE,07-13-08-010
Benue,Makurdi,Modern Market,BEHIND 'D' DIVIDION - TERNAMDOO PRI. SCHOOL,07-13-08-011
Benue,Makurdi,Modern Market,UULUGH VILLAGE - UULUGH VILLAGE SQUARE,07-13-08-012
Benue,Makurdi,Modern Market,LOW COST HOUSING - LOW COST NAKA ROAD,07-13-08-013
Benue,Makurdi,Modern Market,TSE AGBEDE - TSE AGBEDE SQUARE,07-13-08-014
Benue,Makurdi,Modern Market,"LGEA SCHOOL, ORKPE - SCHOOL PREMISES",07-13-08-015
Benue,Makurdi,Modern Market,GWABO - LGEA SCHOOL GWABO,07-13-08-016
Benue,Makurdi,Modern Market,UHUNBE VILLAGE - UHUMBE VILLAGE SQUARE,07-13-08-017
Benue,Makurdi,Modern Market,UPE TEMA - UPE TEMA SCHOOL,07-13-08-018
Benue,Makurdi,Modern Market,NKST. SEC. SCHOOL - SCHOOL PREMISES,07-13-08-019
Benue,Makurdi,Modern Market, NYITI VILLAGE - NYITI VILLAGE SQUARE,07-13-08-020
Benue,Makurdi,Modern Market, GBONKO - GBONKO VILLAGE SQUARE,07-13-08-021
Benue,Makurdi,Modern Market," TYOHEMBA - RCM. SCHOOL, TYOHEMBA",07-13-08-022
Benue,Makurdi,Modern Market, PEREGH - PEREGH VILLAGE SQUARE,07-13-08-023
Benue,Makurdi,Modern Market," TSE ADI - TSE ADI, USAMBE SQUARE",07-13-08-024
Benue,Makurdi,Modern Market,"OPEN SPACE OPPOSITE LUCKY STAR NUR/PRI SCHOOL, CECILIA HEMBE STREET (LOW COST)",07-13-08-025
Benue,Makurdi,Modern Market,OPEN SPACE NEAR AGELAGBA HOUSE OF WORSHIP CHURCH,07-13-08-026
Benue,Makurdi,Modern Market,OPEN SPACE OPPOSITE EMMANUEL NUR/PRI SCH. LOW COST 1ST GATE NAKA ROAD,07-13-08-027
Benue,Makurdi,Modern Market,"OPEN SPACE - BESIDE ST. JAMES CATHOLIC CHURCH, FEDERAL LOW COST NAKA ROAD",07-13-08-028
Benue,Makurdi,Modern Market, OPEN SPACE NEAR IBER AKO'S COMPOUND NAKA ROAD,07-13-08-029
Benue,Makurdi,Modern Market,"OPEN SPACE - INFRONT OF MULTIPURPOSE ACADEMY PREMISES, SAM ORUM STREET",07-13-08-030
Benue,Makurdi,Modern Market,"OPEN SPACE, NEAR ADELI COMPOUND NEAR EL-SHADAI SCH. YONGOIKO ANJEMBE STREET",07-13-08-031
Benue,Makurdi,Modern Market,ATSER ORCHIR ROAD - NEAR ORCHIR VILLAGE OPEN SPACE,07-13-08-032
Benue,Makurdi,Modern Market," OPEN SPACE, BESIDE HE REIGNS NUR/PRI SCHOOL BAM-BAM",07-13-08-033
Benue,Makurdi,Modern Market,"OPEN SPACE ITAR KUSUGH BESIDE GLORY WORLD CLASS COLLEGE, NEAR ST. PETERS CATHOLIC CHURCH",07-13-08-034
Benue,Makurdi,Modern Market, AWAITYO MARKET SQUARE CLOSE TO NOMADIC PRI. SCHOOL INJAHA,07-13-08-035
Benue,Makurdi,Modern Market,"OPEN SPACE AKILE GBE, BEHIND BOMA NUR/PRI SCHOOL",07-13-08-036
Benue,Makurdi,Modern Market,"OPEN SPACE, FRONT OF PAUL EMPTION ACADEMY SCHOOL DEMEKPE",07-13-08-037
Benue,Makurdi,Modern Market,"OPEN SPACE SIMON AONDONA STREET, AMADU COMAS ROAD (MAKURDI)",07-13-08-038
Benue,Makurdi,Modern Market,"OPEN SPACE NO. 18 DOOYUM BAKERY STREET, DEMEKPE",07-13-08-039
Benue,Makurdi,North Bank I,"TILLEY GYADO COLLEGE, SCHOOL FRONTAGE",07-13-09-001
Benue,Makurdi,North Bank I,"FEDERAL LOW COST - FEDERAL LOW COST , LAFIA ROAD",07-13-09-002
Benue,Makurdi,North Bank I,"ECWA SEC SCHOOL FED LOW COST, OLD LAFIA ROAD.",07-13-09-003
Benue,Makurdi,North Bank I, COLLEGE OF ADV & PRO. STUDIES - ENTRANCE,07-13-09-004
Benue,Makurdi,North Bank I,UNIVERSITY OF AGRIC. - ENTRANCE,07-13-09-005
Benue,Makurdi,North Bank I,MECHANIC VILLAGE - AT THE GATE,07-13-09-006
Benue,Makurdi,North Bank I,YAGBA VILLAGE - YAGBA VILLAGE SQUARE,07-13-09-007
Benue,Makurdi,North Bank I, BEHIND DAY SPRING - BEHIND DAY SPRINGE,07-13-09-008
Benue,Makurdi,North Bank I,NORTH BANK MARKET I - YOGBO ROAD,07-13-09-009
Benue,Makurdi,North Bank I,NORTH BANK MARKET II - YOGBO ROAD,07-13-09-010
Benue,Makurdi,North Bank I, JOR FADA - JOR FADA,07-13-09-011
Benue,Makurdi,North Bank I, PETER TARKENDE I - 40 OLD LAFIA ROAD,07-13-09-012
Benue,Makurdi,North Bank I, PETER TARKENDE II - 40 OLD LAFIA ROAD,07-13-09-013
Benue,Makurdi,North Bank I, V.I.O. I - VIO GROUND,07-13-09-014
Benue,Makurdi,North Bank I,V.I.O. II - VIO GROUND,07-13-09-015
Benue,Makurdi,North Bank I,VET. OFFICE I - NEAR THE OFFICE,07-13-09-016
Benue,Makurdi,North Bank I,72 ENTRANCE GATE - 72 ENTRANCE GATE,07-13-09-017
Benue,Makurdi,North Bank I, VET. OFFICE II - NEAR THE OFFICE,07-13-09-018
Benue,Makurdi,North Bank I,31 AIRBORNE BDIG - BEHIND EXCWA SEC. SCHOOL,07-13-09-019
Benue,Makurdi,North Bank I,ORSHIO SETTLEMENT BY FADAMA III,07-13-09-020
Benue,Makurdi,North Bank I,"BEHIND ST. JAMES, NEAR CEFN CHURCH",07-13-09-021
Benue,Makurdi,North Bank I,NEAR NKST CHURCH JAMU,07-13-09-022
Benue,Makurdi,North Bank I,"TILLEY GYADO COLLEGE, SCHOOL FRONTAGE II",07-13-09-023
Benue,Makurdi,North Bank I, OPEN SPACE OPPOSITE C / J LINE JUNCTION FED. LOW COST,07-13-09-024
Benue,Makurdi,North Bank I,"PLAY GROUND, ALONG FIRST GATE, FEDERAL LOWCOST",07-13-09-025
Benue,Makurdi,North Bank I," OPEN SPACE, SECOND GATE ENTRANCE, FEDERAL LOWCOST",07-13-09-026
Benue,Makurdi,North Bank I,YAGBA VILLAGE - YAGBA VILLAGE SQUARE II,07-13-09-027
Benue,Makurdi,North Bank I,BEHIND ST. MICHEAL'S CATHOLIC CHURCH,07-13-09-028
Benue,Makurdi,North Bank I,BESIDE OKIKI HOTEL,07-13-09-029
Benue,Makurdi,North Bank I, STAFF QUARTERS NEAR V.C. LODGE,07-13-09-030
Benue,Makurdi,North Bank I, NEAR FRACTURE HOSPITAL,07-13-09-031
Benue,Makurdi,North Bank I,SAONDO UNUM OPEN SPACE 1ST AVENUE,07-13-09-032
Benue,Makurdi,North Bank I,WALU OPEN SPACE,07-13-09-033
Benue,Makurdi,North Bank I, NEAR TIMOTHY TIMOR HOUSE,07-13-09-034
Benue,Makurdi,North Bank I,ANWUNA OPEN SPACE JOR FADA,07-13-09-035
Benue,Makurdi,North Bank I,72 BARRACKS JUNCTION,07-13-09-036
Benue,Makurdi,North Bank I,NEAR UPAA HOUSE,07-13-09-037
Benue,Makurdi,North Bank I,NEAR AKOMBO HOUSE,07-13-09-038
Benue,Makurdi,North Bank I,NEAR ZAKI GBANDE HOUSE,07-13-09-039
Benue,Makurdi,North Bank I,AYIHE OPEN SPACE,07-13-09-040
Benue,Makurdi,North Bank I,FIDELIX BUR OPEN SPACE,07-13-09-041
Benue,Makurdi,North Bank I,BAWA MARKET SQUARE,07-13-09-042
Benue,Makurdi,North Bank I,NEAR ORNGUGA ADA BEHIND GENERAL HOSPITAL,07-13-09-043
Benue,Makurdi,North Bank II,SCHOOL OF REM. STD. JUNCTION - AT THE JUNCTION,07-13-10-001
Benue,Makurdi,North Bank II,TIMBER SHED - NEAR OLD BRIDGE,07-13-10-002
Benue,Makurdi,North Bank II,HUDCO QUARTERS I - OPPOSITE COURT 5,07-13-10-003
Benue,Makurdi,North Bank II,HUDCO QTRS II PLAYING GROUND,07-13-10-004
Benue,Makurdi,North Bank II,ARMY CHILDREN SCHOOL - ENTRANCE,07-13-10-005
Benue,Makurdi,North Bank II, NEAR ALH. SALI YARO - 40 ERI STREET,07-13-10-006
Benue,Makurdi,North Bank II, DAKANTSELE - BEHIND DE PEOPLES HOTEL,07-13-10-007
Benue,Makurdi,North Bank II, JANKWAKWA - 15 ANGWAN KABAWA STREET,07-13-10-008
Benue,Makurdi,North Bank II,NEAR ABOKI USMAN - ABOKI USMAN NO. 27,07-13-10-009
Benue,Makurdi,North Bank II, ST. MARY'S PRI. SCHOOL - SCHOOL PREMISES,07-13-10-010
Benue,Makurdi,North Bank II,NEAR NDA BAGI - OPPOSITE OLD MOSQUE,07-13-10-011
Benue,Makurdi,North Bank II,NEAR ALH. GOMBE I - OLD LAFIA ROAD,07-13-10-012
Benue,Makurdi,North Bank II,"NEAR ALH GOMBE II 52, UDEI STREET OLD LAFIA ROAD.",07-13-10-013
Benue,Makurdi,North Bank II,NEAR ANGWAR A. ALI - 66 UDEI STREET,07-13-10-014
Benue,Makurdi,North Bank II,NEAR VINCENT JINJINGI - 2 OLD LAFIA ROAD,07-13-10-015
Benue,Makurdi,North Bank II, ALH. YUSUFU & ENVIRONS I - 5 IJIGBAN STREET,07-13-10-016
Benue,Makurdi,North Bank II,"ALH. YUSUFU & ENVIRONS II - 5, IJIGBAN STREET",07-13-10-017
Benue,Makurdi,North Bank II,NEAR IBRAHIM SHEHU - ALONG UGBOOJU STREET,07-13-10-018
Benue,Makurdi,North Bank II,NEAR GARBA SALISU - ALONG UGBOOJU STREET,07-13-10-019
Benue,Makurdi,North Bank II,NASME - NASME GATE,07-13-10-020
Benue,Makurdi,North Bank II,NEAR ALHAJI JIDAS - HUDAS GIYSEM ERU STREET,07-13-10-021
Benue,Makurdi,North Bank II,AGYETASHI OPEN SPACE,07-13-10-022
Benue,Makurdi,North Bank II,"OPEN SPACE, OFF YOGBO STREET NO. 30",07-13-10-023
Benue,Makurdi,North Bank II,NEAR DANKEJI,07-13-10-024
Benue,Makurdi,North Bank II,"OPEN SPACE, IGUMALE STREET",07-13-10-025
Benue,Makurdi,North Bank II,"OPEN SPACE, BEHIND GANDI HOTEL",07-13-10-026
Benue,Makurdi,North Bank II,"OPEN SPACE, BEHIND CEMENTRY",07-13-10-027
Benue,Makurdi,North Bank II,"OPEN SPACE, OPPOSITE CHRISTIAN CENTRE",07-13-10-028
Benue,Makurdi,North Bank II,OPEN SPACE OPPOSITE U.E.C. CHURCH,07-13-10-029
Benue,Makurdi,North Bank II,"OPEN SPACE, BEHIND AGB MOSQUE",07-13-10-030
Benue,Makurdi,North Bank II,NEAR SPACE BESIDE MAI JAMAA' MOSQUE,07-13-10-031
Benue,Makurdi,North Bank II,"OPEN SPACE, IN FRONT OF AGB MOSQUE",07-13-10-032
Benue,Makurdi,North Bank II,OPEN SPACE NEAR ALH. KAWU MOSQUE OPEN SPACE 25 AJIO STREET NORTH BANK,07-13-10-033
Benue,Makurdi,Wailomayo,PLAZA HOTEL - OPPOSITE THE HOTEL,07-13-11-001
Benue,Makurdi,Wailomayo,BEN CROSS HOTEL - OUTSIDE THE PREMISES,07-13-11-002
Benue,Makurdi,Wailomayo, AGENA ANGOUGH - ALONG MARKET LANE,07-13-11-003
Benue,Makurdi,Wailomayo,OLYMPIC HOTEL - OUTSIDE PREMISES,07-13-11-004
Benue,Makurdi,Wailomayo,HYONGU ABELA - NEAR THE COMPOUND,07-13-11-005
Benue,Makurdi,Wailomayo," LGEA PRIMARY SCHOOL, WURUKUM - LGEA PRI. SCHOOL WURUKUM",07-13-11-006
Benue,Makurdi,Wailomayo, ST. THERESA'S PRIMARY SCHOOL - ST. THERESAS'S PRI. SCHOOL,07-13-11-007
Benue,Makurdi,Wailomayo,008 - PALM TREEE'S SPOT - AMOKACHI LANE,07-13-11-008
Benue,Makurdi,Wailomayo, ASHAIWANKA - WUKARI STREET - NO. 21,07-13-11-009
Benue,Makurdi,Wailomayo,WURUKUM MARKET (OLD) BEHIND LIBRARY COMPLEX,07-13-11-010
Benue,Makurdi,Wailomayo,ANGWAN JUKUN - OFF AWE STREET - NO. 10,07-13-11-011
Benue,Makurdi,Wailomayo,IMMIGRATION/CEMENTARY - IN FRONT IMMIGRATION OFFICE,07-13-11-012
Benue,Makurdi,Wailomayo, OSAKWE HOTEL - TIMBER SHED - IN FRONT,07-13-11-013
Benue,Makurdi,Wailomayo,EX-SERVICE - BESIDES LIBRARY COMPLEX,07-13-11-014
Benue,Makurdi,Wailomayo,ASHARUWA I - AKUCHI'S COMPOUND (NEAR),07-13-11-015
Benue,Makurdi,Wailomayo,ASHARUWA II - OFF AWE STREET - NO. 24,07-13-11-016
Benue,Makurdi,Wailomayo,SATOS PRESS - INFRONT OF SATOS PRESS,07-13-11-017
Benue,Makurdi,Wailomayo,NTERNATIONAL SCHOOL - BEHIND THE SCHOOL,07-13-11-018
Benue,Makurdi,Wailomayo, NKST. PRI. SCHOOL I - 11 IORKYAA ACO STREET,07-13-11-019
Benue,Makurdi,Wailomayo,NKST. PRI. SCHOOL II - UKE WENDE STREET,07-13-11-020
Benue,Makurdi,Wailomayo, TARKA FOUNDATION - ENTRANCE OF THE GATE,07-13-11-021
Benue,Makurdi,Wailomayo,NIGERIA VOICE - AT THE GATE,07-13-11-022
Benue,Makurdi,Wailomayo,BEBE ABIA - AT THE JUNCTION MANGO SHED,07-13-11-023
Benue,Makurdi,Wailomayo, PADOPAS HARMONY SEC. SCHOOL - OPPOSITE SCHOOL ENTRANCE,07-13-11-024
Benue,Makurdi,Wailomayo,NYIMAN PILLA - ST. JOSEPH PRI. SCHOOL,07-13-11-025
Benue,Makurdi,Wailomayo, HIGH LEVEL MARKET I - OPPOSITE FORMER ARMY RECRUITMENT,07-13-11-026
Benue,Makurdi,Wailomayo, HIGH LEVEL MARKET II - OPPOSITE FORMER ARMY RECRUITMENT,07-13-11-027
Benue,Makurdi,Wailomayo,STATE SECRETARIAT - SECRETARIAT NORTH GATE,07-13-11-028
Benue,Makurdi,Wailomayo,IERMBER LODGE - OPPOSITE V/KYA BURUKUTU,07-13-11-029
Benue,Makurdi,Wailomayo,ORPHANAGE - AT HIGH LEVEL,07-13-11-030
Benue,Makurdi,Wailomayo,"NKST. SCHOOL, IDYE - SCHOOL PREMISES",07-13-11-031
Benue,Makurdi,Wailomayo,FORMER BATA - OUTSIDE PREMISES,07-13-11-032
Benue,Makurdi,Wailomayo, TSE AJIO I - 8 CALABAR STREET,07-13-11-033
Benue,Makurdi,Wailomayo, TSE AJIO II - 8 CALABAR STREET,07-13-11-034
Benue,Makurdi,Wailomayo,ANOM ABATA I - 32 OTUKPO ROAD,07-13-11-035
Benue,Makurdi,Wailomayo, ANOM ABATA II - NEAR HIGH LEVEL GARDEN,07-13-11-036
Benue,Makurdi,Wailomayo,NAOR GOMONATI - 29 VANDEIKYA STREET,07-13-11-037
Benue,Makurdi,Wailomayo,ATLANTA HOTEL - BESIDE THE HOTEL,07-13-11-038
Benue,Makurdi,Wailomayo,TONDO KAJO (NEAR) - FRONT OF THE HOUSE,07-13-11-039
Benue,Makurdi,Wailomayo,FATI HOUSE (NEAR) - USMAN HYWEMBE STREET,07-13-11-040
Benue,Makurdi,Wailomayo, INLAND REVENUE - FRONT OF OFFICE,07-13-11-041
Benue,Makurdi,Wailomayo, WURUKUM MARKET II - BEHIND LIBRARY COMPLEX,07-13-11-042
Benue,Makurdi,Wailomayo,GOVERNMENT MODEL (GATE) SCHOOL,07-13-11-043
Benue,Makurdi,Wailomayo,PADOPAS HARMONY SCHOOL II,07-13-11-044
Benue,Makurdi,Wailomayo,KASSY BEACH BESIDE WORLD AFLAME IDYE,07-13-11-045
Benue,Makurdi,Wailomayo, PALM TREE SPOT II FOURTH AVENUE OFF AMOKACHI LANE,07-13-11-046
Benue,Makurdi,Wailomayo,OPEN SPACE OPPOSITE CITY BAY PARK,07-13-11-047
Benue,Makurdi,Wailomayo,ST. THERESA'S PRIMARY SCHOOL II,07-13-11-048
Benue,Makurdi,Wailomayo,BIRS OFFICE GATE,07-13-11-049
Benue,Makurdi,Wailomayo,OG WINNERS PLAZA OPEN SPACE KONSHISHA STREET,07-13-11-050
Benue,Makurdi,Wailomayo,LOBI LEASING COMPANY,07-13-11-051
Benue,Makurdi,Wailomayo,OLD RICE MILL MARKET SQUARE,07-13-11-052
Benue,Makurdi,Wailomayo,OPEN SPACE BESIDE IZALA MOSQUE,07-13-11-053
Benue,Makurdi,Wailomayo,AIR FORCE BUS - STOP,07-13-11-054
Benue,Makurdi,Wailomayo,OPEN SPACE BESIDE PAMPAS,07-13-11-055
Benue,Makurdi,Wailomayo,LGEA PRIMARY SCHOOL WURUKUM II,07-13-11-056
Benue,Makurdi,Wailomayo,ST. PETERS PRIVATE SCHOOL,07-13-11-057
Benue,Makurdi,Wailomayo,ANGWAN JUJU 17 OFF AWE STREET,07-13-11-058
Benue,Makurdi,Wailomayo,AGOYGO OFF AWE STREET BESIDE BIBLICAL REFORM CHURCH,07-13-11-059
Benue,Makurdi,Wailomayo,NURUL HAYA SCHOOL,07-13-11-060
Benue,Makurdi,Wailomayo,ANGWAN JUKUN MARKET SQUARE,07-13-11-061
Benue,Makurdi,Wailomayo,EPUTEPA,07-13-11-062
Benue,Makurdi,Wailomayo,ASHIGO,07-13-11-063
Benue,Makurdi,Wailomayo,FAMILY DOLLAR,07-13-11-064
Benue,Makurdi,Wailomayo,RAILWAY CLUB,07-13-11-065
Benue,Makurdi,Wailomayo, Y-JUNCTION - ABINSE STREET,07-13-11-066
Benue,Makurdi,Wailomayo,SATOS PRESS II,07-13-11-067
Benue,Makurdi,Wailomayo,VOICE OF NIGERIA,07-13-11-068
Benue,Makurdi,Wailomayo,APPARITION,07-13-11-069
Benue,Makurdi,Wailomayo,ATLANTA HOTEL II,07-13-11-070
Benue,Makurdi,Wailomayo,SHOM - WURA,07-13-11-071
Benue,Makurdi,Wailomayo,ORPHANAGE II - I,07-13-11-072
Benue,Makurdi,Wailomayo,SJ1 AKURE,07-13-11-073
Benue,Makurdi,Wailomayo,HIDEVA SCHOOL - HIDEVA,07-13-11-074
Benue,Makurdi,Wailomayo,NAOR GOMONATI II,07-13-11-075
Benue,Makurdi,Wailomayo,KENVILLE PARK,07-13-11-076
Benue,Makurdi,Wailomayo,AKER - SULE (NEAR),07-13-11-077
Benue,Makurdi,Wailomayo,TSE - AJIO III,07-13-11-078
Benue,Makurdi,Wailomayo, ORSHI ADIKPA (NEAR),07-13-11-079
Benue,Makurdi,Wailomayo,OFICON PLAZA,07-13-11-080
Benue,Makurdi,Wailomayo,BEBE ABIA II OPEN SPACE OPPOSITE 19 APEZAN STREET HIHG LEVEL,07-13-11-081
Benue,Makurdi,Wailomayo,HIS & HERS - OPEN SPACE 20 UKE WENDE STREET HIHG LEVEL,07-13-11-082
Benue,Makurdi,Wailomayo,IKPA OPEN SPACE 40 IORKYAA-AKO STREET FOURTH AVENUE,07-13-11-083
Benue,Makurdi,Wailomayo, BELTA OPEN SPACE 4 DELTA STREET BEHINDE HIGH LEVEL MARKET,07-13-11-084
Benue,Makurdi,Wailomayo, BURUKUTU WAALAWA 2 INIKPI STREET HIGH LEVEL,07-13-11-085
Benue,Makurdi,Wailomayo,TARKA FOUNDATION II,07-13-11-086
Benue,Makurdi,Wailomayo,STATE SECRETARIAT II,07-13-11-087
Benue,Makurdi,Wailomayo,PAULINE MAKA CENTRE,07-13-11-088
Benue,Makurdi,Wailomayo,NYIMAN PILLA II,07-13-11-089
Benue,Makurdi,Wailomayo, PATRICK ITYOHEGH BOULIVARD GATE,07-13-11-090
Benue,Makurdi,Wailomayo, NUJ PEN COLLEGE PREMISES,07-13-11-091
Benue,Makurdi,Wailomayo,DAVCEE GARDEN 1 IORPUU ADDI STREET NYIMA,07-13-11-092
Benue,Makurdi,Wailomayo,DOCTOR'S QUARTERS,07-13-11-093
Benue,Makurdi,Wailomayo,BEHIND TSB OPEN SPACE,07-13-11-094
Benue,Makurdi,Wailomayo,NIGERIA VOICE II,07-13-11-095
Benue,Makurdi,Wailomayo,RAILWAY CLUB,07-13-11-096
Benue,Obi,Adiko,PLAY GROUND-ODALIKO I,07-14-01-001
Benue,Obi,Adiko,PLAY GROUND - OGEDE,07-14-01-002
Benue,Obi,Adiko,PLAY GROUND - OJENYA ETTE,07-14-01-003
Benue,Obi,Adiko,PLAY GROUND - OKWUGBA I,07-14-01-004
Benue,Obi,Adiko,PLAY GROUND - OKWUGBA II,07-14-01-005
Benue,Obi,Adiko,PRIMARY SCHOOL TREATMENT VILLAGE,07-14-01-006
Benue,Obi,Adiko,PLAY GROUND - AGBOKO,07-14-01-007
Benue,Obi,Adiko,PLAY GROUND - ODALEKO,07-14-01-008
Benue,Obi,Adiko,LGEA PRIMARY SCHL OMAGA,07-14-01-009
Benue,Obi,Adiko,PLAY GROUND OKONO,07-14-01-010
Benue,Obi,Adum West,PLAY GROUND ADUM EDII,07-14-02-001
Benue,Obi,Adum West,PLAY GROUND - ADIGABU/OKPE,07-14-02-002
Benue,Obi,Adum West,PLAY GROUND IKPONYIRE/INYUMA,07-14-02-003
Benue,Obi,Adum West,PLAY GROUND OPIRIKWU ADUM,07-14-02-004
Benue,Obi,Adum West,PLAY GROUND ETUMU AVYOGBE,07-14-02-005
Benue,Obi,Adum West,PLAY GROUND OKWUBI,07-14-02-006
Benue,Obi,Adum West,PLAY GROUND OWO/OKUMAYE,07-14-02-007
Benue,Obi,Adum West,PLAY GROUND IKPONYIRE,07-14-02-008
Benue,Obi,Ikwokwu,PRIMARY SCHOOL - ADIGBE/ADODO,07-14-03-001
Benue,Obi,Ikwokwu,PRIMARY SCHOOL - UGBODOM I,07-14-03-002
Benue,Obi,Ikwokwu,MARKET SQUARE - UGBODOM II,07-14-03-003
Benue,Obi,Ikwokwu,PLAY GROUND - UDEGI,07-14-03-004
Benue,Obi,Ikwokwu,PLAY GROUND - UKPINO/UGBOGWU,07-14-03-005
Benue,Obi,Ikwokwu,PLAY GROUND - AKWUNDA,07-14-03-006
Benue,Obi,Ikwokwu,PLAY GROUND ADODO ABONU,07-14-03-007
Benue,Obi,Ikwokwu,PLAYGRD SEC SCHO. UGBODOM,07-14-03-008
Benue,Obi,Ikwokwu,MARKET SQ UGBODOM,07-14-03-009
Benue,Obi,Ikwokwu,PLAY GROUND OJIYA UDEGI 2,07-14-03-010
Benue,Obi,Ikwokwu,OJWO PLAY GROUND,07-14-03-011
Benue,Obi,Irabi,PLAY GROUND - ADEGA,07-14-04-001
Benue,Obi,Irabi,PLAY GROUND - OBIJAGO I,07-14-04-002
Benue,Obi,Irabi,PLAY GROUND - OGEGE,07-14-04-003
Benue,Obi,Irabi,PLAY GROUND - OBIJAGO II,07-14-04-004
Benue,Obi,Irabi,PLAY GROUND - OKPAGA,07-14-04-005
Benue,Obi,Irabi,PLAY GROUND ADEGA IRABI,07-14-04-006
Benue,Obi,Itogo,PLAY GROUND - ITOGO IPINU,07-14-05-001
Benue,Obi,Itogo,PLAY GROUND - EKINGO,07-14-05-002
Benue,Obi,Itogo,PLAY GROUND - IGBEGI I,07-14-05-003
Benue,Obi,Itogo,PLAY GROUND - IGBEGI II,07-14-05-004
Benue,Obi,Itogo,PLAY GROUND - UBEKE,07-14-05-005
Benue,Obi,Itogo,PILOT PRIMARY SCHOOL IYAHO,07-14-05-006
Benue,Obi,Itogo,PLAY GROUND - IYAHO II,07-14-05-007
Benue,Obi,Itogo,PLAY GROUND - EBONG,07-14-05-008
Benue,Obi,Itogo,PLAY GROUND - UKPUTE,07-14-05-009
Benue,Obi,Itogo,ADEDE EDU PLAYGROUND,07-14-05-010
Benue,Obi,Itogo,ADEDE EDII PLAYGROUND,07-14-05-011
Benue,Obi,Itogo,PLAYGROUND OGBIJI,07-14-05-012
Benue,Obi,Itogo,OGBIJI PLAYGROUND,07-14-05-013
Benue,Obi,Itogo,OPP ASSEMBLY OF GOD UGBOGWU,07-14-05-014
Benue,Obi,Obarike,NEAR ITO G - BARRACKS I,07-14-06-001
Benue,Obi,Obarike,PILOT SCHOOL - BARRACK II,07-14-06-002
Benue,Obi,Obarike,PLAY GROUND - IRABI,07-14-06-003
Benue,Obi,Obarike,ST. PATRICK SCHOOL - OGWOUPE,07-14-06-004
Benue,Obi,Obarike,NEAR ITO GROUND - BARRACK III,07-14-06-005
Benue,Obi,Obarike,PLAY GROUND OBARIKE CENTRE,07-14-06-006
Benue,Obi,Obarike,PLAYGROUND CAMP OKPUPU,07-14-06-007
Benue,Obi,Obarike,PLAYGROUND IRABI EDU,07-14-06-008
Benue,Obi,Obarike,MARKET SQUARE IHIOKWU,07-14-06-009
Benue,Obi,Obarike,ST PARTICK SCH OBARIKE III,07-14-06-010
Benue,Obi,Obarike,PLAYGROUND IJANKE,07-14-06-011
Benue,Obi,Obeko,PLAY GROUND - IWAGOGO,07-14-07-001
Benue,Obi,Obeko,PLAY GROUND - UMAPIA,07-14-07-002
Benue,Obi,Obeko,PLAY GROUND - ADUGODU/EDDII I,07-14-07-003
Benue,Obi,Obeko,PLAY GROUND - ADUGODU/EDDI II,07-14-07-004
Benue,Obi,Obeko,PLAY GROUND - ABODE,07-14-07-005
Benue,Obi,Obeko,PLAY GROUND - UWOBE,07-14-07-006
Benue,Obi,Obeko,PLAY GROUND-IWAGOGO II-EPWA EDII,07-14-07-007
Benue,Obi,Obeko,LGEA PRY SCHOOL EDII ITAFOR,07-14-07-008
Benue,Obi,Obeko,OPP. ADUGODU AGRIC CENTRE,07-14-07-009
Benue,Obi,Obeko,UWOBE IHIO OBEKO,07-14-07-010
Benue,Obi,Obeko,UMAPIA ED11 OBEKO,07-14-07-011
Benue,Obi,Odiapa,PLAY GROUND - ODIAPA IPINU,07-14-08-001
Benue,Obi,Odiapa,PLAY GROUND - OCHINEE,07-14-08-002
Benue,Obi,Odiapa,PLAY GROUND - OLUYOR,07-14-08-003
Benue,Obi,Odiapa,PLAY GROUND - AMEKA I,07-14-08-004
Benue,Obi,Odiapa,PLAY GROUND - AMEKA II,07-14-08-005
Benue,Obi,Odiapa,PLAY GROUND - OPIRIKWU,07-14-08-006
Benue,Obi,Odiapa,PLAY GROUND - IJEGWU,07-14-08-007
Benue,Obi,Odiapa,OJO OTOBI,07-14-08-008
Benue,Obi,Odiapa,PLAY GROUND UKPODIDA,07-14-08-009
Benue,Obi,Odiapa,PLAYGROUND ARIKANWA,07-14-08-010
Benue,Obi,Odiapa,PLAYGROUND UKWURU,07-14-08-011
Benue,Obi,Odiapa,PLAYGROUND OPIRIKWU,07-14-08-012
Benue,Obi,Ogore,ABIKAM/ABOFUTU PLAY GROUND,07-14-09-001
Benue,Obi,Ogore,OHEUHU OJEGBE PLAY GROUND,07-14-09-002
Benue,Obi,Ogore,OYE OBA MARKET SQUARE,07-14-09-003
Benue,Obi,Ogore,PLAYGROUND BETHSIDA,07-14-09-004
Benue,Obi,Ogore,LGEA PRIMARY SCHOOL OHUEHE,07-14-09-005
Benue,Obi,Ogore,PHC OJEGBE,07-14-09-006
Benue,Obi,Ogore,PLAY GROUND OBODO,07-14-09-007
Benue,Obi,Okpokwu,ECHORI I - PLAY GROUND,07-14-10-001
Benue,Obi,Okpokwu,ECHORI II - PLAY GROUND,07-14-10-002
Benue,Obi,Okpokwu,ITAKPA IHIO MARKET SQUARE I,07-14-10-003
Benue,Obi,Okpokwu,ITAKPA PRIMARY SCHOOL - II,07-14-10-004
Benue,Obi,Okpokwu,OKPOKWU OPP. ST. MARKS CHURCH - I,07-14-10-005
Benue,Obi,Okpokwu,OKPOKWU PLAY GROUND - II,07-14-10-006
Benue,Obi,Okpokwu,MARKET SQUARE ANYEJE,07-14-10-007
Benue,Obi,Okpokwu,LGEA PRIMARY SCHOOL OBINE,07-14-10-008
Benue,Obi,Okpokwu,PLAYGROUND ITAKPA,07-14-10-009
Benue,Obi,Okpokwu,PLAYGROUND UGBOGWU,07-14-10-010
Benue,Obi,Okpokwu,UBE OKPOKWU,07-14-10-011
Benue,Obi,Okpokwu,OKPOKWU EVENING MARKET,07-14-10-012
Benue,Obi,Okwutungbe,PRIMARY SCHOOL - OHUEHE/IGBONO,07-14-11-001
Benue,Obi,Okwutungbe,MARKET SQUARE OJWO OKWUTUNGBE,07-14-11-002
Benue,Obi,Okwutungbe,PLAY GROUND - OKPOKWU UTU,07-14-11-003
Benue,Obi,Okwutungbe,PLAY GROUND - IGWE,07-14-11-004
Benue,Obi,Okwutungbe,PLAY GROUND - OBA,07-14-11-005
Benue,Obi,Okwutungbe,MARKET SQUARE - OJWO OKWUTUNGBE,07-14-11-006
Benue,Obi,Okwutungbe,PRIMARY SCHOOL IGWE,07-14-11-007
Benue,Obi,Okwutungbe,PLAYGROUND ITUMU,07-14-11-008
Benue,Obi,Okwutungbe,PLAYGROUND OBA AGBARA,07-14-11-009
Benue,Obi,Orihi,PLAYGROUND - OHUMA,07-14-12-001
Benue,Obi,Orihi,PLAY GROUND - OYINYI,07-14-12-002
Benue,Obi,Orihi,PLAY GROUND - IKIRIHE,07-14-12-003
Benue,Obi,Orihi,PLAY GROUND - AHUEYE,07-14-12-004
Benue,Obi,Orihi,PLAY GROUND - OJWO/UDEBOR I,07-14-12-005
Benue,Obi,Orihi,PLAY GROUND - OJWO/UDEBOR II,07-14-12-006
Benue,Obi,Orihi,LGEA PRY. SCH. OHUMA,07-14-12-007
Benue,Obi,Orihi,LGEA PRY. SCH. IJEGE,07-14-12-008
Benue,Obi,Orihi,LGEA PRY. SCH. OYINYI,07-14-12-009
Benue,Ogbadibo,AI-Oodo I,AKPAKA/ADUM I - ADUM PR. SCHOOL,07-15-01-001
Benue,Ogbadibo,AI-Oodo I,AKPAKA/ADUM II - MARKET SQUARE,07-15-01-002
Benue,Ogbadibo,AI-Oodo I,AIKWU - AIKWU PLAY GROUND I,07-15-01-003
Benue,Ogbadibo,AI-Oodo I,AKPAGODOGBO - PLAY GROUND,07-15-01-004
Benue,Ogbadibo,AI-Oodo I,ORIDO I - TOWN HALL,07-15-01-005
Benue,Ogbadibo,AI-Oodo I,AKPAKA ABO - PLAY GROUND,07-15-01-006
Benue,Ogbadibo,AI-Oodo I,UGBAMAKA/AGO - AGO MARKET SQUARE,07-15-01-007
Benue,Ogbadibo,AI-Oodo I,IPOLE ABO - ABO MARKET SQUARE,07-15-01-008
Benue,Ogbadibo,AI-Oodo I,AJEKPOYA - AJEKPOYA PLAY GROUND II,07-15-01-009
Benue,Ogbadibo,AI-Oodo I,OGLEWU ADUM PLAYGROUND,07-15-01-010
Benue,Ogbadibo,AI-Oodo I,OHUDU AIKWU PLAYGROUND,07-15-01-011
Benue,Ogbadibo,AI-Oodo I,OLEMPE ORIDO PLAYGROUND,07-15-01-012
Benue,Ogbadibo,AI-Oodo II,IPOLE OTUKPA I - METHODIST PRI. SCHOOL,07-15-02-001
Benue,Ogbadibo,AI-Oodo II,IPOLE OTUKPA II - METHODIST PRI. SCHOOL,07-15-02-002
Benue,Ogbadibo,AI-Oodo II,OTTO - OTTO MARKET SQUARE,07-15-02-003
Benue,Ogbadibo,AI-Oodo II,IPICHICHA - PLAY GROUND,07-15-02-004
Benue,Ogbadibo,AI-Oodo II,OGENE-AGO - MARKET SQUARE,07-15-02-005
Benue,Ogbadibo,AI-Oodo II,EPEILO I - MARKET SQUARE,07-15-02-006
Benue,Ogbadibo,AI-Oodo II,EPEILO II - PRIMARY SCHOOL,07-15-02-007
Benue,Ogbadibo,AI-Oodo II,UGBLEGI - PRIM. SCHOOL,07-15-02-008
Benue,Ogbadibo,AI-Oodo II,EHA - PRIMARY SCHOOL,07-15-02-009
Benue,Ogbadibo,AI-Oodo II,IPARI - PRIM. SCHOOL,07-15-02-010
Benue,Ogbadibo,AI-Oodo II,ODEBE - PLAY GROUND,07-15-02-011
Benue,Ogbadibo,AI-Oodo II,OGENE/IJADOGA/OLAITODO - PLAY GROUND,07-15-02-012
Benue,Ogbadibo,AI-Oodo II,EBUDU - PLAY GROUND,07-15-02-013
Benue,Ogbadibo,AI-Oodo II,IPOPU UPU IPOLE PLAYGROUND ,07-15-02-014
Benue,Ogbadibo,AI-Oono I,ODOBA I - ONCHUPI PLAY GROUND,07-15-03-001
Benue,Ogbadibo,AI-Oono I,ODOBA II - LGEA SCHOOL NEAR ONCHUPI,07-15-03-002
Benue,Ogbadibo,AI-Oono I,ODOBA OGAJE - PLAY GROUND,07-15-03-003
Benue,Ogbadibo,AI-Oono I,OLA-BOCHAYI - OPU-OLAGOCHAYI,07-15-03-004
Benue,Ogbadibo,AI-Oono I,OLA-OGWUCHE - PRIMARY SCHOOL,07-15-03-005
Benue,Ogbadibo,AI-Oono I,ADEPE - OFU ADEPE,07-15-03-006
Benue,Ogbadibo,AI-Oono I,EFECHO - PRIMARY SCHOOL,07-15-03-007
Benue,Ogbadibo,AI-Oono I,OLAI-OGBAOCHAYI - PLAY GROUND,07-15-03-008
Benue,Ogbadibo,AI-Oono I,OLE-ANNA OGENE PLAYGROUND,07-15-03-009
Benue,Ogbadibo,AI-Oono II,OLAJEGBA-OCHE/AIKGBOJI/OLA-OBEKPA - EKEKWUTE MARKET SQUARE,07-15-04-001
Benue,Ogbadibo,AI-Oono II,IPOLE/IPULA/OGENE - ODOKWUPE TOWN HALL,07-15-04-002
Benue,Ogbadibo,AI-Oono II,ZARIA/EFUGO I - EFUGO HALL,07-15-04-003
Benue,Ogbadibo,AI-Oono II,"ZARIA/EFUGO II - LGEA SCHOOL, ZARIA",07-15-04-004
Benue,Ogbadibo,AI-Oono II,COURT/OLABIGBA - LGEA SCHOOL COURT,07-15-04-005
Benue,Ogbadibo,AI-Oono II,AGBAHA - AGBAHA PRIMARY SCHOOL,07-15-04-006
Benue,Ogbadibo,AI-Oono II,OLAI-DEDE - PLAY GROUND,07-15-04-007
Benue,Ogbadibo,AI-Oono II,EFEKWO/UGBODU - EFEKWO PRIMARY SCHOOL,07-15-04-008
Benue,Ogbadibo,AI-Oono II,OGOKWEYI/AIODU-AIUGBE PLAY GROUND,07-15-04-009
Benue,Ogbadibo,AI-Oono II,COURT/OLABIGBA PLAYGROUND,07-15-04-010
Benue,Ogbadibo,AI-Oono II,UGBODU PRIMARY SCHOOL,07-15-04-011
Benue,Ogbadibo,AI-Oono III,EPAEGBO - PRIMARY SCHOOL,07-15-05-001
Benue,Ogbadibo,AI-Oono III,OGONUKWU - PLAY GROUND,07-15-05-002
Benue,Ogbadibo,AI-Oono III,ODA - ODA PLAY GROUND,07-15-05-003
Benue,Ogbadibo,AI-Oono III,UGO/AGBAFU - AGBAFU PLAY GROUND,07-15-05-004
Benue,Ogbadibo,AI-Oono III,OBU MARKET I - IGERI MARKET SQUARE,07-15-05-005
Benue,Ogbadibo,AI-Oono III,OBU MARKET II - OLD IGERE MARKET SQUARE,07-15-05-006
Benue,Ogbadibo,AI-Oono III,OBU OLD BRANDH - EDE MARKET SQUARE I,07-15-05-007
Benue,Ogbadibo,AI-Oono III,OBU OLD BRANCH - EDE MARKET SQUARE II,07-15-05-008
Benue,Ogbadibo,AI-Oono III,UGO PLAYGROUND,07-15-05-009
Benue,Ogbadibo,AI-Oono III,LGEA PRI. SCHOOL OBU I,07-15-05-010
Benue,Ogbadibo,AI-Oono III,AGADAGBA PLAYGROUND,07-15-05-011
Benue,Ogbadibo,AI-Oono III,AI-OKEWU PLAYGROUND,07-15-05-012
Benue,Ogbadibo,Ehaje I,IPOLE EHAJE - EDE MARKET SQUARE,07-15-06-001
Benue,Ogbadibo,Ehaje I,IBAGBA/AI-OKO - IBAGBA PRIMARY SCHOOL,07-15-06-002
Benue,Ogbadibo,Ehaje I,AI-CHAKWU/IPOLE-AIODU/AI-OBAJE/AI-EGBO - EDE-ADOYI MARKET SQUARE,07-15-06-003
Benue,Ogbadibo,Ehaje I,ONUCHOI - EYUPI PRIMARY SCHOOL,07-15-06-004
Benue,Ogbadibo,Ehaje I,UKWO MARKET SQUARE I - UKWO MARKET SQUARE,07-15-06-005
Benue,Ogbadibo,Ehaje I,UKWO MARKET SQUARE II - COURT PREMISES,07-15-06-006
Benue,Ogbadibo,Ehaje I,AI-IGADO/AI-ODU/IBENA - AI-IGADO PLAY GROUND,07-15-06-007
Benue,Ogbadibo,Ehaje I,AI-OSINA - ST. MICHAEL PRIMARY SCHOOL I,07-15-06-008
Benue,Ogbadibo,Ehaje I,UGBAMAKA/IPOLE AI-AFAM - IPOLE AI-AFAM PRIMARY SCHOOL,07-15-06-009
Benue,Ogbadibo,Ehaje I,AI-OWO - PLAY GROUND,07-15-06-010
Benue,Ogbadibo,Ehaje I,AMEJO/OLEMPE - OLEMPE PRIMARY SCHOOL,07-15-06-011
Benue,Ogbadibo,Ehaje I,AI-OSINA II - ST. MICHAEL PRIMARY SCHOOL II,07-15-06-012
Benue,Ogbadibo,Ehaje II,ADU/ONYIRADA/ERU - ADU PLAY GROUND,07-15-07-001
Benue,Ogbadibo,Ehaje II,EKERE/ERU - EKERE PRIMARY SCHOOL,07-15-07-002
Benue,Ogbadibo,Ehaje II,UDABURU/EJULE/ATI/EGEDE - UDABURU PRIMARY SCHOOL,07-15-07-003
Benue,Ogbadibo,Ehaje II,ANUMACHOGU/OGBATA - ANUMACHOGU PLAY GROUND,07-15-07-004
Benue,Ogbadibo,Ehaje II,UBAFU/ODOBE - ODOBE PLAY GROUND,07-15-07-005
Benue,Ogbadibo,Ehaje II,ATAMAKA/UGBUGBU - IPOLE UGBUGBU PLAY GROUND,07-15-07-006
Benue,Ogbadibo,Ehaje II,EKERE/ERERU II - EKERE PRIMARY SCHOOL II,07-15-07-007
Benue,Ogbadibo,Itabono I,ANKPA/IGBODOME/ITOFU I - IGBODOME PLAY GROUND,07-15-08-001
Benue,Ogbadibo,Itabono I,"IGBOKWUBONU/AI-ONYEKE/UKALEGU - LGEA SCHOOL, UKALEGU",07-15-08-002
Benue,Ogbadibo,Itabono I,"IKWO/IGBIJI/AI-UJI - LGEA SCHOOL, EKE AKPA",07-15-08-003
Benue,Ogbadibo,Itabono I,"IGA/UROKO/OLEFU - LGEA SCHOOL, IGA/UROKO",07-15-08-004
Benue,Ogbadibo,Itabono I,ANKPA/IGBODOME/ITOFU II - IGBODOME PLAY GROUND,07-15-08-005
Benue,Ogbadibo,Itabono I,"IGA/UROKO/OLEFU II - LGEA SCHOOL, IGA/UROKO",07-15-08-006
Benue,Ogbadibo,Itabono I,OTUKPA UKALEGU PLAYGROUND,07-15-08-007
Benue,Ogbadibo,Itabono I,AI-UJI PLAYGROUND,07-15-08-008
Benue,Ogbadibo,Itabono II,IPOLE-ITABONO - EDE MARKET SQUARE,07-15-09-001
Benue,Ogbadibo,Itabono II,EHA-ULEKE/AI-UJA - AI-UJA PRIMARY SCHOOL,07-15-09-002
Benue,Ogbadibo,Itabono II,OKPUDU/OKPOTO/IKPOCHI/EHICHO I - AHO OKPUDU MARKET SQUARE,07-15-09-003
Benue,Ogbadibo,Itabono II,"OKPUDU/OKPOTO/OGBE MARKET II - LGEA SCHOOL, OKPUDU",07-15-09-004
Benue,Ogbadibo,Itabono II,AI-EDE - AKPUGO PLAY GROUND,07-15-09-005
Benue,Ogbadibo,Itabono II,OGWURUTE I - OFU - OGWURUTE AI-AROSA HALL,07-15-09-006
Benue,Ogbadibo,Itabono II,OBENJIRA/IPOLE EJAA - IPOLE EJAA PLAY GROUND,07-15-09-007
Benue,Ogbadibo,Itabono II,AMEJO/OLEMPE/EJAA/AGBEBO - AGBEBO PLAY GROUND,07-15-09-008
Benue,Ogbadibo,Itabono II,OGWURUTE II - AKPAROJI - OGWURUTE,07-15-09-009
Benue,Ogbadibo,Itabono II,OBENJIRA TOWN HALL,07-15-09-010
Benue,Ogbadibo,Olachagbaha,IPISU/OLACHAGBAHA I - OLACHAGBAHA PRIMARY SCHOOL,07-15-10-001
Benue,Ogbadibo,Olachagbaha,IPISU/OLA II - OPU OLACHA,07-15-10-002
Benue,Ogbadibo,Olachagbaha,OGBADIBO - PLAY GROUND,07-15-10-003
Benue,Ogbadibo,Olachagbaha,OLEMPE - PLAY GROUND,07-15-10-004
Benue,Ogbadibo,Olachagbaha,UKWOGBO I - MARKET SQUARE,07-15-10-005
Benue,Ogbadibo,Olachagbaha,UKWOGBO II - UKWOGBO MOTOR PARK,07-15-10-006
Benue,Ogbadibo,Olachagbaha,ENYIKWO - CHIN PLAYGROUND,07-15-10-007
Benue,Ogbadibo,Olachagbaha,IPISU PLAYGROUND,07-15-10-008
Benue,Ogbadibo,Olachagbaha,ALOHI - ALOMA JUNCTION OLACHAGBAHA,07-15-10-009
Benue,Ogbadibo,Orokam I,ADUPI MISSION - ADUPI PRIMARY SCHOOL,07-15-11-001
Benue,Ogbadibo,Orokam I,IPOLE-IGWU I - PLAY GROUND,07-15-11-002
Benue,Ogbadibo,Orokam I,IPOLE-IGWU II - LGEA SCHOOL I,07-15-11-003
Benue,Ogbadibo,Orokam I,UKPORO/AGIRA - UKPORO PLAY GROUND,07-15-11-004
Benue,Ogbadibo,Orokam I,IPOLE ADUPI - ADUPI MARKET SQUARE,07-15-11-005
Benue,Ogbadibo,Orokam I,ADUPI EJULE - OFU EJULE,07-15-11-006
Benue,Ogbadibo,Orokam I,UKALEGWU/IGWU - UKALEGWU PLAY GROUND,07-15-11-007
Benue,Ogbadibo,Orokam I,ADE IGWU - ADE IGWU PLAY GROUND,07-15-11-008
Benue,Ogbadibo,Orokam I,EHA ISHILOR/EGWUDELE - EKE MARKET SQUARE,07-15-11-009
Benue,Ogbadibo,Orokam I,UKPOKWU/ODA/OBU/ECHECHOFU - OBU PLAY GROUND,07-15-11-010
Benue,Ogbadibo,Orokam I,OFU-IBIRADU/OGBENDA - OFU OGBENDA,07-15-11-011
Benue,Ogbadibo,Orokam I,OSUPI - UKPORO PLAYGROUND,07-15-11-012
Benue,Ogbadibo,Orokam I,"AKPA, ADUPI PLAYGROUND",07-15-11-013
Benue,Ogbadibo,Orokam II,OLECHE-ODONGA AKOR - ODONGO PLAY GROUND,07-15-12-001
Benue,Ogbadibo,Orokam II,ENYAJURU AKOR - OFU ENYAJURU,07-15-12-002
Benue,Ogbadibo,Orokam II,UGBUGBUAKOR/ONISHA/AKOR I - UGBUGBU PLAY GROUND,07-15-12-003
Benue,Ogbadibo,Orokam II,IPULE OKO - PLAY GROUND,07-15-12-004
Benue,Ogbadibo,Orokam II,"COURT OKO/CAMP. CENTRE - NEAR HEALTH CENTRE COURT, OKO",07-15-12-005
Benue,Ogbadibo,Orokam II,"OGWURUTE OKO - LGEA SCHOOL, OGWU",07-15-12-006
Benue,Ogbadibo,Orokam II,"OCHEJE OKO/IMEYIOKO - LGEA SCHOOL, OCHEJE",07-15-12-007
Benue,Ogbadibo,Orokam II,"IPOLE IYIRU - LGEA SCHOOL, IYIRU",07-15-12-008
Benue,Ogbadibo,Orokam II,ADUM OKO - ADUM PLAY GROUND,07-15-12-009
Benue,Ogbadibo,Orokam II,IPOLE AKOR/UDA BODU - OFU AKOR,07-15-12-010
Benue,Ogbadibo,Orokam II,UGBUGBU-AKOR/ONITSHA-AKOR II,07-15-12-011
Benue,Ogbadibo,Orokam II,OFU - OGBA PLAYGROUND,07-15-12-012
Benue,Ogbadibo,Orokam II,OFU COURT OKO,07-15-12-013
Benue,Ogbadibo,Orokam II,OFU OGOR PLAYGROUND,07-15-12-014
Benue,Ogbadibo,Orokam III,UTURE - OFU UTURE,07-15-13-001
Benue,Ogbadibo,Orokam III,EJEMA/AI-ONA/OFOMA/EJEMA - OFU EJEMA,07-15-13-002
Benue,Ogbadibo,Orokam III,UGBOGIDI/AIONA/EFOMA/ALAGIRAN - OFU AI-OGA,07-15-13-003
Benue,Ogbadibo,Orokam III,AIGBENA AIONA/OSHUROKO/ALAGIRINA - AIGBENA PRIMARY SCHOOL,07-15-13-004
Benue,Ogbadibo,Orokam III,ENUMADU/EBALA - OFU ENUMADU,07-15-13-005
Benue,Ogbadibo,Orokam III,ADUM AIONA/EHA IDIRI/IGWU/ARIRI - AI-ONA PRIMARY SCHOOL,07-15-13-006
Benue,Ogbadibo,Orokam III,AMEJU/AJAA - AMEJU PLAY GROUND,07-15-13-007
Benue,Ogbadibo,Orokam III,UKALU/LAFIA/EFUGO/OCHAGWU - EFUGO PLAY GROUND,07-15-13-008
Benue,Ogbadibo,Orokam III,ADUM AI-ONA/EHAIDIRI/IGWU/ARIRI II - IGWU - ARIRI PLAYGROUND,07-15-13-009
Benue,Ogbadibo,Orokam III,"LGEA PRIMARY SCH, OFU UGBA UTURE",07-15-13-010
Benue,Ogbadibo,Orokam III,"OFU, AI ABA",07-15-13-011
Benue,Ohimini,Agadagba,CLASS ROOM/OHUGBINE PRIMARY SCHOOL,07-17-01-001
Benue,Ohimini,Agadagba, CLASS ROOM/AKWUNU PRIMARY SCHOOL,07-17-01-002
Benue,Ohimini,Agadagba, CLASS ROOM/EBU PRIMARY SCHOOL,07-17-01-003
Benue,Ohimini,Agadagba,CLASS ROOM/OPKLIGIDI PRIMARY SCHOOL,07-17-01-004
Benue,Ohimini,Agadagba, OPEN SPACE/ANKPA OPEN SPACE,07-17-01-005
Benue,Ohimini,Agadagba,OPEN SPACE/EMICHI PLAY GROUND,07-17-01-006
Benue,Ohimini,Agadagba,OPEN SPACE/IGBANO MAJE,07-17-01-007
Benue,Ohimini,Agadagba,OPEN SPACE/AKPUKA PLAY GROUND,07-17-01-008
Benue,Ohimini,Agadagba,OPEN SPACE/EDIFA,07-17-01-009
Benue,Ohimini,Agadagba,AKPEWO OPEN SPACE,07-17-01-010
Benue,Ohimini,Agadagba, PLAY GROUND/AKWUNU VILLAGE,07-17-01-011
Benue,Ohimini,Agadagba, EBU PLAY GROUND,07-17-01-012
Benue,Ohimini,Awume Ehaje, OPEN SPACE/AJEGBE PRIMARY SCHOOL,07-17-02-001
Benue,Ohimini,Awume Ehaje,CLASS ROOM/IPIGA PRIMARY SCHOOL,07-17-02-002
Benue,Ohimini,Awume Ehaje,OPEN SPACE/EKPULU PRIMARY SCHOOL,07-17-02-003
Benue,Ohimini,Awume Ehaje,OPEN SPACE/OLAI-OCHIGBO,07-17-02-004
Benue,Ohimini,Awume Ehaje,JERICHO OPEN SPACE,07-17-02-005
Benue,Ohimini,Awume Icho,CLASS ROOM/EJULE PRIMARY SCHOOL,07-17-03-001
Benue,Ohimini,Awume Icho,CLASS ROOM/AKPUTULO PRIMARY SCHOOL,07-17-03-002
Benue,Ohimini,Awume Icho,CLASS ROOM/OTOLI PRIMARY SCHOOL,07-17-03-003
Benue,Ohimini,Awume Icho,CLASS ROOM/ONDO/OLABE PRIMARY SCHOOL,07-17-03-004
Benue,Ohimini,Awume Icho, OPEN SPACE/OLAIGA - OPEN SPACE,07-17-03-005
Benue,Ohimini,Ehatokpe,PLAY GROUND/UGENE PLAY GROUND,07-17-04-001
Benue,Ohimini,Ehatokpe,CLASS ROOM/EHATOKPE PRIMARY SCHOOL,07-17-04-002
Benue,Ohimini,Ehatokpe,OPEN SPACE/ANMEJI OPEN SPACE,07-17-04-003
Benue,Ohimini,Ehatokpe,OPEN SPACE/AI-OKE UGENE,07-17-04-004
Benue,Ohimini,Ehatokpe,OPEN SPACE/OLA-AME,07-17-04-005
Benue,Ohimini,Ehatokpe,EHATOKPE OPEN SPACE,07-17-04-006
Benue,Ohimini,Ehatokpe,UGENE-EHAJE TOWN HALL,07-17-04-007
Benue,Ohimini,Ehatokpe,IPU-KWABA PLAY GROUND,07-17-04-008
Benue,Ohimini,Idekpa,CLASS ROOM/IDEKPA PRIMARY SCHOOL,07-17-05-001
Benue,Ohimini,Idekpa,PRIMARY SCHOOL/ODELLE,07-17-05-002
Benue,Ohimini,Idekpa,OPEN SPACE/UKPOBI ANYUWA,07-17-05-003
Benue,Ohimini,Idekpa,OPEN SPACE/ONYILABA,07-17-05-004
Benue,Ohimini,Idekpa,PLAY GROUNDS/EYI-UKPOBI,07-17-05-005
Benue,Ohimini,Idekpa,OPEN SPACE/OLAIGBECHE,07-17-05-006
Benue,Ohimini,Idekpa,MARKET SQUARE IDEKPA,07-17-05-007
Benue,Ohimini,Idekpa,BESIDE LGA SECRETARIAT,07-17-05-008
Benue,Ohimini,Idekpa,IPIGA/UKPOBI OPEN SPACE,07-17-05-009
Benue,Ohimini,Ochobo,OPEN SPACE/OCHOBO OPEN SPACE,07-17-06-001
Benue,Ohimini,Ochobo,OPEN SPACE/AI-OGWUCHE,07-17-06-002
Benue,Ohimini,Ochobo,OPEN SPACE/AI-ODUFU OPEN SPACE,07-17-06-003
Benue,Ohimini,Ochobo,OPEN SPACE/AI-AGABI OPEN SPACE,07-17-06-004
Benue,Ohimini,Ochobo,LGEA PRIM. SCH. OCHOBO/AJEGBA,07-17-06-005
Benue,Ohimini,Ochobo,"HAMDALA-IPOLE, OCHOBO",07-17-06-006
Benue,Ohimini,Ochobo,OCHOBO PLAY GROUND,07-17-06-007
Benue,Ohimini,Oglewu Ehaje,OPEN SPACE/ATLO OPEN SPACE,07-17-07-001
Benue,Ohimini,Oglewu Ehaje,CLASS ROOM/IJAMI PRIMARY SCHOOL,07-17-07-002
Benue,Ohimini,Oglewu Ehaje,PLAY GROUND/AGBOKE PRIMARY SCHOOL,07-17-07-003
Benue,Ohimini,Oglewu Ehaje,OPEN SPACE/IDABI OPEN SPACE,07-17-07-004
Benue,Ohimini,Oglewu Ehaje,OPEN SPACE/LEPER SETTLEMENT,07-17-07-005
Benue,Ohimini,Oglewu Ehaje,OPEN SPACE/ANMODA,07-17-07-006
Benue,Ohimini,Oglewu Ehaje,LGEA PRIM. SCH. AWULEMA,07-17-07-007
Benue,Ohimini,Oglewu Ehaje,AGBOKE OPEN SPACE,07-17-07-008
Benue,Ohimini,Oglewu Ehaje,"OPEN SPACE, PRIM. HEALTH CLINIC, ATLO",07-17-07-009
Benue,Ohimini,Oglewu Ehaje,OJANO-IJAMI OPEN SPACE,07-17-07-010
Benue,Ohimini,Oglewu Ehaje,LGEA PRIM. SCH. ATAKPA,07-17-07-011
Benue,Ohimini,Oglewu Icho,PRIMARY SCHOOL ANWULE,07-17-08-001
Benue,Ohimini,Oglewu Icho,CPEN SPACE/AI-OGA OPEN SPACE,07-17-08-002
Benue,Ohimini,Oglewu Icho,CLASS ROOM/EBOYA PRIMARY SCHOOL,07-17-08-003
Benue,Ohimini,Oglewu Icho,CLASS ROOM/ANKPECHI PRIMARY SCHOOL,07-17-08-004
Benue,Ohimini,Oglewu Icho, CLASS ROOM/ALAGLANU PRIMARY SCHOOL,07-17-08-005
Benue,Ohimini,Oglewu Icho,OPEN SPACE/OKETE OJALI,07-17-08-006
Benue,Ohimini,Oglewu Icho,OPEN SPACE/ELULU OPEN SPACE,07-17-08-007
Benue,Ohimini,Oglewu Icho,OPEN SPACE/AI-EGAJI,07-17-08-008
Benue,Ohimini,Oglewu Icho, PLAY GROUND/ANWULE WEST,07-17-08-009
Benue,Ohimini,Oglewu Icho,"CEFN, ONYEPA.",07-17-08-010
Benue,Ohimini,Oglewu Icho, METHODIST HIGH SCHOOL,07-17-08-011
Benue,Ohimini,Oglewu Icho,LGEA PRIM. SCH. OMUTELE,07-17-08-012
Benue,Ohimini,Oglewu Icho,AWULETOWN HALL/OPEN SPACE,07-17-08-013
Benue,Ohimini,Onyagede-Ehaje (Alle),OPEN SPACE/ABAKPA BARRACKS,07-17-09-001
Benue,Ohimini,Onyagede-Ehaje (Alle),PRIMARY SCHOOL/OGODU,07-17-09-002
Benue,Ohimini,Onyagede-Ehaje (Alle),OPEN SPACE/OLAHAMA,07-17-09-003
Benue,Ohimini,Onyagede-Ehaje (Alle),PRIMARY SCHOOL/AMOKE,07-17-09-004
Benue,Ohimini,Onyagede-Ehaje (Alle),MARKET SQUARE/ABAKPA BARRACKS,07-17-09-005
Benue,Ohimini,Onyagede-Ehaje (Alle),OPEN SPACE/UNMONOMI,07-17-09-006
Benue,Ohimini,Onyagede-Ehaje (Alle),IKPOKE/OGANDE PLAY GROUND,07-17-09-007
Benue,Ohimini,Onyagede-Ehaje (Alle),OPEN SPACE ABAKPA CENTRAL,07-17-09-008
Benue,Ohimini,Onyagede-Ehaje (Alle),UNMONOMI PLAY GROUND,07-17-09-009
Benue,Ohimini,Onyagede-Icho (Ogoli),CLASS ROOM/ODEGA PRIMARY SCHOOL,07-17-10-001
Benue,Ohimini,Onyagede-Icho (Ogoli),OPEN SPACE/ADANKALI OPEN SPACE,07-17-10-002
Benue,Ohimini,Onyagede-Icho (Ogoli),OPEN SPACE/AI-ADAMA/IYAYA,07-17-10-003
Benue,Ohimini,Onyagede-Icho (Ogoli),CLASS ROOM/INYOJI SEC. SCHOOL,07-17-10-004
Benue,Ohimini,Onyagede-Icho (Ogoli), OPEN SPACE/OGOLI OPEN SPACE,07-17-10-005
Benue,Ohimini,Onyagede-Icho (Ogoli),PRIMARY SCHOOL/OTOJE VILLAGE,07-17-10-006
Benue,Ohimini,Onyagede-Icho (Ogoli),IYAYA PLAY GROUND,07-17-10-007
Benue,Ohimini,Onyagede-Icho (Ogoli)," OPEN SPACE, OGOLI TOWN HALL.",07-17-10-008
Benue,Oju,Okpokpo,EBENTA I - PLAY GROUND,07-16-08-001
Benue,Oju,Okpokpo,EBENTA II - PLAY GROUND,07-16-08-002
Benue,Oju,Okpokpo,AGBAJA/OBANIWE - PLAY GROUND,07-16-08-003
Benue,Oju,Okpokpo,ARIGEDE-PLAY GROUND,07-16-08-004
Benue,Oju,Okpokpo,IGWE EBONG - PLAY GROUND,07-16-08-005
Benue,Oju,Okpokpo,IGWE OMACHI - PLAY GROUND,07-16-08-006
Benue,Oju,Okpokpo,IGWE ETTE - PLAY GROUND,07-16-08-007
Benue,Oju,Okpokpo,UBELLE - PLAY GROUND,07-16-08-008
Benue,Oju,Okpokpo,UDA- PLAY GROUND ,07-16-08-009
Benue,Oju,Okpokpo,IGWOKE I - PLAY GROUND,07-16-08-010
Benue,Oju,Okpokpo,IGWOKE I - PLAY GROUND,07-16-08-011
Benue,Oju,Okpokpo,IGWOKE II - PLAY GROUND,07-16-08-012
Benue,Oju,Okpokpo,ANYADIROGA - PLAY GROUND,07-16-08-013
Benue,Oju,Okpokpo,IKORI II - PRIMARY SCHOOL I,07-16-08-014
Benue,Oju,Okpokpo,OWORI OBUTU I - PLAY GROUND,07-16-08-015
Benue,Oju,Okpokpo,OWORI OBUTU II - PLAY GROUND,07-16-08-016
Benue,Oju,Okpokpo,IGBEGI IPINU - PLAY GROUND,07-16-08-017
Benue,Oju,Okpokpo,IGBEGE IPINU - PLAY GROUND,07-16-08-018
Benue,Oju,Okpokpo,IGBEGI ODEHE - PLAY  GROUND,07-16-08-019
Benue,Oju,Okpokpo,AGBAJA/OBANIWE II - PLAY GROUND,07-16-08-020
Benue,Oju,Okpokpo,IGWE EBONG II,07-16-08-021
Benue,Oju,Okwudu,UKPIRI  IKWOKWU-OPEN SPACE,07-16-09-001
Benue,Oju,Okwudu,ANYIKPOMU IKWOKWU- OPEN  SPACE,07-16-09-002
Benue,Oju,Okwudu,ANYODE/UBOGUN/AGBACH- OPEN SPACE,07-16-09-003
Benue,Oju,Okwudu,ODALEKE/ETADUM-OPEN SPACE,07-16-09-004
Benue,Oju,Okwudu,ETADUM IKWOKU- OPEN SPACE ,07-16-09-005
Benue,Oju,Okwudu,INYUMA I-OPEN SPACE,07-16-09-006
Benue,Oju,Okwudu,OJOKWE/IHIO/EGAWU-OPEN SPACE ,07-16-09-007
Benue,Oju,Okwudu,INYUMA II-OPEN SPACE,07-16-09-008
Benue,Oju,Okwudu,OJOKWE/OJOMA- OPEN SPACE,07-16-09-009
Benue,Oju,Okwudu,OJOKWE/EFOJIO/OGBODO/ENUGU-OPEN SPACE ,07-16-09-010
Benue,Oju,Okwudu,ANYODE/UBOGUN/AGBACH II- OPEN SPACE,07-16-09-011
Benue,Oju,Okwudu,EFOJI OPEN SPACE,07-16-09-012
Benue,Oju,Owo,AMEKA I-PLAY GROUND,07-16-10-001
Benue,Oju,Owo,AMEKA II-PRIMARY SCHOOL,07-16-10-002
Benue,Oju,Owo, OHOHO- PLAY GROUND,07-16-10-003
Benue,Oju,Owo,ADUM- PLAY GROUND,07-16-10-004
Benue,Oju,Owo,OPIEM-PLAY GROUND,07-16-10-005
Benue,Oju,Owo,OHUHU I- PLAY GROUND,07-16-10-006
Benue,Oju,Owo,OHUHU II- PRIMARY SCHOOL,07-16-10-007
Benue,Oju,Owo,IKWATA - PLAY GROUND,07-16-10-008
Benue,Oju,Owo,OMUA I-PLAY GROUND,07-16-10-009
Benue,Oju,Owo,OMUA II-PLAY GROUND,07-16-10-010
Benue,Oju,Owo,OJIYA OKPOKPO IYE -IGBE,07-16-10-011
Benue,Oju,Owo,UWANGO  PLAY GROUND,07-16-10-012
Benue,Oju,Owo,OHOHO PRIMARY SCHOOL,07-16-10-013
Benue,Oju,Owo,IHIOBILA-ADUMM MARKET SQUARE,07-16-10-014
Benue,Oju,Owo,OHOHO OHUHU PLAYGROUND,07-16-10-015
Benue,Oju,Ukpa/Ainu Ette,IHIEJWO MARKET - OPP.MARKET,07-16-11-001
Benue,Oju,Ukpa/Ainu Ette,OGENGEN - OPEN SPACE,07-16-11-002
Benue,Oju,Ukpa/Ainu Ette,UMODE - PRIMARY SCHOOL,07-16-11-003
Benue,Oju,Ukpa/Ainu Ette,OCHODU - OPEN SPACE,07-16-11-004
Benue,Oju,Ukpa/Ainu Ette,ONYOHU - OPEN SPACE,07-16-11-005
Benue,Oju,Ukpa/Ainu Ette,ONU - OPEN  SPACE ,07-16-11-006
Benue,Oju,Ukpa/Ainu Ette,UKPUTE AINU - OPEN SPACE ,07-16-11-007
Benue,Oju,Ukpa/Ainu Ette,OHUMA -OPEN SPACE,07-16-11-008
Benue,Oju,Ukpa/Ainu Ette,EBONDA - OPEN SPACE,07-16-11-009
Benue,Oju,Ukpa/Ainu Ette,ADUMEGWU/AGIDEGBE-OPEN SPACE,07-16-11-010
Benue,Oju,Ukpa/Ainu Ette,IKACHI I - OPEN SPACE,07-16-11-011
Benue,Oju,Ukpa/Ainu Ette,IKACHI II - OPEN SPACE,07-16-11-012
Benue,Oju,Ukpa/Ainu Ette,OYIWO - OPEN SPACE,07-16-11-013
Benue,Oju,Ukpa/Ainu Ette,UKPUTE OHUMA - OPEN SPACE ,07-16-11-014
Benue,Oju,Ukpa/Ainu Ette,OBIBAGWU - OPEN SPACE,07-16-11-015
Benue,Oju,Ukpa/Ainu Ette,OBACHITA - OPEN SPACE,07-16-11-016
Benue,Oju,Ukpa/Ainu Ette,UKPUTE AINU II - OPEN SPACE,07-16-11-017
Benue,Oju,Ukpa/Ainu Ette,IHIEJWO MARKET  SQUARE 2,07-16-11-018
Benue,Oju,Ukpa/Ainu Ette,OBA OLORI OPEN SPACE,07-16-11-019
Benue,Oju,Ukpa/Ainu Ette,UGBOGWU OPEN SPACE,07-16-11-020
Benue,Oju,Ukpa/Ainu Ette,UMODA PRI. HEALTH CARE     ,07-16-11-021
Benue,Oju,Ukpa/Ainu Ette,OJIYA PLAYGROUND,07-16-11-022
Benue,Oju,Ukpa/Ainu Ette,ANYOGBE OPEN SPACE,07-16-11-023
Benue,Oju,Ukpa/Ainu Ette,OBOTU/EKINGO PLAYGROUND,07-16-11-024
Benue,Oju,Ukpa/Ainu Ette,IHIO MARKET SQUARE,07-16-11-025
Benue,Oju,Ukpa/Ainu Ette,UJE ADALA P/SCHOOL,07-16-11-026
Benue,Oju,Ukpa/Ainu Ette,OJIYA  PLAYGROUND,07-16-11-027
Benue,Oju,Ukpa/Ainu Ette,L.G.E.A  P/SCH IKACHI,07-16-11-028
Benue,Oju,Ukpa/Ainu Ette,EJE - OPILA OPEN SPACE,07-16-11-029
Benue,Oju,Ukpa/Ainu Ette,UWA  MARKET SQUARE,07-16-11-030
Benue,Oju,Ukpa/Ainu Ette,IMA AINU P/SCHOOL,07-16-11-031
Benue,Oju,Ukpa/Ainu Ette,AKWUIMA OPEN SPACE,07-16-11-032
Benue,Oju,Ukpa/Ainu Ette,UKPUTE HEALTH CENTER,07-16-11-033
Benue,Okpokwu,Amejo,OGBODO PRIMARY SCHOOL - OGBODO,07-18-01-001
Benue,Okpokwu,Amejo,IJEGE/ODUGA/OGWUDOJA PLAY GROUND - IJEGA,07-18-01-002
Benue,Okpokwu,Amejo,OLANYEGA COURT HALL - OLANYEGA,07-18-01-003
Benue,Okpokwu,Amejo,OTOBI/ONYAYI PRIMARY SCHOOL - OTOBI,07-18-01-004
Benue,Okpokwu,Amejo,OPIDLO PLAY GROUND - OPIDLO,07-18-01-005
Benue,Okpokwu,Amejo,OGENE OPEN SPACE - OGENE,07-18-01-006
Benue,Okpokwu,Amejo,OLAICHAKWU OPEN SPACE - OLAICHAKWU,07-18-01-007
Benue,Okpokwu,Amejo,OGBEHE OGBODO OPEN SPACE,07-18-01-008
Benue,Okpokwu,Amejo,IJEGE EXPRESS,07-18-01-009
Benue,Okpokwu,Amejo,OKPUDO OLANYEGA OPEN SPACE,07-18-01-010
Benue,Okpokwu,Amejo,ONYAYI PRIMARY SCHOOL,07-18-01-011
Benue,Okpokwu,Amejo,IJAJI OPEN SPACE - OGENE,07-18-01-012
Benue,Okpokwu,Amejo,ODUDA OPEN SPACE,07-18-01-013
Benue,Okpokwu,Eke,AJIDE PRIMARY SCHOOL - AJIDE,07-18-02-001
Benue,Okpokwu,Eke,OMAIKPO PLAY GROUND - OMAIKPO,07-18-02-002
Benue,Okpokwu,Eke,OGBULO/IPOLE PLAY GROUND - OGBULO,07-18-02-003
Benue,Okpokwu,Eke,OMLOKPO PLAY GROUND - OMLOKPO,07-18-02-004
Benue,Okpokwu,Eke,OLENGBECHO OPEN SPACE - OLENGBECHO,07-18-02-005
Benue,Okpokwu,Eke,OBUTU - IONO PLAY GROUND - OBUTU - IONO,07-18-02-006
Benue,Okpokwu,Eke,OTODU - EHAJE PLAY GROUND - OTODU - EHAJE,07-18-02-007
Benue,Okpokwu,Eke,EKWU I PLAY GROUND - EKWU,07-18-02-008
Benue,Okpokwu,Eke,EKWU II PLAY GROUND - EKWU,07-18-02-009
Benue,Okpokwu,Eke,AIKPASU OPEN SPACE OGBLEGA - EHAJI,07-18-02-010
Benue,Okpokwu,Eke,OGODUMU OPEN SPACE - OGODUMU,07-18-02-011
Benue,Okpokwu,Eke,JERICHO EKE PRIMARY SCHOOL - JERICHO - EKE,07-18-02-012
Benue,Okpokwu,Eke,OGBLEGA - ICHO PLAY GROUND - OGBLEGA - ICHO,07-18-02-013
Benue,Okpokwu,Eke,AJIDE OPEN SPACE - AJIDE,07-18-02-014
Benue,Okpokwu,Eke,EKE MARKET OPEN SPACE,07-18-02-015
Benue,Okpokwu,Eke,AI - ADOGBO PLAY GROUND,07-18-02-016
Benue,Okpokwu,Eke,OLEMGBECHO CAMP,07-18-02-017
Benue,Okpokwu,Ichama II,ICHAMA CENTRAL PRIMARY SCHOOL - ICHAMA,07-18-03-001
Benue,Okpokwu,Ichama II,AI - AGBO PLAY GROUND - AI - AGBO,07-18-03-002
Benue,Okpokwu,Ichama II,OJOCHA PLAY GROUND - OJOCHA,07-18-03-003
Benue,Okpokwu,Ichama II,OMAKIDO OPEN SPACE - OMAIDO,07-18-03-004
Benue,Okpokwu,Ichama II,OMA/ADOMA OPEN SPACE - OMA,07-18-03-005
Benue,Okpokwu,Ichama II,AI - EJE PRIMARY SCHOOL - AI - EJE,07-18-03-006
Benue,Okpokwu,Ichama II,ICHAMA II MARKET SQUARE - ICHAMA,07-18-03-007
Benue,Okpokwu,Ichama II,ICHAMA CENTRAL PRIMARY SCHOOL II,07-18-03-008
Benue,Okpokwu,Ojigo,AKPOGA PLAY GROUND - AKPOGA,07-18-04-001
Benue,Okpokwu,Ojigo,AKPODO PLAY GROUND - AKPODO,07-18-04-002
Benue,Okpokwu,Ojigo,IMAFU IKPOKE PRIMARY SCHOOL - IMAFU IKPOKE,07-18-04-003
Benue,Okpokwu,Ojigo,IMAFU IPOLE PRIM. SCH. - IMAFU PRIM. SCH. IMAFU IPOLE,07-18-04-004
Benue,Okpokwu,Ojigo,ELEGWU EFFECHE OPEN SPACE - ELUGWU,07-18-04-005
Benue,Okpokwu,Ojigo,EFFENCHE AI - ONA PRIMARY SCHOOL - EFFENCHE,07-18-04-006
Benue,Okpokwu,Ojigo,AGAMUDU PLAY GROUND - AGAMUDU,07-18-04-007
Benue,Okpokwu,Ojigo,OJAPO MARKET SQUARE - OJAPO,07-18-04-008
Benue,Okpokwu,Ojigo,EFFIOM I PLAY GROUND - EFFIOM,07-18-04-009
Benue,Okpokwu,Ojigo,EFFIOM II PLAY GROUND - EFFIOM,07-18-04-010
Benue,Okpokwu,Ojigo,AGWANGWE ANMODA PLAY GROUND - AGWANGWE,07-18-04-011
Benue,Okpokwu,Ojigo,OMUSU AKANA PRIMARY SCHOOL - OMUSU,07-18-04-012
Benue,Okpokwu,Ojigo,OKPOLIKPO PLAY GROUND - OKPOLIKPO,07-18-04-013
Benue,Okpokwu,Ojigo,IGAMA/AGILA/OLAINYA OPEN SPACE - IGAMA,07-18-04-014
Benue,Okpokwu,Ojigo,OLADEGBO PLAY GROUND OLADEGBO,07-18-04-015
Benue,Okpokwu,Ojigo,OPIALU I PLAY GROUND - OPIALU,07-18-04-016
Benue,Okpokwu,Ojigo,OPIALU II PLAY GROUND - OPIALU,07-18-04-017
Benue,Okpokwu,Ojigo,OJIGO TOWN PLAY GROUND - OJIGO TOWN,07-18-04-018
Benue,Okpokwu,Ojigo,OLAIDU PLAY GROAUND - OLAIDU,07-18-04-019
Benue,Okpokwu,Ojigo,IJEHA/OTOBI PLAY GROUND - IJAHA,07-18-04-020
Benue,Okpokwu,Ojigo,EJAMA PLAY GROUND - EJAMA,07-18-04-021
Benue,Okpokwu,Ojigo,OJAPO MARKET SQUARE II,07-18-04-022
Benue,Okpokwu,Ojigo,OJIGO TOWN PLAYGROUND II,07-18-04-023
Benue,Okpokwu,Ojoga,AI - EBIEGA OPEN SPACE - AI - EBIEGA,07-18-05-001
Benue,Okpokwu,Ojoga,OLAIDU PRIMARY SCHOOL - OLAIDU,07-18-05-002
Benue,Okpokwu,Ojoga,OJOGA I OPEN SPACE - OJOGA,07-18-05-003
Benue,Okpokwu,Ojoga,OJOGA II MARKET SQUARE - OJOGA,07-18-05-004
Benue,Okpokwu,Ojoga,IJAJU/AI - OKPE/AI - ONA PRIMARY SCHOOL - IJAJU,07-18-05-005
Benue,Okpokwu,Ojoga,OKORO/IWERE PLAY GROUND - OKORO,07-18-05-006
Benue,Okpokwu,Ojoga,IPOLE ICHAMA PRIMARY SCHOOL - IPOLE,07-18-05-007
Benue,Okpokwu,Okonobo,OKPAFIE PRIMARY SCHOOL - OKPAFIE,07-18-06-001
Benue,Okpokwu,Okonobo,EFFOYO PRIMARY SCHOOL - EFFOYO,07-18-06-002
Benue,Okpokwu,Okonobo,OKOTO/OLLO PRIMARY SCHOOL - OKOTO,07-18-06-003
Benue,Okpokwu,Okonobo,EBOYA AI - AKOR PLAY GROUND - EBOYA,07-18-06-004
Benue,Okpokwu,Okonobo,IWEWE PLAY GROUND - IWEWE,07-18-06-005
Benue,Okpokwu,Okonobo,OLAGO PLAY GROUND - OLAGO,07-18-06-006
Benue,Okpokwu,Okonobo,"IGBANDLA OPEN SPACE, OKPAFIE",07-18-06-007
Benue,Okpokwu,Okonobo,OMADEWU PRIMARY SCHOOL,07-18-06-008
Benue,Okpokwu,Okonobo,LGEA PRIMARY SCHOOL,07-18-06-009
Benue,Okpokwu,Okonobo,EBOYA AI - AKOR PLAYGROUND - OKONOBO,07-18-06-010
Benue,Okpokwu,Okonobo,"UJAH PLAYGROUND, OKONOBO",07-18-06-011
Benue,Okpokwu,Okpaile/Ingile,OTANUFIE PRIMARY SCHOOL - OTANUFIE,07-18-07-001
Benue,Okpokwu,Okpaile/Ingile,EFFONUGWU PLAY GROUND - OFFONUGWU,07-18-07-002
Benue,Okpokwu,Okpaile/Ingile,OKPALE OTTA PRIMARY SCHOOL - OKPALE OTTA,07-18-07-003
Benue,Okpokwu,Okpaile/Ingile,OLAICHE/OLAJOGWU PLAY GROUND - OLAICHE,07-18-07-004
Benue,Okpokwu,Okpaile/Ingile,AI - AGBAOGODO PLAY GROUND - AI - AGBAOGODO,07-18-07-005
Benue,Okpokwu,Okpaile/Ingile,IPOYA/OLA - OLEJE - OPEN SPACE - IPOYA,07-18-07-006
Benue,Okpokwu,Okpaile/Ingile,UBEGBA PLAY GROUND - UBEGBA,07-18-07-007
Benue,Okpokwu,Okpaile/Ingile,AI - EDE PLAY GROUND - AI - EDE,07-18-07-008
Benue,Okpokwu,Okpaile/Ingile,AI - OJOGWU PLAYGROUND,07-18-07-009
Benue,Okpokwu,Okpaile/Ingile,"OLA - OLEJE PLAYGROUND, OLA - OLEJE OKPALE",07-18-07-010
Benue,Okpokwu,Okpaile/Ingile,"AKPITODO PLAYGROUND, OKPALE - OTTA",07-18-07-011
Benue,Okpokwu,Okpoga Central,ADOSSA PLAY GROUND - ADOSSA,07-18-08-001
Benue,Okpokwu,Okpoga Central,COURT HALL - ODOSSA,07-18-08-002
Benue,Okpokwu,Okpoga Central,UGWQU PRIMARY SCHOOL - UGWO,07-18-08-003
Benue,Okpokwu,Okpoga Central,TUDUN WADA OPEN SPACE - TUDUN WADA,07-18-08-004
Benue,Okpokwu,Okpoga Central,OKPOGA FED. LOW COST OPEN SPACE - OKPOGA,07-18-08-005
Benue,Okpokwu,Okpoga Central,EHI - CHO UGWU,07-18-08-006
Benue,Okpokwu,Okpoga Central,ABOSSA CAMP DUNWADA,07-18-08-007
Benue,Okpokwu,Okpoga Central,"GENERAL HOSPITAL, OKPOGA",07-18-08-008
Benue,Okpokwu,Okpoga Central,"ST. MARY HOSPITAL, UGWU",07-18-08-009
Benue,Okpokwu,Okpoga Central,DISPENSARY UMEGWU,07-18-08-010
Benue,Okpokwu,Okpoga North,ONO - AI - DOGODO MARKET SQUARE - AI - DOGODO,07-18-09-001
Benue,Okpokwu,Okpoga North,AI - DOGODO PRIMARY SCHOOOL - AIDOGODO,07-18-09-002
Benue,Okpokwu,Okpoga North,EKE OPEN SPACE - ALAGLANU/OGWAGA,07-18-09-003
Benue,Okpokwu,Okpoga North,OTAMPE/OGWUCHE AKPA PRIMARY SCHOOL - OTAMPE,07-18-09-004
Benue,Okpokwu,Okpoga North,AKPARI/OKPUDU PLAY GROUND - AKPARI,07-18-09-005
Benue,Okpokwu,Okpoga North,UGBOGBO/ODEPE PLAY GROUND - UGBOGBO,07-18-09-006
Benue,Okpokwu,Okpoga North,OKPUDU/OLAOCHAYI PRIMARY SCHOOL - OKPUDU,07-18-09-007
Benue,Okpokwu,Okpoga North,IPOLE OKPUDU PLAY GROUND - IPOLE,07-18-09-008
Benue,Okpokwu,Okpoga North,ONO - ALIDOGODO MARKET SQUARE,07-18-09-009
Benue,Okpokwu,Okpoga North,"LGEA PRIMARY SCHOOL, OGBAGA",07-18-09-010
Benue,Okpokwu,Okpoga North,OTAMPE/OGWUCHE AKPA II,07-18-09-011
Benue,Okpokwu,Okpoga North,"ANYIRIGWAFU, OKPUDU",07-18-09-012
Benue,Okpokwu,Okpoga South,ADIGA/OKADOGA OPEN SPACE - AGIDA,07-18-10-001
Benue,Okpokwu,Okpoga South,DAINA MARKET SQUARE,07-18-10-002
Benue,Okpokwu,Okpoga South,AMEJU LGEA - AMEJU,07-18-10-003
Benue,Okpokwu,Okpoga South,AKPAKPA I & II PRIMARY SCHOOL - AKPAKPA,07-18-10-004
Benue,Okpokwu,Okpoga South,EFFENCHE/IGBERI OPEN SPACE - EFFENCHE,07-18-10-005
Benue,Okpokwu,Okpoga South,IKOMIJA I & II PLAY GROUND - IKOMIJA,07-18-10-006
Benue,Okpokwu,Okpoga South,ONMORIKPO PLAY GROUND - ONMORIKPO,07-18-10-007
Benue,Okpokwu,Okpoga South,ODIKPO PRIMARY SCHOOL - ODIKPO,07-18-10-008
Benue,Okpokwu,Okpoga South,"EKE MARKET SQUARE, EKE",07-18-10-009
Benue,Okpokwu,Okpoga West,AI - EDUGWU IDIRI OPEN SPACE - AI - EDUGWU,07-18-11-001
Benue,Okpokwu,Okpoga West,AI - UNWABA PLAY GROUND - AI - UNWABA,07-18-11-002
Benue,Okpokwu,Okpoga West,EDE PRIMARY SCHOOL - EDE,07-18-11-003
Benue,Okpokwu,Okpoga West,EDE MARKET SQUARE - EDE,07-18-11-004
Benue,Okpokwu,Okpoga West,IPOLE OKLENYI OPEN SPACE - IPOLE OKLENYI,07-18-11-005
Benue,Okpokwu,Okpoga West,OGENE OPEN SPACE - OGENE,07-18-11-006
Benue,Okpokwu,Okpoga West,OLAGBINO/OKADOGA PLAY GROUND - OLAGBINO - OKADOGA,07-18-11-007
Benue,Okpokwu,Ugbokolo,AI - OBIDA PLAY GROUND - AI - OBIDA - AI - CHODO,07-18-12-001
Benue,Okpokwu,Ugbokolo,AI - OKPE PRIMARY SCHOOL - AI - OKPE,07-18-12-002
Benue,Okpokwu,Ugbokolo,OLAEJA/OLAKPE OPEN SPACE - OLAEJE,07-18-12-003
Benue,Okpokwu,Ugbokolo,EFF I PRIMARY SCHOOL - EFFA I,07-18-12-004
Benue,Okpokwu,Ugbokolo,ONDO PLAY GROUND - ONDO,07-18-12-005
Benue,Okpokwu,Ugbokolo,AI - IKPLA PRIMARY SCHOOL - AI - IKPLA,07-18-12-006
Benue,Okpokwu,Ugbokolo,AKPALI PLAY GROUND - AKPALI,07-18-12-007
Benue,Okpokwu,Ugbokolo,OKWUNGAGAV/EFFECHE OPEN SPACE - OKWUNAGAV,07-18-12-008
Benue,Okpokwu,Ugbokolo,ODESSASSA PRIMARY SCHOOL I - ODESSASSA,07-18-12-009
Benue,Okpokwu,Ugbokolo,ODESSASSA PRIMARY SCHOOL II - ODESSASSA,07-18-12-010
Benue,Okpokwu,Ugbokolo,BEN POLY SCHOOL GARDEN - UGBOKOLO,07-18-12-011
Benue,Okpokwu,Ugbokolo,ODESSASSA MARKET SQUARE I - ODESSASSA,07-18-12-012
Benue,Okpokwu,Ugbokolo,ODESSASSA MARKET SQUARE II ,07-18-12-013
Benue,Okpokwu,Ugbokolo,DISPENSARY OPEN SPACE - UGBOKOLO,07-18-12-014
Benue,Okpokwu,Ugbokolo,AI - OBIDA PLAYGROUND II,07-18-12-015
Benue,Okpokwu,Ugbokolo,"EFFA OPEN SPACE, EFFA",07-18-12-016
Benue,Okpokwu,Ugbokolo,OKUNGAGA/LGEA PRIMARY SCHOOL,07-18-12-017
Benue,Okpokwu,Ugbokolo,BEN POLY GARDEN II,07-18-12-018
Benue,Okpokwu,Ugbokolo,ODESSASA MARKET SQUARE III,07-18-12-019
Benue,Otukpo,Adoka-Icho,OJINEBE PRIMARY SCHOOL COMPOUND,07-19-01-001
Benue,Otukpo,Adoka-Icho,"OKPAFLO PLAY GROUND I, PLAY GROUND",07-19-01-002
Benue,Otukpo,Adoka-Icho,"OKPAFLO PLAY GROUND II, PLAY GROUND",07-19-01-003
Benue,Otukpo,Adoka-Icho," OKPAFLO OPEN SPACE I, OPEN SPACE",07-19-01-004
Benue,Otukpo,Adoka-Icho,OGOWU VILLAGE SQUARE,07-19-01-005
Benue,Otukpo,Adoka-Icho," EKANTALI PRIMARY SCHOOL, SCHOOL COMPOUND",07-19-01-006
Benue,Otukpo,Adoka-Icho," OFILOKO OPEN SPACE, OPEN SPACE",07-19-01-007
Benue,Otukpo,Adoka-Icho, OKPANEHE I - OPEN SPACE,07-19-01-008
Benue,Otukpo,Adoka-Icho,OKPANEHE II - OPEN SPACE,07-19-01-009
Benue,Otukpo,Adoka-Icho,OKPANEHE III - OPEN SPACE,07-19-01-010
Benue,Otukpo,Adoka-Icho,"UDABI I, OPEN SPACE",07-19-01-011
Benue,Otukpo,Adoka-Icho,"UDABI II, OPEN SPACE",07-19-01-012
Benue,Otukpo,Adoka-Icho,GTC ABACHE - SCHOOL COMPOUND,07-19-01-013
Benue,Otukpo,Adoka-Icho, IPIGWEBE PRIMARY SCHOOL,07-19-01-014
Benue,Otukpo,Adoka-Icho,IPIGWEBE OPEN SPACE I,07-19-01-015
Benue,Otukpo,Adoka-Icho,IPIGWEBE OPEN SPACE II,07-19-01-016
Benue,Otukpo,Adoka-Icho, UGA I - OPEN SPACE,07-19-01-017
Benue,Otukpo,Adoka-Icho,UGA II - OPEN SPACE,07-19-01-018
Benue,Otukpo,Adoka-Icho," IPOLE PRIMARY SCHOOL, SCHOOL COMPOUND",07-19-01-019
Benue,Otukpo,Adoka-Icho,OJAKPAMA OPEN SPACE,07-19-01-020
Benue,Otukpo,Adoka-Icho,UGODUMU RCM OPEN SPACE,07-19-01-021
Benue,Otukpo,Adoka-Icho,OLOKE PRIMARY SCH. COMPOUND,07-19-01-022
Benue,Otukpo,Adoka-Icho,FRONT OF EJIGA MEMORIAL COLLEGE EJINYA,07-19-01-023
Benue,Otukpo,Adoka-Icho,OKPAFLO OPEN SPACE II ODEJE-ABO,07-19-01-024
Benue,Otukpo,Adoka-Icho, OTADA PRIMARY SCHOOL COMPOUND,07-19-01-025
Benue,Otukpo,Adoka-Icho,EFU II OPEN SPACE FRONT OF NGBEDE CLINIC,07-19-01-026
Benue,Otukpo,Adoka-Icho,EFU I OPEN SPACE OPP. IHOTU GUEST INN,07-19-01-027
Benue,Otukpo,Adoka-Icho,AKUNU OKPANEHE OPEN SPACE,07-19-01-028
Benue,Otukpo,Adoka-Icho,UDABI III OPEN SPACE,07-19-01-029
Benue,Otukpo,Adoka-Icho,ABACHE OPEN SPACE BEFORE BRIDGE,07-19-01-030
Benue,Otukpo,Adoka-Icho, IPIGWEBE OPEN SPACE IV BEHIND MHS,07-19-01-031
Benue,Otukpo,Adoka-Icho,IPIGWEBE OPEN SPACE III,07-19-01-032
Benue,Otukpo,Adoka-Icho,UGA EHAJE OPEN SPACE,07-19-01-033
Benue,Otukpo,Adoka-Icho,OGBAGO PRIMARY SCHOOL COMPOUND,07-19-01-034
Benue,Otukpo,Adoka-Haje,"ONIPI PLAYGROUND I, PLAYGROUND",07-19-02-001
Benue,Otukpo,Adoka-Haje,"ONIPI PLAYGROUND II, PLAYGROUND",07-19-02-002
Benue,Otukpo,Adoka-Haje,"AI-EYA OPEN SPACE, OPEN SPACE",07-19-02-003
Benue,Otukpo,Adoka-Haje,AUNE PLAYGROUND I - PLAYGROUND,07-19-02-004
Benue,Otukpo,Adoka-Haje,AUNE PLAYGROUND II - PLAYGROUND,07-19-02-005
Benue,Otukpo,Adoka-Haje," OKPEJE PLAYGROUND, PLAYGROUND",07-19-02-006
Benue,Otukpo,Adoka-Haje,"AI-OKLEKWU PLAYGROUND, PLAYGROUND",07-19-02-007
Benue,Otukpo,Adoka-Haje," AI-OCHEME PLAYGROUND, PLAYGROUND",07-19-02-008
Benue,Otukpo,Adoka-Haje," AI-OKPANA OPEN SPACE, OPEN SPACE",07-19-02-009
Benue,Otukpo,Adoka-Haje," AI-EGBACHE OPEN SPACE, OPEN SPACE",07-19-02-010
Benue,Otukpo,Adoka-Haje,"AI-OGWOMEBE PLAYGROUND, PLAY GROUND",07-19-02-011
Benue,Otukpo,Adoka-Haje,AI-ETEMA OPEN SPACE - OPEN SPACE,07-19-02-012
Benue,Otukpo,Adoka-Haje,AUKPA PLAYGROUND - PLAY GROUND,07-19-02-013
Benue,Otukpo,Adoka-Haje,OBENA PLAYGROUND - PLAY GROUND,07-19-02-014
Benue,Otukpo,Adoka-Haje, UNITY COLLEGE OF EDUCATION GATE,07-19-02-015
Benue,Otukpo,Adoka-Haje,LGEA PRIMARY SCHOOL AUNE,07-19-02-016
Benue,Otukpo,Allan,"ALLAN PRIMARY SCHOOL, SCHOOL COMPOUND",07-19-03-001
Benue,Otukpo,Allan," ALLAN PRIMARY SCHOOL I, SCHOOL COMPOUND",07-19-03-002
Benue,Otukpo,Allan," ADIM PRIMARY SCHOOL I, SCHOOL COMPOUND",07-19-03-003
Benue,Otukpo,Allan,"ADIM PRIMARY SCHOOL II, SCHOOL COMPOUND",07-19-03-004
Benue,Otukpo,Allan,"ADIM PRIMARY SCHOOL III, SCHOOL COMPOUND",07-19-03-005
Benue,Otukpo,Allan,"EJOR PLAYGROUND, PLAYGROUND",07-19-03-006
Benue,Otukpo,Allan,"OJOMA AKPA PLAY GROUND, PLAYGROUND",07-19-03-007
Benue,Otukpo,Allan,"OJOMA AKOPA PLAGROUND, PLAYGROUND",07-19-03-008
Benue,Otukpo,Allan," IGBEJI PLAYGROUND, PLAYGROUND",07-19-03-009
Benue,Otukpo,Allan,"AKWETE PLAYGROUND, PLAYGROUND",07-19-03-010
Benue,Otukpo,Entekpa,"UMOGIDI PRIMARY SCHOOL, SCHOOL COMPOUND",07-19-04-001
Benue,Otukpo,Entekpa,"UMOGIDI PRIMARY SCHOOL II, SCHOOL COMPOUND",07-19-04-002
Benue,Otukpo,Entekpa," UMOGIDI PLAYGROUND I, PLAY GROUND",07-19-04-003
Benue,Otukpo,Entekpa," UMOGIDI PLAYGROUND II, PLAYGROUND",07-19-04-004
Benue,Otukpo,Entekpa," IWILI OPEN SPACE I, OPEN SPACE",07-19-04-005
Benue,Otukpo,Entekpa," IWILI OPEN SPACE II, OPEN SPACE",07-19-04-006
Benue,Otukpo,Entekpa,"UPU PRIMARY SCHOOL, SCHOOL COMPOUND",07-19-04-007
Benue,Otukpo,Entekpa," OLAKPOGA PRIMARY SCHOOL, SCHOOL COMPOUND",07-19-04-008
Benue,Otukpo,Entekpa," OJANOWA PLAYGROUND, PLAYGROUND",07-19-04-009
Benue,Otukpo,Ewulo," UPU PLAYGROUND I, PLAYGROUND",07-19-05-001
Benue,Otukpo,Ewulo," UPU PLAY GROUND II, PLAYGROUND",07-19-05-002
Benue,Otukpo,Ewulo,"OTADA PLAYGROUND, PLAYGROUND",07-19-05-003
Benue,Otukpo,Ewulo," OTIA OPEN SPACE I, NEAR CHURCH",07-19-05-004
Benue,Otukpo,Ewulo," OTIA OPEN SPACE II, NEAR CHURCH",07-19-05-005
Benue,Otukpo,Ewulo," EDIKWU PLAYGROUND, PLAYGROUND",07-19-05-006
Benue,Otukpo,Ewulo,"IKOBI VILLAGE, OPEN SPACE",07-19-05-007
Benue,Otukpo,Ewulo,"ASA LGEA SCHOOL, SCHOOL COMPOUND",07-19-05-008
Benue,Otukpo,Ewulo,"ASA EHAJE OPEN SPACE, OPEN SPACE",07-19-05-009
Benue,Otukpo,Ewulo,"AKPEGEDE PRIMARY SCHOOL, OPEN SPACE",07-19-05-010
Benue,Otukpo,Ewulo,"AKPEGEDE PRIMARY SCHOOL II, OPEN SPACE",07-19-05-011
Benue,Otukpo,Ewulo," OJANTELE OPEN SPACE, OPEN SPACE",07-19-05-012
Benue,Otukpo,Ewulo,"OTOBI PRIMARY SCHOOL, OPEN SPACE",07-19-05-013
Benue,Otukpo,Ewulo,BESIDE UPU COMMUNITY HALL UNDER A TREE,07-19-05-014
Benue,Otukpo,Ewulo,PERFECT AVENUE JUNCTION UPU RD. OPEN SPACE,07-19-05-015
Benue,Otukpo,Ewulo,NEAR DEEPER LIFE CHURCH OTADA ICHO,07-19-05-016
Benue,Otukpo,Ewulo, 2 AMEH ODEH AVENUE OPEN SPACE,07-19-05-017
Benue,Otukpo,Ewulo, OPP. 10 OTIA G OPEN SPACE,07-19-05-018
Benue,Otukpo,Ewulo, IGBANOMAJE PLAYGROUND NEAR PUBLIC WELL,07-19-05-019
Benue,Otukpo,Ewulo, FRONT OF ST. AUGUSTINE PRIMARY SCHOOL,07-19-05-020
Benue,Otukpo,Ewulo,EDIKWU PUBLIC WELL OPEN SPACE,07-19-05-021
Benue,Otukpo,Ewulo, IKOBI II NEAR METHODIST CHURCH,07-19-05-022
Benue,Otukpo,Ewulo, ASA LGEA PRIMARY SCHOOL II,07-19-05-023
Benue,Otukpo,Ewulo,UGBOLOJO OPEN SPACE,07-19-05-024
Benue,Otukpo,Okete,"OTUKPO-ICHO I, OPEN SPACE",07-19-06-001
Benue,Otukpo,Okete,"OTUKPO-ICHO II, OPEN SPACE",07-19-06-002
Benue,Otukpo,Okete," AI-EGWA, OPEN SPACE",07-19-06-003
Benue,Otukpo,Okete," AI-AMANYI, OPEN SPACE",07-19-06-004
Benue,Otukpo,Okete,"OKPAMAJU, OPEN SPACE",07-19-06-005
Benue,Otukpo,Okete," AMLA, OPEN SPACE",07-19-06-006
Benue,Otukpo,Okete," EMICHI PLAYGROUND, PLAYGROUND",07-19-06-007
Benue,Otukpo,Okete," OTUKPO-ICHO PLAYGROUND, PLAYGROUND",07-19-06-008
Benue,Otukpo,Okete," ODUDAJE PLAYGROUND, PLAYGROUND",07-19-06-009
Benue,Otukpo,Okete,"AKPACHI PLAYGROUND, PLAYGROUND",07-19-06-010
Benue,Otukpo,Okete," AMLA-ICHO PLAYGROUND, PLAYGROUND",07-19-06-011
Benue,Otukpo,Okete, LGEA PRIMARY SCHOOL OTUKPO ICHO,07-19-06-012
Benue,Otukpo,Okete,OTUKPO-ICHO PLAYGROUND II,07-19-06-013
Benue,Otukpo,Okete,OTUKPO-ICHO III OPEN SPACE,07-19-06-014
Benue,Otukpo,Otobi,"METHODIST PRIMARY SCHOOL I, SCHOOL COMPOUND",07-19-07-001
Benue,Otukpo,Otobi," METHODIST PRIMARY SCHOOL II, SCHOOL COMPOUND",07-19-07-002
Benue,Otukpo,Otobi," METHODIST PRIMARY SCHOOL III, SCHOOL COMPOUND",07-19-07-003
Benue,Otukpo,Otobi," IJAM PLAYGROUND I, PLAYGROUND",07-19-07-004
Benue,Otukpo,Otobi," IJAM PLAYGROUND II, PLAYGROUND",07-19-07-005
Benue,Otukpo,Otobi,OTOBI CAMP - OPEN SPACE,07-19-07-006
Benue,Otukpo,Otobi,OGODUMU PLAY GROUND,07-19-07-007
Benue,Otukpo,Otobi,"ADANKALI I, OPEN SPACE",07-19-07-008
Benue,Otukpo,Otobi,"ADANKALI II, OPEN SPACE",07-19-07-009
Benue,Otukpo,Otobi," ATURUKPO PLAYGROUND, PLAYGROUND",07-19-07-010
Benue,Otukpo,Otobi," OMEBE PLAYGROUND, PLAYGROUND",07-19-07-011
Benue,Otukpo,Otobi,METHODIST PRI. SCH. IV,07-19-07-012
Benue,Otukpo,Otobi, ONYUWEI VILLAGE SQUARE,07-19-07-013
Benue,Otukpo,Otukpo Town Central,"LGC SECRETARIAT, MAIN GATE",07-19-08-001
Benue,Otukpo,Otukpo Town Central,"OCH'IDOMA SQUARE, SHADE",07-19-08-002
Benue,Otukpo,Otukpo Town Central,"NEAR OCH'IDOMA SQUARE, OPPOSITE WATER TANK",07-19-08-003
Benue,Otukpo,Otukpo Town Central,"NO. 16 BEN. ONAJI STREET, UNDER A TREE",07-19-08-004
Benue,Otukpo,Otukpo Town Central,"NEAR SALAM HOSPITAL, MAIN GATE",07-19-08-005
Benue,Otukpo,Otukpo Town Central,"RICE MILL ROAD, BEHIND OCH'ICHOMA PALACE",07-19-08-006
Benue,Otukpo,Otukpo Town Central,"OJIRA ROAD, OPEN SPACE",07-19-08-007
Benue,Otukpo,Otukpo Town Central," NEAR AROJI CINEMA, OPEN SPACE",07-19-08-008
Benue,Otukpo,Otukpo Town Central,"OPPOSITE FIRST BANK, OPEN SPACE",07-19-08-009
Benue,Otukpo,Otukpo Town Central,"NEAR QUEEN'S HOTEL, OPEN SPACE",07-19-08-010
Benue,Otukpo,Otukpo Town Central,"ATAKPA JUNCTION I, OPEN SPACE",07-19-08-011
Benue,Otukpo,Otukpo Town Central," ATAKPA JUNCTION II, OPEN SPACE",07-19-08-012
Benue,Otukpo,Otukpo Town Central," ECHONOLOKWO OMENKA ST. JUNCTION, OPEN SPACE",07-19-08-013
Benue,Otukpo,Otukpo Town Central," OMAIYE/OCHE ST. JUNCTION I, OPEN SPACE",07-19-08-014
Benue,Otukpo,Otukpo Town Central,"OMAIYE/OCHE ST. JUNCTION II, OPEN SPACE",07-19-08-015
Benue,Otukpo,Otukpo Town Central,"PAUL ODE RICE MILL, OPEN SPACE",07-19-08-016
Benue,Otukpo,Otukpo Town Central,"RICE MILL I, OPEN SPACE",07-19-08-017
Benue,Otukpo,Otukpo Town Central," NEAR 33 OCHEKWU STREET, OPEN SPACE",07-19-08-018
Benue,Otukpo,Otukpo Town Central,"OLOCHE STREET JUNCTION, UNDER A TREE",07-19-08-019
Benue,Otukpo,Otukpo Town Central,"NO. 42 ONYILO/ONYEJO STREET, UNDER A TREE",07-19-08-020
Benue,Otukpo,Otukpo Town Central,"NEAR NEW GARRAGE, FRONT OF GARRAGE",07-19-08-021
Benue,Otukpo,Otukpo Town Central,"NO. 37 ICHAMA/OTUKPA STREET, UNDER A TREE",07-19-08-022
Benue,Otukpo,Otukpo Town Central,"NEAR EXECUTIVE HOTEL, OPEN SPACE",07-19-08-023
Benue,Otukpo,Otukpo Town Central," RICE MILL/ECHONO STREET I, OPEN SPACE",07-19-08-024
Benue,Otukpo,Otukpo Town Central, MOSES ENENCHES STREET (OPEN SPACE),07-19-08-025
Benue,Otukpo,Otukpo Town Central,OCH'IDOMA SQUARE SHADE II,07-19-08-026
Benue,Otukpo,Otukpo Town Central, BEN ONAJI/ECHONO STR. JUNCTION OPEN SPACE,07-19-08-027
Benue,Otukpo,Otukpo Town Central,OPPOSITE 17 OKPAIMO STR. OPEN SPACE,07-19-08-028
Benue,Otukpo,Otukpo Town Central, OPPOSITE 74 OKWO-OMENKA STR. OPEN SPACE,07-19-08-029
Benue,Otukpo,Otukpo Town Central,BELOVED AVENUE/OCHIGBO LAYOUT JUNCTION OPEN SPACE,07-19-08-030
Benue,Otukpo,Otukpo Town Central,OPPOSITE 20 SUNDAY OKOPI STREET NEW HAVEN,07-19-08-031
Benue,Otukpo,Otukpo Town Central, BESIDE 12 UMOGIDI STR. SABON GARI,07-19-08-032
Benue,Otukpo,Otukpo Town Central, OCHE STR./OPAHA RD JUNCTION OPEN SPACE,07-19-08-033
Benue,Otukpo,Otukpo Town Central,BESIDE 129 OTUKPA STR. OPEN SPACE,07-19-08-034
Benue,Otukpo,Otukpo Town Central,OGBADIBO STR. BESIDE TRANSFORMER,07-19-08-035
Benue,Otukpo,Otukpo Town Central,27 OCHALEFU STR. EUPI UNDER MANGO TREE,07-19-08-036
Benue,Otukpo,Otukpo Town Central,9 RAJI RASAKI AVENUE PIPELINE OPEN SPACE,07-19-08-037
Benue,Otukpo,Otukpo Town Central,DAVID STONE/RAJI RASAKI AVE. JUNCTION OPEN SPACE,07-19-08-038
Benue,Otukpo,Otukpo Town Central,35 IJAMI ROAD OPEN SPACE,07-19-08-039
Benue,Otukpo,Otukpo Town Central, TRAFFIC JUNCTION OPP. MAIN MARKET OPEN SPACE,07-19-08-040
Benue,Otukpo,Otukpo Town East," ST. MARY'S PRIMARY SCHOOL I, UNDER A TREE",07-19-09-001
Benue,Otukpo,Otukpo Town East,"ST. MARY'S PRIMARY SCHOOL II, OPEN SPACE",07-19-09-002
Benue,Otukpo,Otukpo Town East,"NEAR MAMSER OFFICE, OPEN SPACE",07-19-09-003
Benue,Otukpo,Otukpo Town East,"ELLA MARKET (TIV MARKET), OPEN SPACE",07-19-09-004
Benue,Otukpo,Otukpo Town East," NO. 27, OGIRI KOCO ST. I, UNDER A TREE",07-19-09-005
Benue,Otukpo,Otukpo Town East,"NO. 27, OGIRI KOCO STT. II, OPEN SPACE",07-19-09-006
Benue,Otukpo,Otukpo Town East,"GREEN GARDEN HOTEL I, OPEN SPACE",07-19-09-007
Benue,Otukpo,Otukpo Town East,"GREEN GARDEN HOTEL II, OPEN SPACE",07-19-09-008
Benue,Otukpo,Otukpo Town East,"NO. 34, UPU ROAD, UNDER A TREE",07-19-09-009
Benue,Otukpo,Otukpo Town East,"TIMBER DEPOT/NEPA HOUSE JUNCTION, OPEN SPACE",07-19-09-010
Benue,Otukpo,Otukpo Town East,"OTUKPO CLUB, G.R.A",07-19-09-011
Benue,Otukpo,Otukpo Town East," ASA EHICHO, NEAR PRISONS",07-19-09-012
Benue,Otukpo,Otukpo Town East,"OUTSIDE COURT FENCE, OPEN SPACE",07-19-09-013
Benue,Otukpo,Otukpo Town East,"OBAGANYA, OPEN SPACE",07-19-09-014
Benue,Otukpo,Otukpo Town East," EBOLOGBA, OPEN SPACE",07-19-09-015
Benue,Otukpo,Otukpo Town East," GENERAL HOSPITAL GATE, AT THE GATE",07-19-09-016
Benue,Otukpo,Otukpo Town East," NEAR ST. ANNE'S, AT GATE",07-19-09-017
Benue,Otukpo,Otukpo Town East," NO. 27 KADUNA STREET, UNDER A TREE",07-19-09-018
Benue,Otukpo,Otukpo Town East, OPEN SPACE (NEAR NO 7 JC OBANDE STREET),07-19-09-019
Benue,Otukpo,Otukpo Town East, ST MARY PRIMARY SCHOOL III,07-19-09-020
Benue,Otukpo,Otukpo Town East,OPP. 23 COL. ISHAKU STREET BABYLON OPEN SPACE,07-19-09-021
Benue,Otukpo,Otukpo Town East,OPP. NAPRI OFFICE OLENA OPEN SPACE,07-19-09-022
Benue,Otukpo,Otukpo Town East, OPP. 12 LUMUMBA STREET OPEN SPACE,07-19-09-023
Benue,Otukpo,Otukpo Town East,OPP. 10 ULAYI STREET OPEN SPACE,07-19-09-024
Benue,Otukpo,Otukpo Town East,10 ENUGU STREET OPEN SPACE,07-19-09-025
Benue,Otukpo,Otukpo Town East, BEHIND WESLEY HIGH SCH. BY TRANSFORMER OPEN SPACE,07-19-09-026
Benue,Otukpo,Otukpo Town East,OLENA OPEN SPACE OPP. GEORGE OBE JUNCTION,07-19-09-027
Benue,Otukpo,Otukpo Town East,8TH MAN QUARTERS AFTER EVENT CENTER UNDER A TREE,07-19-09-028
Benue,Otukpo,Otukpo Town East,ASA ROUNDABOUT OPEN SPACE,07-19-09-029
Benue,Otukpo,Otukpo Town East, FRONT OF FORMER SDP SECRETARIAT ASA I,07-19-09-030
Benue,Otukpo,Otukpo Town East,OBAGANYA II OPEN SPACE,07-19-09-031
Benue,Otukpo,Otukpo Town East,LGEA PRIMARY SCHOOL OGOME,07-19-09-032
Benue,Otukpo,Otukpo Town East, OKPOBEKA OPEN SPACE,07-19-09-033
Benue,Otukpo,Otukpo Town East,EGWA AVE GRA UNDER A TREE,07-19-09-034
Benue,Otukpo,Otukpo Town East,BEHIND POLICE BARRACKS GRA OPEN SPACE,07-19-09-035
Benue,Otukpo,Otukpo Town West,"NEW MARKET, ROUND ABOUT",07-19-10-001
Benue,Otukpo,Otukpo Town West,"OPPOSITE OLD MOTOR PARK, MARKET GATE",07-19-10-002
Benue,Otukpo,Otukpo Town West," TIPPER GARRAGE, OPEN SPACE",07-19-10-003
Benue,Otukpo,Otukpo Town West," K/NUT/HAMDALA JERICHO ROAD, OPEN SPACE",07-19-10-004
Benue,Otukpo,Otukpo Town West," NEPA STATION, OPEN SPACE",07-19-10-005
Benue,Otukpo,Otukpo Town West," NORCROSS PRIMARY SCHOOL, SCHOOL COMPOUND",07-19-10-006
Benue,Otukpo,Otukpo Town West,FRONT OF 37 AHMADU BELLO WAY,07-19-10-007
Benue,Otukpo,Otukpo Town West,"OPPOSITE ST. JUDE'S CHURCH, OPEN SPACE",07-19-10-008
Benue,Otukpo,Otukpo Town West,"NEAR NO. 33, IGEDE STREET, UNDER A TREE",07-19-10-009
Benue,Otukpo,Otukpo Town West,"NO. 78, SUNDAY ONYILO/AKPA STR. JUNCTION",07-19-10-010
Benue,Otukpo,Otukpo Town West,"FRONT OF NO. 13, SUNDAY ONYILO STR., UNDER A TREE",07-19-10-011
Benue,Otukpo,Otukpo Town West,"NO. 30, JAMAICA STREET, UNDER A MANGOE TREE",07-19-10-012
Benue,Otukpo,Otukpo Town West,"NO. 46, OYIGEDE STREET, EUPOI, UNDER A TREE",07-19-10-013
Benue,Otukpo,Otukpo Town West,"AKPA STREET/FED. ROAD, JUNCTION, OPEN SPACE",07-19-10-014
Benue,Otukpo,Otukpo Town West," OPPOSITE ST. FRANCIS PRIMARY SCHOOL, GATE",07-19-10-015
Benue,Otukpo,Otukpo Town West," EUPI LGEA SCHOOL, SCHOOL COMPOUND",07-19-10-016
Benue,Otukpo,Otukpo Town West, NOCROSS PRIMARY SCHOOL II,07-19-10-017
Benue,Otukpo,Otukpo Town West,OPP. NO 35 JERICHO RD. OPEN SPACE UNDER A TREE,07-19-10-018
Benue,Otukpo,Otukpo Town West, FRONT OF NO 1 JESUS STREET OPP. MT. ZION ZONE HB,07-19-10-019
Benue,Otukpo,Otukpo Town West, FRONT OF NO 44 IGEDE STREET OPEN SPACE,07-19-10-020
Benue,Otukpo,Otukpo Town West, 78 SUNDAY ONYILO/AKPA STR. JUNCTION II,07-19-10-021
Benue,Otukpo,Otukpo Town West,OPP. 13 SUNDAY ONYILO STREET II OPEN SPACE,07-19-10-022
Benue,Otukpo,Otukpo Town West,OPEN SPACE OPPOSITE 14 FREEDOM A STREET,07-19-10-023
Benue,Otukpo,Otukpo Town West,FRONT OF 86 EBIJE STREET OPEN SPACE,07-19-10-024
Benue,Otukpo,Otukpo Town West, OPP. ST. FRANCIS SECONDARY. SCH. GATE OPEN SPACE,07-19-10-025
Benue,Otukpo,Otukpo Town West,GEA PRIMARY SCHOOL EUPI II,07-19-10-026
Benue,Otukpo,Otukpo Town West,OGBE OBANDE STR BY AGBARA STR. JUNCTION OPRN SPACE,07-19-10-027
Benue,Otukpo,Otukpo Town West,NEAR UJOR MEMORIAL SEC. SCH. OPEN SPACE,07-19-10-028
Benue,Otukpo,Ugboju-Ehaje,"OGOBIA PRIMARY SCHOOL I, SCHOOL COMPOUND",07-19-11-001
Benue,Otukpo,Ugboju-Ehaje,"OGOBIA APRIMARY SCHOOL II, SCHOOL COMPOUND",07-19-11-002
Benue,Otukpo,Ugboju-Ehaje,"OGOBIA WEST I, OPEN SPACE",07-19-11-003
Benue,Otukpo,Ugboju-Ehaje,ONDO IPEPE PRIMARY SCH. SCH COMP,07-19-11-004
Benue,Otukpo,Ugboju-Ehaje,"EMICHI PRIMARY SCH, SCHOOL COMPOUND",07-19-11-005
Benue,Otukpo,Ugboju-Ehaje,"AKPACHI PRIMARY SCHOOL I, SCHOOL COMPOUND",07-19-11-006
Benue,Otukpo,Ugboju-Ehaje,IGARUWA VILLAGE SQUARE,07-19-11-007
Benue,Otukpo,Ugboju-Ehaje, OLOGLI VILLAGE SQUARE,07-19-11-008
Benue,Otukpo,Ugboju-Ehaje, OBO/OJOMO VILLAGE SQUARE,07-19-11-009
Benue,Otukpo,Ugboju-Ehaje,"OGOBIA WEST II, OPEN SPACE",07-19-11-010
Benue,Otukpo,Ugboju-Ehaje,"AKPACHI PRIMARY SCHOOL II, OPEN SPACE",07-19-11-011
Benue,Otukpo,Ugboju-Ehaje,IPITABA OPEN SPACE,07-19-11-012
Benue,Otukpo,Ugboju-Ehaje,OLADIJI OPEN SPACE,07-19-11-013
Benue,Otukpo,Ugboju-Ehaje,OGOBIA MARKET SQUARE,07-19-11-014
Benue,Otukpo,Ugboju-Ehaje,IPUEMO OPEN SPACE BEHIND POST OFFICE,07-19-11-015
Benue,Otukpo,Ugboju-Ehaje, OYEE OGOBIA OPEN SPACE,07-19-11-016
Benue,Otukpo,Ugboju-Ehaje,OGOBIA CAMP OPEN SPACE NEAR ST. ANDREW SEC. SCH.,07-19-11-017
Benue,Otukpo,Ugboju-Icho,"UGBOJU BARRACKS, OPEN SPACE",07-19-12-001
Benue,Otukpo,Ugboju-Icho,"OMBI PRIMARY SCHOOL, SCHOOL COMPOUND",07-19-12-002
Benue,Otukpo,Ugboju-Icho," IPOLO PRIMARY SCHOOL, SCHOOL COMPOUND",07-19-12-003
Benue,Otukpo,Ugboju-Icho," OLAHIMU PRIMARY SCHOOL, SCHOOL COMPOUND",07-19-12-004
Benue,Otukpo,Ugboju-Icho,"OBOTU PLAYGROUND, PLAYGROUND",07-19-12-005
Benue,Otukpo,Ugboju-Icho,"IPIGBOGBO PLAYGROUND, PLAYGROUND",07-19-12-006
Benue,Otukpo,Ugboju-Icho,"GARRAGE OGOLI I, OPEN SPACE",07-19-12-007
Benue,Otukpo,Ugboju-Icho,"GARRAGE OGOLI II, OPEN SPACE",07-19-12-008
Benue,Otukpo,Ugboju-Icho,"ALAGLANU PRIMARY SCHOOL, SCHOOL COMPOUND",07-19-12-009
Benue,Otukpo,Ugboju-Icho,"IPOM PRIMARY SCHOOL, SCHOOL COMPOUND",07-19-12-010
Benue,Otukpo,Ugboju-Icho,"OKAKLE, OPEN SPACE",07-19-12-011
Benue,Otukpo,Ugboju-Icho,"ONAJE PRIMARY SCHOOL, SCHOOL COMPOUND",07-19-12-012
Benue,Otukpo,Ugboju-Icho," IFETE, OPEN SPACE",07-19-12-013
Benue,Otukpo,Ugboju-Icho, AI-OCHEMOCHE - OPEN SPACE,07-19-12-014
Benue,Otukpo,Ugboju-Icho,OMLONYE - OPEN SPACE,07-19-12-015
Benue,Otukpo,Ugboju-Icho,"ODUDA, OPEN SPACE",07-19-12-016
Benue,Otukpo,Ugboju-Icho,"OPLEGBA PLAYGROUND, PLAYGROUND",07-19-12-017
Benue,Otukpo,Ugboju-Icho,IGBALAGIDI - OPEN SPACE,07-19-12-018
Benue,Otukpo,Ugboju-Icho," ENANJILA, OPEN SPACE",07-19-12-019
Benue,Otukpo,Ugboju-Icho, OFILOKO - OPEN SPACE,07-19-12-020
Benue,Otukpo,Ugboju-Icho,IFETE ANYEBE VILLAGE SQUARE,07-19-12-021
Benue,Otukpo,Ugboju-Icho, IPOLO-ICHO LGEA PRIMARY SCHOOL,07-19-12-022
Benue,Otukpo,Ugboju-Icho, AI-OBEKA VILLAGE SQUARE OGOLI,07-19-12-023
Benue,Otukpo,Ugboju-Icho,OGOLI CENTER OPEN SPACE,07-19-12-024
Benue,Otukpo,Ugboju-Otahe,"JERICHO, OPEN SPACE",07-19-13-001
Benue,Otukpo,Ugboju-Otahe,"OKOTO PRIMARY SCHOOL, OPEN SPACE",07-19-13-002
Benue,Otukpo,Ugboju-Otahe,"A'OKWU PRIMARY SCHOOL, OPEN SPACE",07-19-13-003
Benue,Otukpo,Ugboju-Otahe,"UDUABI PRIMARY SCHOOL I, SCH COMP",07-19-13-004
Benue,Otukpo,Ugboju-Otahe,"UDUABI PRIMARY SCHOOL II, SCH COMP",07-19-13-005
Benue,Otukpo,Ugboju-Otahe,"EYOKPA PRIMARY SCHOOL, SCHOOL COMPOUND",07-19-13-006
Benue,Otukpo,Ugboju-Otahe,"EFEYI IPOLE, OPEN SPACE",07-19-13-007
Benue,Otukpo,Ugboju-Otahe," OKWUDU PRIMARY SCHOOL, SCHOOL COMPOUND",07-19-13-008
Benue,Otukpo,Ugboju-Otahe,"ILABA, OPEN SPACE",07-19-13-009
Benue,Otukpo,Ugboju-Otahe,"UNWABA OJU PRIMARY SCHOOL, SCHOOL COMPOUND",07-19-13-010
Benue,Otukpo,Ugboju-Otahe,"EFEYI UTIKPI PRIMARY SCHOOL, SCHOOL COMPOUND",07-19-13-011
Benue,Otukpo,Ugboju-Otahe,"OKPACHENYI PLAYGROUND, SCHOOL COMPOUND",07-19-13-012
Benue,Otukpo,Ugboju-Otahe,IBAJI PRIMARY SCHOOL OPEN SPACE,07-19-13-013
Benue,Otukpo,Ugboju-Otahe,AI-OGOH OPEN SPACE OPP. VICTORY METHODIST CHURCH,07-19-13-014
Benue,Otukpo,Ugboju-Otahe, EFEYI IBOLO OPEN SPACE,07-19-13-015
Benue,Otukpo,Ugboju-Otahe,OKWUDU OPEN SPACE II OPP. ADAMU'S HOUSE,07-19-13-016
Benue,Tarka,Mbaajir Akaa, LGEA ATSEKE,07-20-01-001
Benue,Tarka,Mbaajir Akaa,CHERRY WOOD MARKET,07-20-01-002
Benue,Tarka,Mbaajir Akaa,COL. NENGE LGEA NYAMBEE,07-20-01-003
Benue,Tarka,Mbaajir Akaa,LGEA PIPELINE,07-20-01-004
Benue,Tarka,Mbaajir Akaa,"LGEA PRIMARY SCHOOL, UKU/LGEA PRIMARY SCHOOL, UKU",07-20-01-005
Benue,Tarka,Mbaajir Akaa, NKST PRI SCH ASO,07-20-01-006
Benue,Tarka,Mbaajir Akaa, LGEA PRI SCH PIPE LINE II,07-20-01-007
Benue,Tarka,Mbaajir Akaa,KORTSAV PLAY GROUND,07-20-01-008
Benue,Tarka,Mbaayo, LGEA AKENDE,07-20-02-001
Benue,Tarka,Mbaayo, ABOHO MARKET SQUARE I/ABOHO,07-20-02-002
Benue,Tarka,Mbaayo,ABOHO MARKET SQUARE II/ABOHO,07-20-02-003
Benue,Tarka,Mbaayo,LGEA PRI SCH SOOYON,07-20-02-004
Benue,Tarka,Mbaayo, LGEA PRI SCH TYINDIKURA,07-20-02-005
Benue,Tarka,Mbachaver Ikyondo,AKPA AGUDO MARKET SQUARE/AKPA AGUDO MARKET SQUARE,07-20-03-001
Benue,Tarka,Mbachaver Ikyondo, TSE UKONKO MARKET SQUARE I - TSE UKONKO MARKET SQUARE,07-20-03-002
Benue,Tarka,Mbachaver Ikyondo, TSE UKONKO MARKET SQUARE II - TSE UKONKO MARKET SQUARE,07-20-03-003
Benue,Tarka,Mbachaver Ikyondo, LGEA PRIMAR SCHOOL UKYO,07-20-03-004
Benue,Tarka,Mbachaver Ikyondo, TSE YAVE MARKET SQUARE,07-20-03-005
Benue,Tarka,Mbachaver Ikyondo," LGEA PRIMARY SCHOOL, ASUKUNYA/LGEA PRIMARY SCHOOL, ASUKUNYA",07-20-03-006
Benue,Tarka,Mbachaver Ikyondo,GAVER MARKET SQUARE,07-20-03-007
Benue,Tarka,Mbachaver Ikyondo,ASUKUNYA MARKET SQUARE/ASUKUNYA MARKET SQUARE,07-20-03-008
Benue,Tarka,Mbachaver Ikyondo,ASUKUNYA GARAGE/ASUKUNYA GARAGE,07-20-03-009
Benue,Tarka,Mbachaver Ikyondo, AKPA MBAKOR MARKET SQUARE/AKPA MBAKOR MARKET SQUARE,07-20-03-010
Benue,Tarka,Mbachaver Ikyondo, LGEA PRIMARY SCHOOL UKYOUGH,07-20-03-011
Benue,Tarka,Mbachaver Ikyondo, LGEA CHIA,07-20-03-012
Benue,Tarka,Mbachaver Ikyondo, LGEA PRI SCH AKPA AGUDO,07-20-03-013
Benue,Tarka,Mbachaver Ikyondo,LGEA PRI SCH GBIHI VEMBE,07-20-03-014
Benue,Tarka,Mbachaver Ikyondo,ORAFEREGH MKT SQ,07-20-03-015
Benue,Tarka,Mbachaver Ikyondo,LGEA PRI SCH IWOIKPUR,07-20-03-016
Benue,Tarka,Mbachaver Ikyondo, LGEA PRI SCH IKPA LOUGH,07-20-03-017
Benue,Tarka,Mbaigba,"LGEA PRIMARY SCHOOL, TIAM/LEEA PRIMARY SCHOOL, TIAM",07-20-04-001
Benue,Tarka,Mbaigba,"LGEA PRIMARY SCHOOL, SENDE/LGEA PRIMARY SCHOOL, SENDE",07-20-04-002
Benue,Tarka,Mbaigba, ATEGBA MARKET SQUARE,07-20-04-003
Benue,Tarka,Mbaigba,NEAR TSE FEESE COMP./NEAR TSE FEESE COMPOUND,07-20-04-004
Benue,Tarka,Mbaigba,TARHEMBE MARKET SQUARE/TARHEMBE MARKET SQUARE.,07-20-04-005
Benue,Tarka,Mbaigba,WERGBA MARKET SQUARE/WERGBA MARKET SQUARE,07-20-04-006
Benue,Tarka,Mbaigba,MBAIGBA UNITY COLLEGE,07-20-04-007
Benue,Tarka,Mbaikyaa," LGEA PRIMARY SCHOOL, UYIO/LGEA PRIMARY SCHOOL, UYIO",07-20-05-001
Benue,Tarka,Mbaikyaa, GWARCHE MARKET SQUARE I/GWARCHE MARKET SQUARE I,07-20-05-002
Benue,Tarka,Mbaikyaa, GWARCHE MARKET SQUARE II/GWARCHE MARKET SQUARE II,07-20-05-003
Benue,Tarka,Mbaikyaa," LGEA PRIMARY SCHOOL, KONIKYAR - LGEA PRIMARY SCH, KONIKYAR",07-20-05-004
Benue,Tarka,Mbaikyaa, KAAMEM KENDEV MKT SQ,07-20-05-005
Benue,Tarka,Mbaikyaa, LGEA PRI SCH MCHILA,07-20-05-006
Benue,Tarka,Mbaikyaa, MCHILA MKT SQ,07-20-05-007
Benue,Tarka,Mbaikyo/Mbayia," LGEA PRIMARY SCHOOL, SALEM I/LGEA PRIMARY SCHOOL SALEN I",07-20-06-001
Benue,Tarka,Mbaikyo/Mbayia,"LGEA PRIMARY SCHOOL,SALEN II/LGAE PRIMARY SCHOOLSALEEM II",07-20-06-002
Benue,Tarka,Mbaikyo/Mbayia,AKOODO MARKET SQUARE/AKOODO MARKET SQUARE,07-20-06-003
Benue,Tarka,Mbaikyo/Mbayia," LGEA PRIMARY SCHOOL, BUTER/LGEA PRIMARY SCHOOL, BUTER",07-20-06-004
Benue,Tarka,Mbaikyo/Mbayia,LGEA PRIMARY SCHOOL IORKYASE I,07-20-06-005
Benue,Tarka,Mbaikyo/Mbayia,LGEA PRIMARY SCHOOL IORKYASE II,07-20-06-006
Benue,Tarka,Mbaikyo/Mbayia,ANNUNE MARKET SQUARE (WAY-IN) ANNUNE MARKET SQUARE (WAY-IN),07-20-06-007
Benue,Tarka,Mbaikyo/Mbayia,ANNUNE MARKET SQUARE (WAY-OUT) ANNUNE MARKET SQUARE (WAY-OUT),07-20-06-008
Benue,Tarka,Mbaikyo/Mbayia,ANNUNE MARKET SQUARE (MBAKOR Y.C.)/ANNUNE MARKET SQUARE (MBAKOR Y.C.),07-20-06-009
Benue,Tarka,Mbaikyo/Mbayia,RCM PRIMARY SCHOOL ANNUNE,07-20-06-010
Benue,Tarka,Mbaikyo/Mbayia,"LGEA PRIMARY SCHOOL, ANNUNE/LGEA PRIMARY SCHOOL, ANNUNE",07-20-06-011
Benue,Tarka,Mbaikyo/Mbayia,"NKST. PRIMARY SCHOOL, ANNUNE/NKST PRIMARY SCHOOL, ANNUNE",07-20-06-012
Benue,Tarka,Mbaikyo/Mbayia,LGEA KUNGWA,07-20-06-013
Benue,Tarka,Mbaikyo/Mbayia,GOVT. SEC.SCHOOL ANUNNE,07-20-06-014
Benue,Tarka,Mbaikyo/Mbayia,UKENAKYA MKT SQ,07-20-06-015
Benue,Tarka,Mbaikyo/Mbayia, LGEA PRI SCH ANCHIHA,07-20-06-016
Benue,Tarka,Mbaikyo/Mbayia, RCM PRI SCH ANUNNE II,07-20-06-017
Benue,Tarka,Mbaikyo/Mbayia, MBAKOR COMM SC. SCH ANUNNE I,07-20-06-018
Benue,Tarka,Mbaikyo/Mbayia, MBAKOR COMM SC. SCH ANUNNE II,07-20-06-019
Benue,Tarka,Mbaikyo/Mbayia,ADUDU RIVER SIDE,07-20-06-020
Benue,Tarka,Mbaikyo/Mbayia,VETINARY CLINIC ICHEGH,07-20-06-021
Benue,Tarka,Mbaikyo/Mbayia,ZAHEMEN ACADEMY KOBO,07-20-06-022
Benue,Tarka,Mbaikyo/Mbayia,WATER BOARD ANUNNE,07-20-06-023
Benue,Tarka,Mbakwakem," LGEA PRIMARY SCHOOL, IJOR-IMENGER/LGEA PRIMARY SCHOOL, IJOR-IMENGER",07-20-07-001
Benue,Tarka,Mbakwakem," NKST. PRIMARY SCHOOL MTSO I/NKST PRIMARY SCHOOL, MTSO",07-20-07-002
Benue,Tarka,Mbakwakem," LGEA PRIMARY SCHOOL KONTIEN/LGEA PRIMARY SCHOOL, KONTIEN",07-20-07-003
Benue,Tarka,Mbakwakem,"NKST PRIMARY SCHOOL, MTSO II/MTSO",07-20-07-004
Benue,Tarka,Mbakwakem, LGEA PRI SCH OLIVE AWENEBO,07-20-07-005
Benue,Tarka,Mbakwakem,LGEA PRI SCH ANDUR,07-20-07-006
Benue,Tarka,Mbakwakem,MBALISA MKT SQ,07-20-07-007
Benue,Tarka,Mbanyagber," NKST PRIMARY SCHOOL, USOMBO/NKST. PRIMARY SCHOOL, USOMBO",07-20-08-001
Benue,Tarka,Mbanyagber,"LGEA PRIMARY SCHOOL, MANGER I/LGEA PRIMARY SCHOOL, MANGER I",07-20-08-002
Benue,Tarka,Mbanyagber," LGEA PRIMARY SCHOOL, MANGER II/LGEA PRIMARY SCHOOL, MANGER II",07-20-08-003
Benue,Tarka,Mbanyagber, ANGBAYE MKT SQ,07-20-08-004
Benue,Tarka,Shitile," LGEA PRIMARY SCHOOL, IMINA/LGEA PRIMARY SCHOOL, IMINA",07-20-09-001
Benue,Tarka,Shitile," LGEA PRIMARY SCHOOL, IFEGHER/LGEA PRIMARY SCHOOL, IFEGHER",07-20-09-002
Benue,Tarka,Shitile," LGEA PRIMARY AGBE ANYEKE/LGEA PRIMARY SCHOOL, AGBE ANYEKE",07-20-09-003
Benue,Tarka,Shitile, LGEA PRIMARY SCHOOL IHYAR,07-20-09-004
Benue,Tarka,Shitile," RCM PRIMARY SCHOOL, TARBO/RCM PRIMARY SCHOOL, TARBO",07-20-09-005
Benue,Tarka,Shitile," LGEA PRIMARY SCHOOL, CHIEKE/LGEA PRIMARY SCHOOL, CHIEKE",07-20-09-006
Benue,Tarka,Shitile, TIORTYU MARKET SQUARE/TIORTYU SQUARE,07-20-09-007
Benue,Tarka,Shitile, UKYAVER PLAY GROUND,07-20-09-008
Benue,Tarka,Shitile,LGEA PRI SCH IMINA II,07-20-09-009
Benue,Tarka,Shitile, TIORTYU MKT SQ II,07-20-09-010
Benue,Tarka,Tongov, NEAR ATIGHIR COMPOUND/NEAR ATIGHIR COMPOUND,07-20-10-001
Benue,Tarka,Tongov, IHUMA MARKET SQUARE/IHUMA MARKET SQUARE,07-20-10-002
Benue,Tarka,Tongov, UCHI MARKET SQUARE/UCHI MARKET SQUARE,07-20-10-003
Benue,Tarka,Tongov," LGEA SCHOOL, BASHIBO/LGEA SCHOOL, BASHIBO",07-20-10-004
Benue,Tarka,Tongov," LGEA PRIMARY SCHOOL, UCHI/UCHI",07-20-10-005
Benue,Tarka,Tongov,LGEA PRI SCH BASHIBO II,07-20-10-006
Benue,Tarka,Tongov, LGEA PRI SCH LIKPO,07-20-10-007
Benue,Tarka,Tongov,IORBO MKT SQ,07-20-10-008
Benue,Ukum,Aterayange,LGED  SCHOOL ATOZA -SCHOOL COMPOUND I,07-21-01-001
Benue,Ukum,Aterayange,LGED  SCHOOL ATOZA -SCHOOL COMPOUND II,07-21-01-002
Benue,Ukum,Aterayange,"LGED SCHOOL, ATER- SCHOOL COMPOUND ",07-21-01-003
Benue,Ukum,Aterayange,"NKST. SCHOOL, TSE ATE- SCHOOL COMPOUND ",07-21-01-004
Benue,Ukum,Aterayange,ATO  MBAGEN -ATO MBAGEN OPEN SPACE,07-21-01-005
Benue,Ukum,Aterayange,GIDAN LEKE -GIDAN LEKE SETTLEMENT OPEN SPACE,07-21-01-006
Benue,Ukum,Aterayange,IKYUEUNDU MARKET-MARKET SQUARE,07-21-01-007
Benue,Ukum,Aterayange, IKUMA TYOWUA-IKUMA TYOWUA SETTLEMENT OPEN SPACE,07-21-01-008
Benue,Ukum,Aterayange,TSE  INGBIAN VILLAGE -TSE INGBIAN VILLAGE OPEN SPACE,07-21-01-009
Benue,Ukum,Aterayange,JEN  ANULE -JEN ANULE SETTLEMENT OPEN SPACE,07-21-01-010
Benue,Ukum,Aterayange,AFTER MARKET SQUARE -AFTER MARKET SQUARE,07-21-01-011
Benue,Ukum,Azendeshi,"RCM SCHOOL, ABOKI/SCHOOL COMPOUND",07-21-02-001
Benue,Ukum,Azendeshi,AGOGO MARKET /MARKET SQUARE,07-21-02-002
Benue,Ukum,Azendeshi,"AKPENE/LGED  SCHOOL, AKPENE",07-21-02-003
Benue,Ukum,Azendeshi,ASAM  MARKET /ASAM MARKET SQUARE ,07-21-02-004
Benue,Ukum,Azendeshi,"LGED SCHOOL , AKAGE/SCHOOL COMPOUND",07-21-02-005
Benue,Ukum,Azendeshi,BOAGOM/BOAGOM MARKET SQUARE,07-21-02-006
Benue,Ukum,Azendeshi,"LGEA SCHOOL, CHIATA/SCHOOL COMPOUND ",07-21-02-007
Benue,Ukum,Azendeshi,"LGEA SCHOOL, CHITO/SCHOOL COMPOUND",07-21-02-008
Benue,Ukum,Azendeshi,CHITO I/CHITO MARKET SQUARE ,07-21-02-009
Benue,Ukum,Azendeshi,CHITO IICHITO MARKET MOTOR PARK ,07-21-02-010
Benue,Ukum,Azendeshi,"RCM SCHOOL , GATER/SCHOOL COMPOUND",07-21-02-011
Benue,Ukum,Azendeshi,IKYEGHGBA/IKYEGHGBA VILLAGE SETTLEMENT OPEN SPACE,07-21-02-012
Benue,Ukum,Azendeshi,INGBIAN-NDYAR/INGBIAN-NDYAR VILLAGE SETTLEMENT,07-21-02-013
Benue,Ukum,Azendeshi,MENDE/SCHOOL OPEN COMPOUND OPEN SPACE ,07-21-02-014
Benue,Ukum,Azendeshi,MNZU VILLAGE/MNZU  VILLAGE SETTLEMENT OPEN SPACE,07-21-02-015
Benue,Ukum,Azendeshi,NYIANWUA LGED SCHOOL/SCHOOL COMPOUND,07-21-02-016
Benue,Ukum,Azendeshi,SHENGE/ANYUWA MARKET SQUARE,07-21-02-017
Benue,Ukum,Azendeshi,ANYUWA/ANYUWA MARKET SQUARE,07-21-02-018
Benue,Ukum,Azendeshi,"LGED SCHOOL, UMOUGH/SCHOOL COMPOUND ",07-21-02-019
Benue,Ukum,Azendeshi,UTUTU I/UTUTU MARKET,07-21-02-020
Benue,Ukum,Azendeshi,UTUTU II/NKST MARKET,07-21-02-021
Benue,Ukum,Azendeshi,"LGEA SCHOOL, ZENKE/SCHOOL COMPOUND",07-21-02-022
Benue,Ukum,Azendeshi,ABENGA LGEA SCHOOL/SCHOOL COMPOUND,07-21-02-023
Benue,Ukum,Azendeshi,TSE NYAJO VILLAGE/TSE NYAJO OPEN SPACE,07-21-02-024
Benue,Ukum,Azendeshi,ASTAAN VILAGE  MARKET SQUARE,07-21-02-025
Benue,Ukum,Azendeshi,CHITO POLICE STATION,07-21-02-026
Benue,Ukum,Azendeshi,ORIFAM VILLAGE SQUARE,07-21-02-027
Benue,Ukum,Azendeshi,LGEA PRIMARY SCHOOL ANAKA,07-21-02-028
Benue,Ukum,Borikyo,RCM SCHOOL AYATI/SCHOOL COMPOUND,07-21-03-001
Benue,Ukum,Borikyo,AYATI TOWN/AYATI MOTOR PARK,07-21-03-002
Benue,Ukum,Borikyo,AYATI VILLAGE/NEAR AYATI POLICE STATION ,07-21-03-003
Benue,Ukum,Borikyo,UGBANGER ALI/UGBANGER ALI COMPOUND ,07-21-03-004
Benue,Ukum,Borikyo,TSE GBUUKA/GBUUKA MARKET,07-21-03-005
Benue,Ukum,Borikyo,TSE WAN NYAM-VILLAGE/TSE WAN NYAM OPEN VILLAGE,07-21-03-006
Benue,Ukum,Borikyo,MBAJIME NOMJOV/NOMJOV VILLAGE SETTLEMENT OPEN SPACE,07-21-03-007
Benue,Ukum,Borikyo,TSE GYOONDO VILLAGE/GYOONDO VILLAGE OPEN SPACE,07-21-03-008
Benue,Ukum,Borikyo,"LGEA SCHOOL,SANKERA/SCHOOL COMPOUND",07-21-03-009
Benue,Ukum,Borikyo,"NKST.SCHOOL,SANKERA/SCHOOL COMPOUND",07-21-03-010
Benue,Ukum,Borikyo,AGENA VILLAGE /AGENA MARKET SQUARE,07-21-03-011
Benue,Ukum,Borikyo,LGED SCHOOL AGENA/SCHOOL COMPOUND,07-21-03-012
Benue,Ukum,Borikyo,"LGED SCHOOL,ATAM/SCHOOL COMPOUND",07-21-03-013
Benue,Ukum,Borikyo,TSE MTSAR VILLAGE/MTSAR VILLAGE OPEN SPACE,07-21-03-014
Benue,Ukum,Borikyo,TSE ATSEM/ TSE ASTEM VILLAGE OPEN SPACE,07-21-03-015
Benue,Ukum,Borikyo,UGBANGER ALI/UGBANGER ALI COMPOUND ,07-21-03-016
Benue,Ukum,Borikyo,ATUNKU VILLAGE/ATUNKU VILLAGE SETTLEMENT OPEN SPACE,07-21-03-017
Benue,Ukum,Borikyo,WOMBO VILLAGE/TSE WOMBO VILLAGE OPEN SPACE,07-21-03-018
Benue,Ukum,Borikyo,ADA DUKU VILLAGE/ABA DUKU VILLAGE SETTLEMENT  OPEN SPACE,07-21-03-019
Benue,Ukum,Borikyo,"NGENEV  COMM.SEC.SCHOOL,SANKERA /SCHOOL COMPOUND",07-21-03-020
Benue,Ukum,Borikyo,"LGED SCHOOL,AGENA II/SCHOOL COMPOUND",07-21-03-021
Benue,Ukum,Borikyo,RCM AKUUNYA,07-21-03-022
Benue,Ukum,Borikyo,UKUM LOCAL GOVT.SECRETARIATE,07-21-03-023
Benue,Ukum,Ityuluv,AGBOR VILLAGE -SCHOOL COMPOUND ,07-21-04-001
Benue,Ukum,Ityuluv,AJANTA VILLAGE -TSE AJANTA VILLAGE OPEN SPACE,07-21-04-002
Benue,Ukum,Ityuluv,APEGBAN VILLAGE -APEGBAN VILLAGE SSTTLEMENT OPEN  SPACE,07-21-04-003
Benue,Ukum,Ityuluv,GBAGIR MARKET - GBAGIR -GBAGIR MARKET SQUARE,07-21-04-004
Benue,Ukum,Ityuluv,"LGEA SCHOOL, GBAGIR -GBAGIR PRIMARY SCHOOL",07-21-04-005
Benue,Ukum,Ityuluv,"LGEA SCHOOL, GBERNEV SCHOOL COMPOUND",07-21-04-006
Benue,Ukum,Ityuluv,HWAMBE VILLAGE -HWAMBE MARKET ,07-21-04-007
Benue,Ukum,Ityuluv,KARMEM  MARKET -KARMEN MARKET SQUARE ,07-21-04-008
Benue,Ukum,Ityuluv,TACHIA MARKET -TACHIA MARKET SQUARE,07-21-04-009
Benue,Ukum,Ityuluv,UGEMA VILLAGE -UGEMA VILLAGE SETTLEMENT,07-21-04-010
Benue,Ukum,Ityuluv,UKYONGO VILLAGE -NEW UKYONGO MARKET SQUARE,07-21-04-011
Benue,Ukum,Ityuluv,IGBUDU YONGO VILLAGE - TSE -IGBUDU OPEN SPACE,07-21-04-012
Benue,Ukum,Ityuluv,NKST AZANDE,07-21-04-013
Benue,Ukum,Ityuluv,LGEA  PRIMARY SCHOOL GENABE,07-21-04-014
Benue,Ukum,Ityuluv,MARARABA MARKET,07-21-04-015
Benue,Ukum,Kendev,"LGEA SCHOOL, AGBETE-SCHOOL COMPOUND",07-21-05-001
Benue,Ukum,Kendev,AGONGU VILLAGE -RCM ISA AGONGU,07-21-05-002
Benue,Ukum,Kendev,ALEDA VILLAGE -ALEDA VILLAGE SETTLEMENT -OPEN SPACE,07-21-05-003
Benue,Ukum,Kendev,ANSAMBE MARKET -KUR ANSAMBE OPEN SPACE,07-21-05-004
Benue,Ukum,Kendev,AYE VILLAGE -AYE VILLAGE SETTLEMENT -OPEN SPACE,07-21-05-005
Benue,Ukum,Kendev,LGEA   SCHOOL BOSUA SCHOOL COMPOUND,07-21-05-006
Benue,Ukum,Kendev,RCM .BUCHI -SCHOOL COMPOUND ,07-21-05-007
Benue,Ukum,Kendev, TSE BUTU VILLAGE -TSE BUTU VILLAGE OPEN ,07-21-05-008
Benue,Ukum,Kendev,TSE FEDA RCM - SCHOOL COMPOUND,07-21-05-009
Benue,Ukum,Kendev,GBAUN VILLAGE -TSE GBAUN VILLAGE OPEN SPACE,07-21-05-010
Benue,Ukum,Kendev,NKST  SCHOOL HEMMBE -SCHOOL COMPOUND,07-21-05-011
Benue,Ukum,Kendev,"LGEA SCHOOL , IGYO-SCHOOL COMPOUND ",07-21-05-012
Benue,Ukum,Kendev,JIME INDEYER VILLAGE-JIME INDYER  VILLAGE SETTLEMENT  OPEN SPACE,07-21-05-013
Benue,Ukum,Kendev,"IKOOWUA VILLAGE (LGEA)-LGEA SCHOOL, IKOOWUA",07-21-05-014
Benue,Ukum,Kendev,"NKST .SCHOOL, NGIRA VILLAGE /NGIRA VILLAGE SETTLEMENT -SCHOOL",07-21-05-015
Benue,Ukum,Kendev,SAKAN NKST/SCHOOL COMPOUND ,07-21-05-016
Benue,Ukum,Kendev,"NKST .SCHOOL, SELU/SCHOOL COMPOUND",07-21-05-017
Benue,Ukum,Kendev,TYUNGU MARKET/TSE TYUNGU MARKET,07-21-05-018
Benue,Ukum,Kendev,UZE VILLAGE/OPEN SPACE AT IKPAIVUNGU FIELD,07-21-05-019
Benue,Ukum,Kendev,"LGEA SCHOOL, ALEDA/SCHOOL PREMISES",07-21-05-020
Benue,Ukum,Kendev,"LGEA SCHOOL, ANSAMBE/SCHOOL PREMISES",07-21-05-021
Benue,Ukum,Kendev,TOR NAJIME VILLAGE,07-21-05-022
Benue,Ukum,Kundav,NKST.SCHOOL AERNYI-OPEN SPACE NEAR CHURCH,07-21-06-001
Benue,Ukum,Kundav,"NKST SCHOOL,AKAANYA-SCHOOL COMPOUND ",07-21-06-002
Benue,Ukum,Kundav,"LGEA  SCHOOL, AKUM -SCHOOL COMPOUND ",07-21-06-003
Benue,Ukum,Kundav,TSE AZUNGWE VILLAGE -DZUNGWE VILLAGE SETTLEMENT  OPEN SPACE,07-21-06-004
Benue,Ukum,Kundav,LEP. CLINIC IHUNGWA - OPEN SPACE ,07-21-06-005
Benue,Ukum,Kundav,LGEA SCHOOL SHILA-SCHOOL COMPOUND ,07-21-06-006
Benue,Ukum,Kundav,LGEA TIZA -SCHOOL COMPOUND ,07-21-06-007
Benue,Ukum,Kundav,MBAKORGBA TOR GBE VILLAGE SETTLEMENT OPEN SPACE,07-21-06-008
Benue,Ukum,Kundav,LGEA SCHOOL AKUM II-SCHOOL COMPOUND,07-21-06-009
Benue,Ukum,Kundav,KPEAKAA VILLAGE,07-21-06-010
Benue,Ukum,Lumbuv,AHURA VILLAGE-TSE-AHURA VILLAGE OPEN ,07-21-07-001
Benue,Ukum,Lumbuv,"LGEA SCHOOL, ALABAR-SCHOOL COMPOUND ",07-21-07-002
Benue,Ukum,Lumbuv,APEAKAA VILLAGE -APEAKAA VILLAGE SETTLEMENT OPEN SPACE,07-21-07-003
Benue,Ukum,Lumbuv,LGEA SCHOOL DAGI - SCHOOL COMPOUND,07-21-07-004
Benue,Ukum,Lumbuv,AKUME DOKI - TSE AKUME DOKI VILLAGE OPEN SPACE,07-21-07-005
Benue,Ukum,Lumbuv,GBOUGHOL VILLAGE - TSE - GBOUGHOL VILLAGE  OPEN SPACE,07-21-07-006
Benue,Ukum,Lumbuv,GIBO VILLAGE - TSE - GIBO VILLAGE OPEN SPACE,07-21-07-007
Benue,Ukum,Lumbuv,"NKST SCHOOL, GYENKU - SCHOOL COMPOUND",07-21-07-008
Benue,Ukum,Lumbuv,LOHO VILLAGE LGED - SCHOOL COMPOUND,07-21-07-009
Benue,Ukum,Lumbuv,NAMTAAV VILLAGE - NAMTAAV VILLAGE SETTLEMENT OPEN SPACE,07-21-07-010
Benue,Ukum,Lumbuv,"LGEA SCHOOL, SAAOR - SCHOOL COMPOUND",07-21-07-011
Benue,Ukum,Lumbuv,TSE - SHOM VILLAGE - TSE - SHOM VILLAGE OPEN,07-21-07-012
Benue,Ukum,Lumbuv,UGBER HWER VILLAGE - UGBER HWER VILLAGE OPEN SPACE,07-21-07-013
Benue,Ukum,Lumbuv,"LGEA SCHOOL, UGOH - SCHOOL COMPOUND",07-21-07-014
Benue,Ukum,Lumbuv,"UCHA DAY SEC. SCHOOL, VAASE - SCHOOL COMPOUND",07-21-07-015
Benue,Ukum,Lumbuv,ZUN VILLAGE - ZUN VILLAGE SETTLEMENT OPEN SPACE,07-21-07-016
Benue,Ukum,Lumbuv,SAAOR GEH - SAAOR VILLAGE OPEN SPACE,07-21-07-017
Benue,Ukum,Lumbuv,ALABAR VILLAGE MARKET,07-21-07-018
Benue,Ukum,Lumbuv,ASAN VILLAGE,07-21-07-019
Benue,Ukum,Lumbuv,ANYA VILLAGE,07-21-07-020
Benue,Ukum,Lumbuv,LGEA PRIMARY SCHOOL AGBUM,07-21-07-021
Benue,Ukum,Lumbuv,NKST PRIMARY SCHOOL AKAANYA,07-21-07-022
Benue,Ukum,Lumbuv,LGEA PRIMARY SCHOOL ABADO,07-21-07-023
Benue,Ukum,Mbatian,NKST ALAM NORYA/NKST ALAM NORYA OPEN SPACE,07-21-08-001
Benue,Ukum,Mbatian,"NKST, ASOM/ASOM AMADU VILLAGE OPEN SPACE",07-21-08-002
Benue,Ukum,Mbatian,LGEA DYOM/SCHOOL COMPOUND,07-21-08-003
Benue,Ukum,Mbatian,"LGEA SCHOOL, IGYEMWASE/SCHOOL COMPOUND",07-21-08-004
Benue,Ukum,Mbatian,ITYO VILLAGE/SCHOOL COMPOUND,07-21-08-005
Benue,Ukum,Mbatian,IVASE KUR VILLAGE/IVASE KUR VILLAGE OPEN SPACE,07-21-08-006
Benue,Ukum,Mbatian,LGEA SCHOOL SWENDE/SCHOOL COMPOUND,07-21-08-007
Benue,Ukum,Mbatian,TSE AKAA/NKST SCHOOL TSE AKAA,07-21-08-008
Benue,Ukum,Mbatian,"LGEA SCHOOL, ULE/SCHOOL COMPOUND",07-21-08-009
Benue,Ukum,Mbatian,"UNICEF SCHOOL, TINE-NUNE/SCHOOL COMPOUND",07-21-08-010
Benue,Ukum,Mbatian,IGYEMWASE MARKET SQUARE/SCHOOL COMPOUND,07-21-08-011
Benue,Ukum,Mbatian,ANSUA VILLAGE SQUARE,07-21-08-012
Benue,Ukum,Mbatian,AZEGE VILLAGE,07-21-08-013
Benue,Ukum,Mbatian,ATSOR VILLAGE (WRONGLY CODED AS 019 BEFORE),07-21-08-014
Benue,Ukum,Mbayenge,"LGEA SCHOOL, BITO - SCHOOL COMPOUND",07-21-09-001
Benue,Ukum,Mbayenge,IGBAKAA VILLAGE - IGBAILAA VILLAGE SETTLEMENT OPEN SPACE,07-21-09-002
Benue,Ukum,Mbayenge,JOOTAR MARKET SQUARE - JOOTER MARKET,07-21-09-003
Benue,Ukum,Mbayenge,"LGEA SCHOOL, JOOTAR - SCHOOL COMPOUND",07-21-09-004
Benue,Ukum,Mbayenge,"LGEA SCHOOL, JOOTAR II - SCHOOL COMPOUND",07-21-09-005
Benue,Ukum,Mbayenge,IKYUKYUNDU I - IKYUKYUNDU VILLAGE SETTLEMENT OPEN SPACE,07-21-09-006
Benue,Ukum,Mbayenge,IKYUKYUNDU II - IKYUKYUNDU VILLAGE SETTLEMENT OPEN SPACE,07-21-09-007
Benue,Ukum,Mbayenge,MELABU MARKET SQUARE - MELABU MARKET SQUARE,07-21-09-008
Benue,Ukum,Mbayenge,ORTONDO LGEA SCHOOL - SCHOOL COMPOUND,07-21-09-009
Benue,Ukum,Mbayenge,"PEVILLYAA VILLAGE - NKST SCHOOL, PEVIKYAA",07-21-09-010
Benue,Ukum,Mbayenge,LGEA SCHOOL SAKA - SCHOOL COMPOUND,07-21-09-011
Benue,Ukum,Mbayenge,TSE - ADI - TSE - ADI MARKET SQUARE,07-21-09-012
Benue,Ukum,Mbayenge,TSE - DURA SHAN - TSE - ADURA SHAN VILLAGE OPEN SPACE,07-21-09-013
Benue,Ukum,Mbayenge,TSE IKYOHO - TSE IKYOHO VILLAGE,07-21-09-014
Benue,Ukum,Mbayenge,LGEA SCHOOL DAUDA - SCHOOL PREMISES,07-21-09-015
Benue,Ukum,Mbayenge,GAZA MEMORIAL SEC. SCHOOL,07-21-09-016
Benue,Ukum,Mbayenge,LGEA MELABU PRIMARY SCHOOL,07-21-09-017
Benue,Ukum,Mbazun,KYADO MARKET I/MARKET SQUARE,07-21-10-001
Benue,Ukum,Mbazun,KYADO MARKET II/MARKET SQUARE,07-21-10-002
Benue,Ukum,Mbazun,KYADO GARAGE/GARAGE SPACE,07-21-10-003
Benue,Ukum,Mbazun,KYADO RCM/SCHOOL COMPOUND,07-21-10-004
Benue,Ukum,Mbazun,KYADO NKST I/SCHOOL COMPOUND,07-21-10-005
Benue,Ukum,Mbazun,KYADO NKST II/SCHOOL COMPOUND,07-21-10-006
Benue,Ukum,Mbazun,GBERINDYER VILLAGE/GBERINDYER VILLAGE SETTLEMENT OPEN SPACE,07-21-10-007
Benue,Ukum,Mbazun,JAWER VILLAGE/JAWER VILLAGE SETTLEMENT OPEN SPACE,07-21-10-008
Benue,Ukum,Mbazun,ABOAJIO VILLAGE/ABOAJIO VILLAGE SETTLEMENT OPEN SPACE,07-21-10-009
Benue,Ukum,Mbazun,LGEA SCHOOL DAJO/SCHOOL COMPOUND,07-21-10-010
Benue,Ukum,Mbazun,"NKST SCHOOL, ANKAR/SCHOOL COMPOUND",07-21-10-011
Benue,Ukum,Mbazun,TSEVENDE IGO/TSE-VENDE VILLAGE OPEN SPACE,07-21-10-012
Benue,Ukum,Mbazun,TSE-AYI AGA I/AYIAGA VILLAGE OPEN SPACE,07-21-10-013
Benue,Ukum,Mbazun,"TWE-AYIAGBA II/LGED SCHOOL, BOM",07-21-10-014
Benue,Ukum,Mbazun,KUSUGH VILLAGE/KUSUGH VILLAGE OPEN SPACE,07-21-10-015
Benue,Ukum,Mbazun,TSE YOOSU/TSE YOOSU VILLAGE OPEN SPACE,07-21-10-016
Benue,Ukum,Mbazun,"LGEA SCHOOL, UTEE/SCHOOL COMPOUND",07-21-10-017
Benue,Ukum,Mbazun,"LGEA SCHOOL, ATOGBENDA/SCHOOL COMPOUND",07-21-10-018
Benue,Ukum,Mbazun,UNOR DIOGO/UNOR DIOGO VILLAGE OPEN SPACE,07-21-10-019
Benue,Ukum,Mbazun,NUNDE MARKET/NUNDE MARKET SQUARE,07-21-10-020
Benue,Ukum,Mbazun,UKPE VILLAGE/UKPE VILLAGE SETTLEMENT OPEN SPACE,07-21-10-021
Benue,Ukum,Mbazun,AKAACHIGH VILLAGE/AKAACHIGH VILLAGE SETTLEMENT OPEN SPACE,07-21-10-022
Benue,Ukum,Mbazun,AMUGH LGED SCHOOL I/SCHOOL COMPOUND,07-21-10-023
Benue,Ukum,Mbazun,AMUGH LGED SCHOOL II/SCHOOL COMPOUND,07-21-10-024
Benue,Ukum,Mbazun,AKPUUNA VILLAGE I/AKPUUNA MARKET SQUARE,07-21-10-025
Benue,Ukum,Mbazun,AKPUUNA VILLAGE II/AKPUUNA MARKET SQUARE,07-21-10-026
Benue,Ukum,Mbazun,LGEA SCHOOL CHIATA - SCHOOL PREMISES,07-21-10-027
Benue,Ukum,Mbazun,KERGA DIO/KERGA DIO VILLAGE OPEN SPACE,07-21-10-028
Benue,Ukum,Mbazun,AKAA AKUNDO/RCM. SCHOOL AKUNDO,07-21-10-029
Benue,Ukum,Mbazun,TSE-AYIAGA OPEN SPACE/TSE AYIAGBA OPEN SPACE,07-21-10-030
Benue,Ukum,Mbazun,TSE BURYA VILLAGE,07-21-10-031
Benue,Ukum,Mbazun,ANGLICAN SEC. SCHOOL KYADO,07-21-10-032
Benue,Ukum,Mbazun,KYADO NEW YAM MARKET,07-21-10-033
Benue,Ukum,Mbazun,MBATEREM COMM. SEC. SCHOOL KYADO,07-21-10-034
Benue,Ukum,Mbazun,LGEA SCHOOL SHANGE,07-21-10-035
Benue,Ukum,Mbazun,TSE AGBAVIR VILLAGE,07-21-10-036
Benue,Ukum,Mbazun,UKPEN VILLAGE SQUARE,07-21-10-037
Benue,Ukum,Mbazun,AKAAER VILLAGE,07-21-10-038
Benue,Ukum,Tsaav,AKOBO VILLAGE/AKOBO VILLAGE SETTLEMENT OPEN SPACE,07-21-11-001
Benue,Ukum,Tsaav,AUR VILLAGE/AUR VILLAGE SETTLEMENT OPEN SPACE,07-21-11-002
Benue,Ukum,Tsaav,TSE FEDA/FEDA VILLAGE SETTLEMENT OPEN SPACE,07-21-11-003
Benue,Ukum,Tsaav,IKYOIVE VILLAGE/IKOIVE VILLAGE SETTLEMENT OPEN SPACE,07-21-11-004
Benue,Ukum,Tsaav,KORAGBA VILLAGE/KORAGBA VILLAGE SETTLEMENT OPEN SPACE,07-21-11-005
Benue,Ukum,Tsaav,"LGEA SCHOOL, AFIA - SCHOOL COMPOUND",07-21-11-006
Benue,Ukum,Tsaav,"LGEA SCHOOL, GBEJI/MARKET SQUARE",07-21-11-007
Benue,Ukum,Tsaav,"RCM SCHOOL, GOR UCHA/MARKET SQUARE",07-21-11-008
Benue,Ukum,Tsaav,"LGEA SCHOOL, KUR/SCHOOL COMPOUND",07-21-11-009
Benue,Ukum,Tsaav,"NKST SCHOOL, GBEJI/GBEJI MARKET SQUARE",07-21-11-010
Benue,Ukum,Tsaav,ORAWUAM VILLAGE ORAWUAM VILLAGE SETTLEMENT OPEN SPACE,07-21-11-011
Benue,Ukum,Tsaav,LGEA PRI. SCH. GBAIYER,07-21-11-012
Benue,Ukum,Tsaav,TSE-SHIMA/SHIMA VILLAGE SETTLEMENT OPEN SPACE,07-21-11-013
Benue,Ukum,Tsaav,TSE-GAGA VILLAGE/TSE-GAGA VILLAGE SETTLEMENT OPEN SPACE,07-21-11-014
Benue,Ukum,Tsaav,COUNCIL HALL AFIA/AFIA COUNCIL HALL,07-21-11-015
Benue,Ukum,Tsaav,"TSE TYONDO/LGED SCHOOL, GBAYIER",07-21-11-016
Benue,Ukum,Tsaav,TYOKYAA VILLAGE/TYOKYAA VILLAGE SETTLEMENT OPEN SPACE,07-21-11-017
Benue,Ukum,Tsaav,UKENDE VILLAGE/UKENDE VILLAGE SETTLEMENT OPEN SPACE,07-21-11-018
Benue,Ukum,Tsaav,AFIA MARK SQUARE/MARKET OPEN SPACE,07-21-11-019
Benue,Ukum,Tsaav,IGBONGON VILLAGE,07-21-11-020
Benue,Ukum,Tsaav,AWEN VILLAGE,07-21-11-021
Benue,Ukum,Tsaav,AFIA VILLAGE MOTOR PARK,07-21-11-022
Benue,Ukum,Tsaav,RCM PRIMARY SCHOOL AFIA,07-21-11-023
Benue,Ukum,Tsaav,UCHA COMM. SEC. SCHOOL AFIA,07-21-11-024
Benue,Ukum,Ugbaam,ADOGO VILLAGE/ADOGO VILLAGE SETTLEMENT OPEN SPACE,07-21-12-001
Benue,Ukum,Ugbaam,AHOMGA VILLAGE/AHOMGA VILLAGE SETTLEMENT OPEN SPACE,07-21-12-002
Benue,Ukum,Ugbaam,AKENDE MARKET SQUARE/AKENDE MARKET SQUARE,07-21-12-003
Benue,Ukum,Ugbaam,ANYUNUKU VILLAGE/ANYUNUKU SETTLEMENT OPEN SPACE,07-21-12-004
Benue,Ukum,Ugbaam,MBAKESA/KPEESE LGEA/SCHOOL COMPOUND,07-21-12-005
Benue,Ukum,Ugbaam,ORKPEN VILLAGE/ORKPEN VILLAGE SETTLEMENT OPEN SPACE,07-21-12-006
Benue,Ukum,Ugbaam,"UYOO VILLAGE/LGED SCHOOL, UYOO",07-21-12-007
Benue,Ukum,Ugbaam,AKENDE VILLAGE/AKENDE OPEN SPACE,07-21-12-008
Benue,Ukum,Ugbaam,AGUDA VILLAGE,07-21-12-009
Benue,Ukum,Ugbaam,LGEA PRIMARY SCHOOL ISHOR,07-21-12-010
Benue,Ukum,Ugbaam,AMACHIGH VILLAGE,07-21-12-011
Benue,Ukum,Ugbaam,TORBYA VILLAGE,07-21-12-012
Benue,Ukum,Ugbaam,MAMKAA VILLAGE,07-21-12-013
Benue,Ukum,Uyam,BAPTIST/BAPTIST SCHOOL COMPOUND,07-21-13-001
Benue,Ukum,Uyam,KAFE AREA ZAKI-BIAM/KAFE AREA Z/BIAM OPEN SPACE,07-21-13-002
Benue,Ukum,Uyam,"ANGLICAN SCHOOL, ZAKI-BIAM/SCHOOL COMPOUND",07-21-13-003
Benue,Ukum,Uyam,TSE-UZO VILLAGE/OPEN SPACE NEAR CHURCH,07-21-13-004
Benue,Ukum,Uyam,HAUSA QUARTERS Z/BIAM/GIDIN KATANYA OPEN SPACE,07-21-13-005
Benue,Ukum,Uyam,ZAKI-BIAM MOTOR PARK I/Z/BIAM MOTOR PARK OPEN SPACE,07-21-13-006
Benue,Ukum,Uyam,"RCM SCHOOL, ZAKI-BIAM/SCHOOL COMPOUND",07-21-13-007
Benue,Ukum,Uyam,MARKET SQUARE Z/BIAM/Z/BIAM MAIN MARKET,07-21-13-008
Benue,Ukum,Uyam,AFATI VILLAGE/TSE-AFATI VILLAGE OPEN SPACE,07-21-13-009
Benue,Ukum,Uyam,LGEA SCHOOL. MBAMENA/SCHOOL COMPOUND,07-21-13-010
Benue,Ukum,Uyam,"NKST SCHOOL, ZAKI-BIAM I/SCHOOL COMPOUND",07-21-13-011
Benue,Ukum,Uyam,MBA-AMANDEV/SCHOOL COMPOUND,07-21-13-012
Benue,Ukum,Uyam,"NKST SCHOOL, MANDAKI/SCHOOL COMPOUND",07-21-13-013
Benue,Ukum,Uyam,RCM. ZAKI-BIAM II/SCHOOL COMPOUND,07-21-13-014
Benue,Ukum,Uyam,MECHANIC SHADE/OPEN SPACE AT TIMBER SHADE,07-21-13-015
Benue,Ukum,Uyam,TSE UVIA VILLAGE/TSE UVIA VILLAGE OPEN SPACE,07-21-13-016
Benue,Ukum,Uyam,HWEMBE I/TSE-HWEMBE VILLAGE SETTLEMENT OPEN SPACE,07-21-13-017
Benue,Ukum,Uyam,TSE DUGWER - TSE DUGWER VILLAGE SETTLEMENT OPEN SPACE,07-21-13-018
Benue,Ukum,Uyam,TSE-ANJONDO/TSE/ANJONDO VILLAGE OPEN SPACE,07-21-13-019
Benue,Ukum,Uyam,TSE-INGBIAN/TSE-INGBIAN VILLAGE OPEN SPACE,07-21-13-020
Benue,Ukum,Uyam,"GOVT. COLLEGE, ZAKI-BIAM/SCHOOL COMPPOUND",07-21-13-021
Benue,Ukum,Uyam,ZAKI-BIAM VILLAGE/ZAKI-BIAM VILLAGE OPEN SPACE,07-21-13-022
Benue,Ukum,Uyam,HWEMBE II/HWEMBE VILLAGE OPEN SPACE,07-21-13-023
Benue,Ukum,Uyam,NKST SCHOOL ZAKI-BIAM/SCHOOL COMPOUND,07-21-13-024
Benue,Ukum,Uyam,ANGLICAN SCHOOL II/Z/BIAM/SCHOOL COMPOUND,07-21-13-025
Benue,Ukum,Uyam,ZAKI BIAM EAST BESIDE NKST,07-21-13-026
Benue,Ukum,Uyam,NKST UZO B,07-21-13-027
Benue,Ukum,Uyam,UNGWAN KUNGIYA ZAKI BIAM,07-21-13-028
Benue,Ukum,Uyam,IGBO HALL ZAKI BIAM,07-21-13-029
Benue,Ukum,Uyam,NKST ZAKI BIAM WEST,07-21-13-030
Benue,Ukum,Uyam,RCM TYOGA VILLAGE,07-21-13-031
Benue,Ukum,Uyam,ST. ANTHONYS SCEONDARY SCHOOL ZAKI BIAM,07-21-13-032
Benue,Ukum,Uyam,DIVINE MERCY SEC. SCHOOL ZAKI BIAM,07-21-13-033
Benue,Ukum,Uyam,SHOVIKA COMPREHENSIVE SEC. SCH. ZAKI BIAM,07-21-13-034
Benue,Ushongo,Atirkyese,LGEA SCHOOL GE-MBAYEM,07-22-01-001
Benue,Ushongo,Atirkyese, GSS ALU,07-22-01-002
Benue,Ushongo,Atirkyese," LGEA SCHOOL, KWAGHBULA",07-22-01-003
Benue,Ushongo,Atirkyese," LGEA SCHOOL, BOOR I",07-22-01-004
Benue,Ushongo,Atirkyese, AKOKO AMINDE VILLAGE SQUARE,07-22-01-005
Benue,Ushongo,Atirkyese," NKST SCHOOL, TYAM",07-22-01-006
Benue,Ushongo,Atirkyese,"RCM. SCHOOL, NGAVAN",07-22-01-007
Benue,Ushongo,Atirkyese, ADIKPO MARKET SQUARE,07-22-01-008
Benue,Ushongo,Atirkyese, LGEA SCHOOL AHOOL,07-22-01-009
Benue,Ushongo,Atirkyese, AHURA AGBOOKO VILLAGE SQUARE,07-22-01-010
Benue,Ushongo,Atirkyese, UGOHO MARKET SQUARE,07-22-01-011
Benue,Ushongo,Atirkyese, ORTESE UGEE MARKET SQUARE,07-22-01-012
Benue,Ushongo,Atirkyese,RCM SCH. AYEV ATOZA I,07-22-01-013
Benue,Ushongo,Atirkyese,RCM. SCHOOL HINDAN,07-22-01-014
Benue,Ushongo,Atirkyese,RCM SCHOOL AYEV ATOZA II,07-22-01-015
Benue,Ushongo,Atirkyese,"L.G.E.A. SCHOOL, BOOR II",07-22-01-016
Benue,Ushongo,Atirkyese,AJAVER MARKET SQUARE,07-22-01-017
Benue,Ushongo,Atirkyese,JOO-GBENDA MARKET SQUARE,07-22-01-018
Benue,Ushongo,Atirkyese,TSE BULL FRUITS MARKETS SQUARE,07-22-01-019
Benue,Ushongo,Atirkyese,LGEA PRIMARY SCHOOL ANGWE,07-22-01-020
Benue,Ushongo,Atirkyese, LGEA PRIMARY SCHOOL UGEE,07-22-01-021
Benue,Ushongo,Ikov, UDE MARKET SQUARE,07-22-02-001
Benue,Ushongo,Ikov,"LGEA SCHOOL, AKERIGBA",07-22-02-002
Benue,Ushongo,Ikov, SATI MARKET SQUARE I,07-22-02-003
Benue,Ushongo,Ikov,SATI MARKET SQUARE II,07-22-02-004
Benue,Ushongo,Ikov, LGEA SCHOOL JOMBO,07-22-02-005
Benue,Ushongo,Ikov,LGEA SCHOOL IGBAIKYOR,07-22-02-006
Benue,Ushongo,Ikov, WANZE MARKET SQUARE,07-22-02-007
Benue,Ushongo,Ikov, LGEA SCHOOL BILAJA,07-22-02-008
Benue,Ushongo,Ikov,LGEA SCH. ICHAVER,07-22-02-009
Benue,Ushongo,Ikov, HIITOM ORBIAM VILL. SQR. I,07-22-02-010
Benue,Ushongo,Ikov, HIITOM ORBIAM VILL. SQR. II,07-22-02-011
Benue,Ushongo,Ikov, LGEA SCHOOL UKANDE,07-22-02-012
Benue,Ushongo,Ikov,GEMA VILLAGE SQUARE,07-22-02-013
Benue,Ushongo,Ikov," FADA, MARKET SQUARE",07-22-02-014
Benue,Ushongo,Ikov, ATEE MARKET SQUARE,07-22-02-015
Benue,Ushongo,Ikov,ABADO MARKET SQUARE,07-22-02-016
Benue,Ushongo,Ikov,"MTU, MARKET SQUARE",07-22-02-017
Benue,Ushongo,Ikov,LGEA SCHOOL MANOR,07-22-02-018
Benue,Ushongo,Ikov,NKST SEC. SCH. FAAJI,07-22-02-019
Benue,Ushongo,Ikov,LGEA SCH. HIITOM ORBIAM,07-22-02-020
Benue,Ushongo,Ikov, IGUNGU MKT SQUARE,07-22-02-021
Benue,Ushongo,Ikov, AKYA MKT SQUARE,07-22-02-022
Benue,Ushongo,Lessel," LESSEL, GARRAGE I",07-22-03-001
Benue,Ushongo,Lessel,DEFUNCT NRC SECRETARIAT,07-22-03-002
Benue,Ushongo,Lessel, LESSEL INT. PRIMARY SCHOOL,07-22-03-003
Benue,Ushongo,Lessel,"RCM. SCHOOL, KULA",07-22-03-004
Benue,Ushongo,Lessel,LGEA SCHOOL GE-MBAGWA I,07-22-03-005
Benue,Ushongo,Lessel,ANATO TYOUGH VILLAGE SQUARE,07-22-03-006
Benue,Ushongo,Lessel,AREA COURT LESSEL,07-22-03-007
Benue,Ushongo,Lessel,LESSEL GARRAGE II,07-22-03-008
Benue,Ushongo,Lessel," LGEA SCHOOL, GE-MBAGWA II",07-22-03-009
Benue,Ushongo,Lessel, VOCATIONAL CENTRE,07-22-03-010
Benue,Ushongo,Lessel, CHIA MKT SQUARE,07-22-03-011
Benue,Ushongo,Lessel, UPPER AREA COURT,07-22-03-012
Benue,Ushongo,Lessel, KINGS AND QUEENS NURS. PRI. SCH.,07-22-03-013
Benue,Ushongo,Lessel,COLLEGE OF HEALTH TECH.,07-22-03-014
Benue,Ushongo,Lessel, MBAAGWA COMMUNITY SCH. LESSEL,07-22-03-015
Benue,Ushongo,Lessel, MATERNAL & CHILD HEALTH CLINIC AKPENGE,07-22-03-016
Benue,Ushongo,Lessel,GENERAL HOSPITAL LESSEL,07-22-03-017
Benue,Ushongo,Mbaaka,"RCM SCHOOL, BUTER",07-22-04-001
Benue,Ushongo,Mbaaka, ATOGA MARKET SQUARE,07-22-04-002
Benue,Ushongo,Mbaaka,ANTYOV MARK. SQUARE,07-22-04-003
Benue,Ushongo,Mbaaka,"NKST SCHOOL, ATONDO",07-22-04-004
Benue,Ushongo,Mbaaka,ANDURA IKPUR,07-22-04-005
Benue,Ushongo,Mbaaka,"NKST. SCHOOL, MAYANGE",07-22-04-006
Benue,Ushongo,Mbaaka, RCM. SCHOOL TARPAV,07-22-04-007
Benue,Ushongo,Mbaaka, RCM. SCHOOL NYAGA,07-22-04-008
Benue,Ushongo,Mbaaka, TSE FATE VILLAGE SQUARE I,07-22-04-009
Benue,Ushongo,Mbaaka," WAJIR, MARKET SQUARE",07-22-04-010
Benue,Ushongo,Mbaaka," RCM. SCHOOL, ATIMENYA",07-22-04-011
Benue,Ushongo,Mbaaka, MBAYOUGSHA VILL. SQUARE,07-22-04-012
Benue,Ushongo,Mbaaka,ANYWAKPE VILLAGE SQUARE,07-22-04-013
Benue,Ushongo,Mbaaka,BER AGBUM VILLAGE SQUARE,07-22-04-014
Benue,Ushongo,Mbaaka, LGEA SCH. TSEGHEM,07-22-04-015
Benue,Ushongo,Mbaaka,TSEGHEM MAR. SQUARE,07-22-04-016
Benue,Ushongo,Mbaaka,TSE-FATE VILL. SQ. II,07-22-04-017
Benue,Ushongo,Mbaaka, BAGU MKT SQUARE,07-22-04-018
Benue,Ushongo,Mbaaka,AMELANGU MARKET SQUARE,07-22-04-019
Benue,Ushongo,Mbaaka,LGEA SCHOOL SENDEUN,07-22-04-020
Benue,Ushongo,Mbaaka,LGEA SCHOOL SHIRGA,07-22-04-021
Benue,Ushongo,Mbaaka, TSE HUNDU ,07-22-04-022
Benue,Ushongo,Mbaanyam,ORBAN MARKET SQUARE I,07-22-05-001
Benue,Ushongo,Mbaanyam,NKST. SCHOOL IORBO,07-22-05-002
Benue,Ushongo,Mbaanyam,ANTSEA MARKET SQUARE,07-22-05-003
Benue,Ushongo,Mbaanyam,"RCM. SCHOOL, ABUUL",07-22-05-004
Benue,Ushongo,Mbaanyam,RCM SCHOOL WAAPERA,07-22-05-005
Benue,Ushongo,Mbaanyam,MDSS WAAPERA I,07-22-05-006
Benue,Ushongo,Mbaanyam, KENDEV MARKET SQUARE,07-22-05-007
Benue,Ushongo,Mbaanyam," LGEA SCHOOL, SHAWON",07-22-05-008
Benue,Ushongo,Mbaanyam,"RCM. SCHOOL, AKPERA",07-22-05-009
Benue,Ushongo,Mbaanyam,ANGLICAN SCH. IGBAUKE,07-22-05-010
Benue,Ushongo,Mbaanyam, ORBAN MARKET SQ. II,07-22-05-011
Benue,Ushongo,Mbaanyam,MDSS WAAPERA II,07-22-05-012
Benue,Ushongo,Mbaanyam,NAJIME MARKET SQUARE,07-22-05-013
Benue,Ushongo,Mbaanyam,SOON MARKET SQUARE,07-22-05-014
Benue,Ushongo,Mbaanyam,LAN MARKET SQUARE,07-22-05-015
Benue,Ushongo,Mbaawe,AKURE ADUKU,07-22-06-001
Benue,Ushongo,Mbaawe, DOUGH AKUNDU MAR. SQU.,07-22-06-002
Benue,Ushongo,Mbaawe, RCM SCH. JORNOR (ABA YOL),07-22-06-003
Benue,Ushongo,Mbaawe,LGEA SCHOOL JOR-NOR,07-22-06-004
Benue,Ushongo,Mbaawe, BUA BUNDE VILLAGE SQUARE,07-22-06-005
Benue,Ushongo,Mbaawe,LOBI MARKET SQUARE I,07-22-06-006
Benue,Ushongo,Mbaawe,DETSO VILLAGE SQUARE,07-22-06-007
Benue,Ushongo,Mbaawe," LGEA SCHOOL, KARTYO",07-22-06-008
Benue,Ushongo,Mbaawe, TSE AHURA VILL. SQU,07-22-06-009
Benue,Ushongo,Mbaawe,"RCM SCHOOL, KAAKIGHIR",07-22-06-010
Benue,Ushongo,Mbaawe, IDYOLOUGH VILLAGE SQUARE,07-22-06-011
Benue,Ushongo,Mbaawe, LOBI MARKET SQUARE II,07-22-06-012
Benue,Ushongo,Mbaawe, ANGUSHA MKT SQR.,07-22-06-013
Benue,Ushongo,Mbaawe,AKUSAH MARKET SQUARE,07-22-06-014
Benue,Ushongo,Mbagba, LGEA SCHOOL WAJIR,07-22-07-001
Benue,Ushongo,Mbagba,ABIA MARKET SQUARE,07-22-07-002
Benue,Ushongo,Mbagba,GBER MARKET SQUARE,07-22-07-003
Benue,Ushongo,Mbagba,"NKST. SCHOOL, FAGA",07-22-07-004
Benue,Ushongo,Mbagba,AKILE VILL. SQU.,07-22-07-005
Benue,Ushongo,Mbagba, FILIFI MARKET SQUARE,07-22-07-006
Benue,Ushongo,Mbagba, ATEKOMBO MARKET SQUARE,07-22-07-007
Benue,Ushongo,Mbagba, ANTIEV MARKET SQUARE,07-22-07-008
Benue,Ushongo,Mbagba,TSEE-ADUM VILLAGE SQUARE,07-22-07-009
Benue,Ushongo,Mbagba,LGEA SCH. TSUMBA,07-22-07-010
Benue,Ushongo,Mbagba, ATSER KAASHIMA VILL. SQU.,07-22-07-011
Benue,Ushongo,Mbagba, RCM SCH. YAMTYO,07-22-07-012
Benue,Ushongo,Mbagba,LGEA SCH. ALUMUKU,07-22-07-013
Benue,Ushongo,Mbagba,"LGEA SCHOOL, YESE",07-22-07-014
Benue,Ushongo,Mbagba,NKST GBE,07-22-07-015
Benue,Ushongo,Mbagba,QUEENS AND KINGS NUR. PRI. SCH. IUSA,07-22-07-016
Benue,Ushongo,Mbagba,ACHIATAR VILLAGE SQUARE,07-22-07-017
Benue,Ushongo,Mbagba,FOUR WAY MARKET SQUARE,07-22-07-018
Benue,Ushongo,Mbagba,CHEBE MARKET SQUARE,07-22-07-019
Benue,Ushongo,Mbagba,GYAR MARKET SQUARE,07-22-07-020
Benue,Ushongo,Mbagba,APUSU VILL. SQUARE,07-22-07-021
Benue,Ushongo,Mbagba,ICHIGH KI IORLIAM MARKET SQUARE,07-22-07-022
Benue,Ushongo,Mbagba,LGEA PRI. SCH. TULUGH MBAGBA,07-22-07-023
Benue,Ushongo,Mbagba,YONGO MKT SQUARE,07-22-07-024
Benue,Ushongo,Mbagwaza,IGBOOR MARKET SQUARE I,07-22-08-001
Benue,Ushongo,Mbagwaza,IGBOOR MARKET SQUARE II,07-22-08-002
Benue,Ushongo,Mbagwaza,SHOM VILL. SQAURE,07-22-08-003
Benue,Ushongo,Mbagwaza,TSE-YUA VILLAGE SQUARE,07-22-08-004
Benue,Ushongo,Mbagwaza,VAGBA MARKET SQUARE,07-22-08-005
Benue,Ushongo,Mbagwaza,HEAGHA MARKET SQU.,07-22-08-006
Benue,Ushongo,Mbagwaza,"RCM SCHOOL, TARUNGWA",07-22-08-007
Benue,Ushongo,Mbagwaza,LGEA SCH. HEAGHA,07-22-08-008
Benue,Ushongo,Mbagwaza,IKPAIKPAM MARKET SQUARE,07-22-08-009
Benue,Ushongo,Mbagwaza,JOOTAR MARKET SQUARE,07-22-08-010
Benue,Ushongo,Mbagwaza,MBAIKYAA PROGRESSIVE SEC. SCH.,07-22-08-011
Benue,Ushongo,Mbagwaza,CHADO MARKET SQUARE,07-22-08-012
Benue,Ushongo,Mbagwaza,IMANDE BOSHI VILL. SQUARE,07-22-08-013
Benue,Ushongo,Mbagwaza,TSE-GESA VILLAGE SQR,07-22-08-014
Benue,Ushongo,Mbagwaza,BETHEL MARKET SQUARE,07-22-08-015
Benue,Ushongo,Mbakuha,GAJIR CITY SCHOOL,07-22-09-001
Benue,Ushongo,Mbakuha,"LGEA SCHOOL, IGYURA",07-22-09-002
Benue,Ushongo,Mbakuha,"NKST. SCHOOL, AYAVGA",07-22-09-003
Benue,Ushongo,Mbakuha,ANCHE MARKET SQUARE,07-22-09-004
Benue,Ushongo,Mbakuha,"LGEA SCHOOL, MAZONKO",07-22-09-005
Benue,Ushongo,Mbakuha,"RCM. SCHOOL, YAAKUR",07-22-09-006
Benue,Ushongo,Mbakuha,UKALI MARKET SQUARE,07-22-09-007
Benue,Ushongo,Mbakuha,RCM SCHOOL UGAH,07-22-09-008
Benue,Ushongo,Mbakuha,AKU JUNCTION,07-22-09-009
Benue,Ushongo,Mbakuha, IKYOBO GARRAGE,07-22-09-010
Benue,Ushongo,Mbakuha,IKYOBO MARKET SQUARE,07-22-09-011
Benue,Ushongo,Mbakuha,"NKST. SCHOOL, ANOM",07-22-09-012
Benue,Ushongo,Mbakuha," LGEA SCHOOL, NYAGBA",07-22-09-013
Benue,Ushongo,Mbakuha," RCM. SCHOOL, YAR",07-22-09-014
Benue,Ushongo,Mbakuha," NKST. SCHOOL, AKU",07-22-09-015
Benue,Ushongo,Mbakuha,"NKST. SCHOOL, AMOKAHA",07-22-09-016
Benue,Ushongo,Mbakuha,NIMBA MARKET SQUARE,07-22-09-017
Benue,Ushongo,Mbakuha, AHAAVE MARKET SQUARE,07-22-09-018
Benue,Ushongo,Mbakuha,"RCM SCHOOL, ORGBA",07-22-09-019
Benue,Ushongo,Mbakuha," RCM. SCHOOL, GEGE",07-22-09-020
Benue,Ushongo,Mbakuha,JOV MARKET SQUARE,07-22-09-021
Benue,Ushongo,Mbakuha, IGYURA AGBINDE MARKET SQUARE,07-22-09-022
Benue,Ushongo,Mbakuha, NKST PRIMARY SCHOOL IFO,07-22-09-023
Benue,Ushongo,Mbakuha,ASSURANCE ACADEMY,07-22-09-024
Benue,Ushongo,Mbakuha, HUR JUNCTION,07-22-09-025
Benue,Ushongo,Mbayegh,"RCM SCHOOL, USE",07-22-10-001
Benue,Ushongo,Mbayegh,USHONGO MARKET SQUARE,07-22-10-002
Benue,Ushongo,Mbayegh," NKST SCHOOL, USHONGO",07-22-10-003
Benue,Ushongo,Mbayegh, TSE USE VILLAGE SQUARE,07-22-10-004
Benue,Ushongo,Mbayegh, TSE AGWA VILLAGE SQUARE,07-22-10-005
Benue,Ushongo,Mbayegh," LGEA SCHOOL, UKE-KPENGA",07-22-10-006
Benue,Ushongo,Mbayegh," NKST SCHOOL, ANAREGH",07-22-10-007
Benue,Ushongo,Mbayegh,"RCM SCHOOL, ITYOUGH",07-22-10-008
Benue,Ushongo,Mbayegh,LGEA SCH. NYINA,07-22-10-009
Benue,Ushongo,Mbayegh,LGEA SCHOOL MBAHILAR,07-22-10-010
Benue,Ushongo,Mbayegh,FRONT OF POST OFFICE,07-22-10-011
Benue,Ushongo,Mbayegh,"NKST. SCHOOL, ADAGI",07-22-10-012
Benue,Ushongo,Mbayegh,GSS USHONGO,07-22-10-013
Benue,Ushongo,Mbayegh,IBYA AIVE MARKET SQUARE,07-22-10-014
Benue,Ushongo,Mbayegh, KPEREGH MARKET SQUARE,07-22-10-015
Benue,Ushongo,Mbayegh," RCM. SCHOOL, KPEREGH",07-22-10-016
Benue,Ushongo,Mbayegh, RCM SCH. SHIRSHIMA,07-22-10-017
Benue,Ushongo,Mbayegh,GBATSE MARKET SQUARE,07-22-10-018
Benue,Ushongo,Mbayegh,"RCM. SCHOOL, IORHUNA",07-22-10-019
Benue,Ushongo,Mbayegh,NKST KPOR I,07-22-10-020
Benue,Ushongo,Mbayegh,NKST. KPOR II,07-22-10-021
Benue,Ushongo,Mbayegh,ANIWANGE MARKET SQUARE,07-22-10-022
Benue,Ushongo,Mbayegh,USHONGO TOWNSHIP HALL,07-22-10-023
Benue,Ushongo,Utange,AKERIOR MARKET SQUARE,07-22-11-001
Benue,Ushongo,Utange,"LGEA SCHOOL, AKERIOR",07-22-11-002
Benue,Ushongo,Utange," LGEA SCHOOL, TAANAGHAR",07-22-11-003
Benue,Ushongo,Utange,HUNDAGAR MARKET SQUARE,07-22-11-004
Benue,Ushongo,Utange,"LGEA SCHOOL, GBINDE",07-22-11-005
Benue,Ushongo,Utange," LGEA SCHOOL, IKOAZANDE",07-22-11-006
Benue,Ushongo,Utange,TSE ALI MARKET SQUARE,07-22-11-007
Benue,Ushongo,Utange,JINDI MARKET SQUARE,07-22-11-008
Benue,Ushongo,Utange,TSE GAVAR VILLAGE SQUARE,07-22-11-009
Benue,Ushongo,Utange, TSE-IVO VILLAGE SQUARE,07-22-11-010
Benue,Ushongo,Utange,Y-MARKET SQUARE,07-22-11-011
Benue,Ushongo,Utange,CENTRE MARKET SQUARE,07-22-11-012
Benue,Ushongo,Utange,IGO VILLAGE SQUARE,07-22-11-013
Benue,Ushongo,Utange,ADZER MARKET SQUARE,07-22-11-014
Benue,Vandeikya,Mbadede,NEAR TYAGHER ADIGO COMPOUND OPEN SPACE,07-23-01-001
Benue,Vandeikya,Mbadede,NEAR THE ZEGESHIMA GBAGEMA COMPOUND,07-23-01-002
Benue,Vandeikya,Mbadede,MARKET SQUARE TOR TIV,07-23-01-003
Benue,Vandeikya,Mbadede,"MBAAKON GRAMMAR SCHOOL, MBAAKON",07-23-01-004
Benue,Vandeikya,Mbadede,"LGEA SCHOOL, IKPABUA",07-23-01-005
Benue,Vandeikya,Mbadede,NEAR COMP. MOJI MEDE I,07-23-01-006
Benue,Vandeikya,Mbadede,NEAR COMP. MOJI MEDE II,07-23-01-007
Benue,Vandeikya,Mbadede,NEAR COMP. GERI AKYA,07-23-01-008
Benue,Vandeikya,Mbadede,MARKET SQUARE ABAKI,07-23-01-009
Benue,Vandeikya,Mbadede,LGEA SCH TSE JI I,07-23-01-010
Benue,Vandeikya,Mbadede,NEAR COMP. ASUE IGBE,07-23-01-011
Benue,Vandeikya,Mbadede,"LGEA SCHOOL, KPAMBER",07-23-01-012
Benue,Vandeikya,Mbadede,"MARKET SQUARE, NOMCHI",07-23-01-013
Benue,Vandeikya,Mbadede,"LGEA SCHOL, IVENGE",07-23-01-014
Benue,Vandeikya,Mbadede,NEAR COMP. NGOKUGH,07-23-01-015
Benue,Vandeikya,Mbadede,NEAR COMP. BUNDE,07-23-01-016
Benue,Vandeikya,Mbadede,NEAR COMP. BEBA UGBAA,07-23-01-017
Benue,Vandeikya,Mbadede,NEAR COMP. JIRBO SUWE,07-23-01-018
Benue,Vandeikya,Mbadede,"MARKET SQUARE, NDERE DUGHWA I   ",07-23-01-019
Benue,Vandeikya,Mbadede,"MARKET SQUARE, NDERE DUGHWA II",07-23-01-020
Benue,Vandeikya,Mbadede,"MARKET SQUARE, MANDEUN",07-23-01-021
Benue,Vandeikya,Mbadede,NEAR COMP. AZEEZE ABA,07-23-01-022
Benue,Vandeikya,Mbadede,NEAR COMP. CHOON AGBEE,07-23-01-023
Benue,Vandeikya,Mbadede,"MARKET SQUARE, UGBA",07-23-01-024
Benue,Vandeikya,Mbadede,"LGEA SCHOOL, KIISHI",07-23-01-025
Benue,Vandeikya,Mbadede,CLINIC PREMISES NKST. UKA,07-23-01-026
Benue,Vandeikya,Mbadede,"MBAWUAR SEC. SCHOOL, MBAWUAR I",07-23-01-027
Benue,Vandeikya,Mbadede,DISPENSARY PREMISES - LGEA IHUGH I,07-23-01-028
Benue,Vandeikya,Mbadede,DISPENSARY PREMISES - LGEA IHUGH II,07-23-01-029
Benue,Vandeikya,Mbadede,ROUND ABOUT (NEAR) IHUGH I,07-23-01-030
Benue,Vandeikya,Mbadede,NEAR ROUND ABOUT - IHUGH II,07-23-01-031
Benue,Vandeikya,Mbadede,MARKET SQUARE - IHUGH DAILY MARKET I,07-23-01-032
Benue,Vandeikya,Mbadede,MARKET SQUARE - IHUGH DAILY MARKET II,07-23-01-033
Benue,Vandeikya,Mbadede,"RCM. SCHOOL, - IHUGH",07-23-01-034
Benue,Vandeikya,Mbadede,NEAR COMP. TYOGBENDA AVENDA I,07-23-01-035
Benue,Vandeikya,Mbadede,NEAR COMP. TYOGBENDA AVENDA II,07-23-01-036
Benue,Vandeikya,Mbadede,NEAR COMP. ANHWER ATO,07-23-01-037
Benue,Vandeikya,Mbadede,NEAR COMP. TSE YIYE AKUM,07-23-01-038
Benue,Vandeikya,Mbadede,"LGEA SCHOOL, PREMISES - TSE JI II   ",07-23-01-039
Benue,Vandeikya,Mbadede,"MBAWUAR SEC. SCHOOL, PREMISES - MBAWUAR II",07-23-01-040
Benue,Vandeikya,Mbadede,"MBAAKON GRAMMAR SCHOOL, PREMISES MBAAKOV",07-23-01-041
Benue,Vandeikya,Mbadede,OPEN SPACE NEAR AVUVE COMP.,07-23-01-042
Benue,Vandeikya,Mbadede,MARKET SQUARE NGEGHEE,07-23-01-043
Benue,Vandeikya,Mbadede,OPEN SPACE NEAR NKST CHURCH UKA,07-23-01-044
Benue,Vandeikya,Mbadede,RCM SCHOOL ADE,07-23-01-045
Benue,Vandeikya,Mbadede,OPEN SPACE TSE AMOKAHA GBA,07-23-01-046
Benue,Vandeikya,Mbadede,OPEN SPACE NEAR NKST NOR,07-23-01-047
Benue,Vandeikya,Mbadede,OPEN SPACE RCM SCHOOL ORKUMA,07-23-01-048
Benue,Vandeikya,Mbadede,LGEA PRI. SCH. TOR-TIV,07-23-01-049
Benue,Vandeikya,Mbadede,MARKET SQUARE IOROR,07-23-01-050
Benue,Vandeikya,Mbadede,MARKET SQUARE ALAKALI,07-23-01-051
Benue,Vandeikya,Mbadede,OPEN SPACE OPPOSITE ALIA’S COMP.,07-23-01-052
Benue,Vandeikya,Mbadede,OPEN SPACE OPP.ST. WINIFRED CATH. CHURCH,07-23-01-053
Benue,Vandeikya,Mbadede,"RCM PRIMARY SCHOOL, ANZA",07-23-01-054
Benue,Vandeikya,Mbadede,OPEN SPACE NEAR ST. DOMINIC YUHWE,07-23-01-055
Benue,Vandeikya,Mbadede,OPEN SPACE NEAR RCM TSECHOR,07-23-01-056
Benue,Vandeikya,Mbadede,NKST PRI. SCH. IHUGH,07-23-01-057
Benue,Vandeikya,Mbatyough,"LGEA SCHOOL, TSAR I",07-23-02-001
Benue,Vandeikya,Mbatyough,"LGEA SCHOOL, TSAR II",07-23-02-002
Benue,Vandeikya,Mbatyough,MARKET SQUARE - TSAR I,07-23-02-003
Benue,Vandeikya,Mbatyough,MARKET SQUARE - TSAR II,07-23-02-004
Benue,Vandeikya,Mbatyough,"LGEA SCHOOL, ADEV",07-23-02-005
Benue,Vandeikya,Mbatyough,"LGEA SCHOOL, DUGERI",07-23-02-006
Benue,Vandeikya,Mbatyough,"LGEA SCHOOL, ACHAGH",07-23-02-007
Benue,Vandeikya,Mbatyough,NEAR COMP. - KWAGHGBA ABAA,07-23-02-008
Benue,Vandeikya,Mbatyough,"NKST. SCHOOL, AGBILE",07-23-02-009
Benue,Vandeikya,Mbatyough,"LGEA SCHOOL, ANYONGO",07-23-02-010
Benue,Vandeikya,Mbatyough,"LGEA SCHOOL, AWUNA",07-23-02-011
Benue,Vandeikya,Mbatyough,LGEA SCHOOL PREMISES - ADEV II,07-23-02-012
Benue,Vandeikya,Mbatyough,"OPEN SPACE NEAR CTR. FOR DIS,",07-23-02-013
Benue,Vandeikya,Mbatyough,SHAAR AGEGE MARKET SQUARE,07-23-02-014
Benue,Vandeikya,Mbatyough,OPEN SPACE NEAR ICT CENTRE,07-23-02-015
Benue,Vandeikya,Mbatyough,GOVERNMENT SEC. SCHOOL TSAR,07-23-02-016
Benue,Vandeikya,Mbatyough,OPEN SPACE NEAR RCM SCHOOL TIOONYO,07-23-02-017
Benue,Vandeikya,Mbagbam,NEAR COMP. TSE AONDOAKAA,07-23-03-001
Benue,Vandeikya,Mbagbam,"LGEA SCHOOL, AGONJOV",07-23-03-002
Benue,Vandeikya,Mbagbam,NEAR COMP. TSE AMERADU,07-23-03-003
Benue,Vandeikya,Mbagbam,NEAR COMP. TSE GWAMBE,07-23-03-004
Benue,Vandeikya,Mbagbam,NEAR COMP. TSE AGINDE,07-23-03-005
Benue,Vandeikya,Mbagbam,LGEA SCHOOL - AKEHE,07-23-03-006
Benue,Vandeikya,Mbagbam,LGEA SCHOOL - KOTI EAST,07-23-03-007
Benue,Vandeikya,Mbagbam,NEAR COMP. AGU KWAV,07-23-03-008
Benue,Vandeikya,Mbagbam,"LGEA SCHOOL, AGUBO",07-23-03-009
Benue,Vandeikya,Mbagbam,"LGEA SCHOOL, IKYOWASE",07-23-03-010
Benue,Vandeikya,Mbagbam,NEAR COMP. WAYA ZEGENYON,07-23-03-011
Benue,Vandeikya,Mbagbam,NEAR COMP. TSE ATEMAKPE,07-23-03-012
Benue,Vandeikya,Mbagbam,MARKET SQUARE - TAATIHI,07-23-03-013
Benue,Vandeikya,Mbagbam,LGEA SCH SAMBE I,07-23-03-014
Benue,Vandeikya,Mbagbam,COURT PREMISES - TSE MKER COURT HALL,07-23-03-015
Benue,Vandeikya,Mbagbam,LGEA SCH SAMBE II,07-23-03-016
Benue,Vandeikya,Mgbagbera,"LGEA SCHOOL, DAMKOR",07-23-04-001
Benue,Vandeikya,Mgbagbera, MARKET SQUARE - JAPE,07-23-04-002
Benue,Vandeikya,Mgbagbera,NKST. PRIMARY SCHOOL - NAA I,07-23-04-003
Benue,Vandeikya,Mgbagbera, NKST PRIMARY SCHOOL - NAA II,07-23-04-004
Benue,Vandeikya,Mgbagbera,LGEA SCHOOL - ANSHOR,07-23-04-005
Benue,Vandeikya,Mgbagbera,NEAR COMP. KUEGH,07-23-04-006
Benue,Vandeikya,Mgbagbera,MARKET SQUARE - SHARWAN,07-23-04-007
Benue,Vandeikya,Mgbagbera," LGEA SCHOOL, GUBE",07-23-04-008
Benue,Vandeikya,Mgbagbera, LGEA SCHOOL - NENDE,07-23-04-009
Benue,Vandeikya,Mgbagbera, MARKET SQUARE - ASHIMIN,07-23-04-010
Benue,Vandeikya,Mgbagbera,RCM. SCHOOL - UGYE I,07-23-04-011
Benue,Vandeikya,Mgbagbera,"RCM. SCHOOL, UGYE II",07-23-04-012
Benue,Vandeikya,Mgbagbera,LGEA SCHOOL - CHI,07-23-04-013
Benue,Vandeikya,Mgbagbera,LGEA SCHOOL - ASHINYA I,07-23-04-014
Benue,Vandeikya,Mgbagbera," LGEA SCHOOL, ASHINYA II",07-23-04-015
Benue,Vandeikya,Mgbagbera,NEAR COMP. - WAR WADA,07-23-04-016
Benue,Vandeikya,Mgbagbera, NEAR COMP. TSE ANGUR,07-23-04-017
Benue,Vandeikya,Mgbagbera, LGEA SCH TSUA I,07-23-04-018
Benue,Vandeikya,Mgbagbera,LGEA SCH TSUA II,07-23-04-019
Benue,Vandeikya,Mgbagbera,MARKET SQUARE - ACHWA,07-23-04-020
Benue,Vandeikya,Mgbagbera,MARKET SQUARE - ACHWA II,07-23-04-021
Benue,Vandeikya,Mgbagbera, LGEA SCHOOL - ABENA,07-23-04-022
Benue,Vandeikya,Mgbagbera, NEAR COMP. TSE GONGI,07-23-04-023
Benue,Vandeikya,Mgbagbera,MARKET SQUARE - AHILE JIME,07-23-04-024
Benue,Vandeikya,Mgbagbera,FEAKPO COUNCIL HALL PREMISES,07-23-04-025
Benue,Vandeikya,Mgbagbera," OPEN SPACE NEAR NKST CHURCH, KUMBUR",07-23-04-026
Benue,Vandeikya,Mgbagbera,ABEGE MEMORIAL SEC. SCHOOL,07-23-04-027
Benue,Vandeikya,Mgbagbera, NKST PRIMARY SCHOOL MKER,07-23-04-028
Benue,Vandeikya,Mgbagbera,RCM CHURCH AGBURUGBU,07-23-04-029
Benue,Vandeikya,Mbajor,OPEN SPACE DURA BUA (NEAR RCM TYOHON),07-23-05-001
Benue,Vandeikya,Mbajor,"RCM SCHOOL, GBAGBONGOM I",07-23-05-002
Benue,Vandeikya,Mbajor,RCM SCHOOL - GBAGBONGOM II,07-23-05-003
Benue,Vandeikya,Mbajor,OPEN SPACE - KOR VILLAGE,07-23-05-004
Benue,Vandeikya,Mbajor,OPEN SPACE - BOOGO ABUATSE,07-23-05-005
Benue,Vandeikya,Mbajor,OPEN SPACE BER (ORTESE KYOOSU),07-23-05-006
Benue,Vandeikya,Mbajor, LGEA SCHOOL - ANONGO I,07-23-05-007
Benue,Vandeikya,Mbajor,LGEA SCHOOL - ANONGO II,07-23-05-008
Benue,Vandeikya,Mbajor, NEAR COMP. TSE KAAGU,07-23-05-009
Benue,Vandeikya,Mbajor, NEAR COMP. - SUAVE UKPEHE,07-23-05-010
Benue,Vandeikya,Mbajor,MARKET SQUARE - KWAGHKOR I,07-23-05-011
Benue,Vandeikya,Mbajor, MARKET SQUARE - KWAGHKOR II,07-23-05-012
Benue,Vandeikya,Mbajor, MARKET SQUARE - AGBINDA,07-23-05-013
Benue,Vandeikya,Mbajor,NEAR COMP. PREMISES - AGBINDA NYANGER,07-23-05-014
Benue,Vandeikya,Mbakaange, LGEA SCHOOL - MBAKUNDE,07-23-06-001
Benue,Vandeikya,Mbakaange, MARKET SQUARE - ANKAR,07-23-06-002
Benue,Vandeikya,Mbakaange, RCM. SCHOOL - AVAKAA,07-23-06-003
Benue,Vandeikya,Mbakaange, NEAR COMP. - TSE UNENE,07-23-06-004
Benue,Vandeikya,Mbakaange,MARKET SQUARE - AGINDE,07-23-06-005
Benue,Vandeikya,Mbakaange, NEAR COMP. - TSE AGBO (TSE AZEEZE),07-23-06-006
Benue,Vandeikya,Mbakaange, CLINIC PREMISES DYEGH LEPROSY,07-23-06-007
Benue,Vandeikya,Mbakaange, RCM. SCHOOL - ADI,07-23-06-008
Benue,Vandeikya,Mbakaange, CLINIC PREMISES - HUR LEPROSY,07-23-06-009
Benue,Vandeikya,Mbakaange, OPEN SPACE IN FRONT OF TOR JECHIRA'S PALACE,07-23-06-010
Benue,Vandeikya,Mbakaange, OPEN SPACE ANANDE IKPA COMP.,07-23-06-011
Benue,Vandeikya,Mbakaange, OPEN SPACE TSE LUGA,07-23-06-012
Benue,Vandeikya,Mbakaange, OPEN SPACE TSE IDYU,07-23-06-013
Benue,Vandeikya,Mbakaange, OPEN SPACE NKST ANYAMHUR,07-23-06-014
Benue,Vandeikya,Mbakaange,OPEN SPACE TSE-KODAR,07-23-06-015
Benue,Vandeikya,Mbakyaha, NKST. SCHOOL - UGBA,07-23-07-001
Benue,Vandeikya,Mbakyaha,RCM SCHOOL - AKUSE,07-23-07-002
Benue,Vandeikya,Mbakyaha,MARKET SQUARE - ANZA,07-23-07-003
Benue,Vandeikya,Mbakyaha,RCM. SCHOOL - AJOKO,07-23-07-004
Benue,Vandeikya,Mbakyaha, LGEA SCHOOL - LIAM,07-23-07-005
Benue,Vandeikya,Mbakyaha, NEAR COMP. - KPE UGAA,07-23-07-006
Benue,Vandeikya,Mbakyaha,RCM. SCHOOL - ZAGEKWEN,07-23-07-007
Benue,Vandeikya,Mbakyaha,OPEN SPACE - MBAAKULEKE,07-23-07-008
Benue,Vandeikya,Mbakyaha,RCM. SCHOOL - TORBUA,07-23-07-009
Benue,Vandeikya,Mbakyaha, MARKET SQUARE - AGU,07-23-07-010
Benue,Vandeikya,Mbakyaha,NEAR COMP. - TSE KPUM I,07-23-07-011
Benue,Vandeikya,Mbakyaha,NEAR COMP. - TSE KPUM II,07-23-07-012
Benue,Vandeikya,Mbakyaha,NEAR COMP. - ZAKOR,07-23-07-013
Benue,Vandeikya,Mbakyaha,OPPOSITE COMP. - YAAN OPEN SPACE,07-23-07-014
Benue,Vandeikya,Mbakyaha,MARKET SQUARE - KOTI I,07-23-07-015
Benue,Vandeikya,Mbakyaha, MARKET SQUARE - KOTI II,07-23-07-016
Benue,Vandeikya,Mbakyaha,LGEA SCHOOL - AGBENDE,07-23-07-017
Benue,Vandeikya,Mbakyaha,OPPOSITE NKST SCHOOL - KOTI EAST,07-23-07-018
Benue,Vandeikya,Mbakyaha,OPEN SPACE NEAR TYOSULA'S COMP. - TYOSULA,07-23-07-019
Benue,Vandeikya,Mbakyaha,NEAR COMP. - GYEGWE IVO,07-23-07-020
Benue,Vandeikya,Mbakyaha,NKST. SCHOOL - KPAMO,07-23-07-021
Benue,Vandeikya,Mbakyaha,NKST. SCHOOL -GBUUSHU,07-23-07-022
Benue,Vandeikya,Mbakyaha,NEAR COMP. - TSE NYAKA I,07-23-07-023
Benue,Vandeikya,Mbakyaha,NEAR COMP. - TSE NYAKA II,07-23-07-024
Benue,Vandeikya,Mbakyaha,MARKET SQUARE - PEV,07-23-07-025
Benue,Vandeikya,Mbakyaha,RCM. SCHOOL - IKYUMBUR,07-23-07-026
Benue,Vandeikya,Mbakyaha,NKST SCHOOL - AKO ABWA I,07-23-07-027
Benue,Vandeikya,Mbakyaha,MARKET SQUARE - ITYAVYAR,07-23-07-028
Benue,Vandeikya,Mbakyaha,CLINIC PREMISES - USOR LEPROSY CLINIC,07-23-07-029
Benue,Vandeikya,Mbakyaha,LGEA SCHOOL - AUDU,07-23-07-030
Benue,Vandeikya,Mbakyaha, MARKET SQUARE - AKO FATE,07-23-07-031
Benue,Vandeikya,Mbakyaha,OPPOSITE NKST. SCHOOL - PREMISES TOTI,07-23-07-032
Benue,Vandeikya,Mbakyaha,NKST. SCHOOL PREMISES - AKO ABWA II,07-23-07-033
Benue,Vandeikya,Mbakyaha,OPEN SPACE NEAR RCM CHURCH ACHIR,07-23-07-034
Benue,Vandeikya,Mbakyaha,OPEN SPACE NEAR KOTI OLD POLICE STN.,07-23-07-035
Benue,Vandeikya,Mbayongo, MARKET SQUARE - TYEMIMONGO I,07-23-08-001
Benue,Vandeikya,Mbayongo,MARKET SQUARE - TYEMIMONGO II,07-23-08-002
Benue,Vandeikya,Mbayongo, LGEA SCHOOL - CHEREN I,07-23-08-003
Benue,Vandeikya,Mbayongo, LGEA SCHOOL - CHEREN II,07-23-08-004
Benue,Vandeikya,Mbayongo, LGEA SCHOOL - GUBE,07-23-08-005
Benue,Vandeikya,Mbayongo,NKST. SCHOOL PREMISES - ATO,07-23-08-006
Benue,Vandeikya,Mbayongo,RCM. SCHOOL - ASAN,07-23-08-007
Benue,Vandeikya,Mbayongo, CLINIC PREMISES - BAM LEPROSY CLINIC,07-23-08-008
Benue,Vandeikya,Mbayongo, LGEA SCHOOL - UKPE,07-23-08-009
Benue,Vandeikya,Mbayongo,NEAR COMP. AGERA NUGH,07-23-08-010
Benue,Vandeikya,Mbayongo,LGEA SCHOOL - AKPE,07-23-08-011
Benue,Vandeikya,Mbayongo, NEAR COMP. - ADOM GBEV,07-23-08-012
Benue,Vandeikya,Mbayongo,MARKET SQUARE - ADAMGBE I,07-23-08-013
Benue,Vandeikya,Mbayongo,MARKET SQUARE - ADAMGBE II,07-23-08-014
Benue,Vandeikya,Mbayongo, LGEA SCHOOL - IKYUNDU,07-23-08-015
Benue,Vandeikya,Mbayongo,LGEA SCHOOL - GUSHA,07-23-08-016
Benue,Vandeikya,Mbayongo, LGEA SCHOOL - AGEVA,07-23-08-017
Benue,Vandeikya,Mbayongo,"LGEA SCHOOL, MBAYONGO",07-23-08-018
Benue,Vandeikya,Mbayongo,NEAR COMP. - TSE-TOR DIMA,07-23-08-019
Benue,Vandeikya,Mbayongo,LGEA SCHOOL - IKPAAJAV,07-23-08-020
Benue,Vandeikya,Mbayongo, NEAR COMP (OPEN SPACE) - TSE HAANONGON,07-23-08-021
Benue,Vandeikya,Mbayongo,NEAR COMP. - TSE DAAGU,07-23-08-022
Benue,Vandeikya,Mbayongo,OPEN SPACE TSE AGUDO,07-23-08-023
Benue,Vandeikya,Mbayongo,MARKET SQUARE GERI GBANGEE,07-23-08-024
Benue,Vandeikya,Mbayongo,LGEA SCHOOL ADAMGBE,07-23-08-025
Benue,Vandeikya,Mbayongo,OPEN SPACE TSE SAMAKA,07-23-08-026
Benue,Vandeikya,Mbayongo,VEMBE BRANCH,07-23-08-027
Benue,Vandeikya,Ningev,MARKET SQUARE - TYEMIMONGO I,07-23-09-001
Benue,Vandeikya,Ningev,MARKET SQUARE - TYEMIMONGO II,07-23-09-002
Benue,Vandeikya,Ningev,LGEA SCHOOL - CHEREN I,07-23-09-003
Benue,Vandeikya,Ningev,LGEA SCHOOL - CHEREN II,07-23-09-004
Benue,Vandeikya,Ningev, LGEA SCHOOL - GUBE,07-23-09-005
Benue,Vandeikya,Ningev,NKST. SCHOOL PREMISES - ATO,07-23-09-006
Benue,Vandeikya,Ningev,RCM. SCHOOL - ASAN,07-23-09-007
Benue,Vandeikya,Ningev, CLINIC PREMISES - BAM LEPROSY CLINIC,07-23-09-008
Benue,Vandeikya,Ningev, LGEA SCHOOL - UKPE,07-23-09-009
Benue,Vandeikya,Ningev, NEAR COMP. AGERA NUGH,07-23-09-010
Benue,Vandeikya,Ningev,LGEA SCHOOL - AKPE,07-23-09-011
Benue,Vandeikya,Ningev, NEAR COMP. - ADOM GBEV,07-23-09-012
Benue,Vandeikya,Ningev,MARKET SQUARE - ADAMGBE I,07-23-09-013
Benue,Vandeikya,Ningev, MARKET SQUARE - ADAMGBE II,07-23-09-014
Benue,Vandeikya,Tsambe, CLINIC PREMISES - MBAAGBANDE LEP. CLINIC,07-23-10-001
Benue,Vandeikya,Tsambe,LGEA SCHOOL - PREMISES LIJAM,07-23-10-002
Benue,Vandeikya,Tsambe,MARKET SQUARE - NIGERIA,07-23-10-003
Benue,Vandeikya,Tsambe, LGEA SCHOOL PREMISES - GBAGIR,07-23-10-004
Benue,Vandeikya,Tsambe,NEAR COMP. YAAYA IHUNDUGH,07-23-10-005
Benue,Vandeikya,Tsambe,NKST. SCHOOL PREMISES - AGER,07-23-10-006
Benue,Vandeikya,Tsambe, RCM. SCHOOL PREMISES - DAV,07-23-10-007
Benue,Vandeikya,Tsambe,NKST SCHOOL PREMISES - ADEIYONGO I ,07-23-10-008
Benue,Vandeikya,Tsambe, NKST. SCHOOLPREMISES - ADEIYONGO II,07-23-10-009
Benue,Vandeikya,Tsambe,RCM. SCHOOL PREMISES - GBEM I,07-23-10-010
Benue,Vandeikya,Tsambe,RCM. SCHOOL - PREMISES GBEM II,07-23-10-011
Benue,Vandeikya,Tsambe, RCM. SCHOOL - PREMISES PREMISES - KPAREV,07-23-10-012
Benue,Vandeikya,Tsambe,NEAR BOYAR COMP. BOYAR,07-23-10-013
Benue,Vandeikya,Tsambe,LGEA SCHOOL - PREMISES TSAMBE,07-23-10-014
Benue,Vandeikya,Tsambe,LGEA TSENZUGHUL I,07-23-10-015
Benue,Vandeikya,Tsambe,LGEA TSENZUGHUL II,07-23-10-016
Benue,Vandeikya,Tsambe,NKST. SCHOOL PREMISES - YAAYA I,07-23-10-017
Benue,Vandeikya,Tsambe,RCM. SCHOOL PREMISES - ABERA I,07-23-10-018
Benue,Vandeikya,Tsambe,RCM. SCHOOL PREMISES - ABERA II,07-23-10-019
Benue,Vandeikya,Tsambe,NKST SCHOOL PREMISES - YAAYA II,07-23-10-020
Benue,Vandeikya,Tsambe,OPEN SPACE NEAR AWUA AUGUSTINE COMP.,07-23-10-021
Benue,Vandeikya,Vandeikya Township, FEDERAL GOVERNMENT COLLEGE PREMISES - VANDEIKYA,07-23-11-001
Benue,Vandeikya,Vandeikya Township, NEAR COMP. TSE BECHA,07-23-11-002
Benue,Vandeikya,Vandeikya Township,"BASIC HEALTH CENTRE, CLINIC PREMISES I",07-23-11-003
Benue,Vandeikya,Vandeikya Township,"BASIC HEALTH CENTRE, CLINIC PREMISES II",07-23-11-004
Benue,Vandeikya,Vandeikya Township,NEAR COMP. OPEN SPACE NYOR GAADI I,07-23-11-005
Benue,Vandeikya,Vandeikya Township,NEAR COMP. OPEN SPACE NYOR GAADI II,07-23-11-006
Benue,Vandeikya,Vandeikya Township,OPEN SPACE NEAR CHRIST THE KING PARISH,07-23-11-007
Benue,Vandeikya,Vandeikya Township, AYA RIVER SIDE OPEN SPACE AYA II,07-23-11-008
Benue,Vandeikya,Vandeikya Township, LGEA PRIMARY SCHOOL MOOR,07-23-11-009
Benue,Vandeikya,Vandeikya Township,LG. TEMP. SECRETARIAT OPEN SPACE VKYA II,07-23-11-010
Benue,Vandeikya,Vandeikya Township," LGEA SCHOOL, PREMISES CENTRAL VANDEIKYA",07-23-11-011
Benue,Vandeikya,Vandeikya Township,"LGEA SCHOOL, PREMISES CENTRAL VANDEIKYA II",07-23-11-012
Benue,Vandeikya,Vandeikya Township,OPEN SPACE NEAR IHO'S,07-23-11-013
Benue,Vandeikya,Vandeikya Township,"RCM SCHOOL, PREMISES AGBO I",07-23-11-014
Benue,Vandeikya,Vandeikya Township,DIVISIONAL AGRIC OFFICE PREMISES,07-23-11-015
Benue,Vandeikya,Vandeikya Township,NKST SCHOOL PREMISES - TOR I,07-23-11-016
Benue,Vandeikya,Vandeikya Township, NKST. SCHOOL PREMISES - TOR II,07-23-11-017
Benue,Vandeikya,Vandeikya Township,OPPOSITE YAAYA'S CAMP. YAAYA I,07-23-11-018
Benue,Vandeikya,Vandeikya Township,GBATSE INTERNATIONAL SECONDARY SCHOOL,07-23-11-019
Benue,Vandeikya,Vandeikya Township,AGBO MARKET SQUARE (OPEN SPACE),07-23-11-020
Benue,Vandeikya,Vandeikya Township, OPEN SPACE NEAR BERI'S COMP.,07-23-11-021
Benue,Vandeikya,Vandeikya Township,OPEN SPACE SKILL ACQUISITION CENTRE AWAJIR,07-23-11-022
Benue,Vandeikya,Vandeikya Township,OPEN SPACE NEAR ABARI'S COMPOUND,07-23-11-023
Benue,Vandeikya,Vandeikya Township,OPEN SPACE NEAR IGBA COMP.,07-23-11-024
Benue,Vandeikya,Vandeikya Township,OPEN SPACE OPPOSITE LG SECRETARIAT,07-23-11-025
Benue,Vandeikya,Vandeikya Township,OPEN SPACE NEAR (DEC) MICROFINANCE OFFICE,07-23-11-026
Benue,Vandeikya,Vandeikya Township,OPEN SPACE HAUSA QTRS V/KYA,07-23-11-027
Benue,Vandeikya,Vandeikya Township,OPEN SPACE NEAR ANGLICAN CHURCH,07-23-11-028
Benue,Vandeikya,Vandeikya Township,OPEN SPACE BEHIND LGEA PRI. SCH. TOR,07-23-11-029
Benue,Vandeikya,Mbanyumangbagh,MARKET SQUARE - BETSE,07-23-12-001
Benue,Vandeikya,Mbanyumangbagh,MARKET SQUARE - DAGBA,07-23-12-002
Benue,Vandeikya,Mbanyumangbagh,"CLINIC PREMISES, YARKWAN LEP. CLINIC I",07-23-12-003
Benue,Vandeikya,Mbanyumangbagh,NEAR COMP. OPEN SPACE TSE GBE,07-23-12-004
Benue,Vandeikya,Mbanyumangbagh,LGEA SCHOOL PREMISES ABWA I,07-23-12-005
Benue,Vandeikya,Mbanyumangbagh,"LGEA SCHOOL, PREMISES AGWA II",07-23-12-006
Benue,Vandeikya,Mbanyumangbagh,"LGEA SCHOOL, PREMISES TSUA",07-23-12-007
Benue,Vandeikya,Mbanyumangbagh,"CLINIC PREMISES, YARKWAN LEP. CLINIC II",07-23-12-008
Benue,Vandeikya,Mbanyumangbagh,NUA NUR & PRI. SCHOOL,07-23-12-009
Benue,Vandeikya,Mbanyumangbagh,MARKET SQUARE IBI,07-23-12-010
Benue,Vandeikya,Mbanyumangbagh,LGEA SCHOOL UBA USHE,07-23-12-011
Benue,Vandeikya,Mbanyumangbagh,GBETAR MARKET SQUARE,07-23-12-012
